:020000040100F9
:10200000000004305D2000014F22000101418000EA
:102010004D220001FF210001C9370001000000002E
:1020200000000000000000000000000015418000DA
:102030004B22000100000000512200015322000148
:10204000DFF814D001F0E0F800F04EFC0048004743
:1020500071860101AFF30080000004300148804721
:102060000148004799370001698A01012DE9F05FB5
:102070000546002092469B468846064681464024F7
:102080001BE0284641464746224600F0C2FE534622
:102090005A46C01A914110D311461846224600F004
:1020A000A9FE2D1A67EB01084F46224601200021A8
:1020B00000F0A0FE17EB00094E41201EA4F1010420
:1020C000DFDC484631462A464346BDE8F09FA0F192
:1020D0004101192900D82030704700000649074AFD
:1020E0000868504343F239021044086040087047C2
:1020F0000149086070470000109600306D4EC641DF
:1021000040EA01039B0703D009E008C9121F08C079
:10211000042AFAD203E011F8013B00F8013B521EF9
:10212000F9D27047D2B201E000F8012B491EFBD270
:1021300070470022F6E710B513460A4604461946D2
:10214000FFF7F0FF204610BD421E12F8013F002BA2
:10215000FBD111F8013B02F8013B002BF9D170478C
:1021600010B5044604E00B7800F8013B03B1491CAC
:10217000521EF8D2204610BD421C10F8011B002947
:10218000FBD1801A704710B5002200E0521C835C1E
:102190008C5CA34201D1002BF8D1D8B2E1B2401A35
:1021A00010BD30B504460020034600E05B1C93429E
:1021B00003D2E05CCD5C401BF8D030BD034611F883
:1021C000012B00F8012B002AF9D11846704730B5D1
:1021D00005460020034600E05B1C934205D2EC5C00
:1021E000C85C201A01D1002CF6D130BD00487047E0
:1021F000C013020143F6512CC3F2000C6047FEE706
:1022000058585247010000001555000000200001F9
:10221000002000016EED52490101000000000000A5
:1022200000000000000000000000000000000000AE
:10223000000000000000000000000000000000009E
:1022400043F2196CC3F2000C6047FEE7FEE7FEE7BD
:10225000FEE7FEE770B500B91068002512E00B46F6
:1022600002E0A64203D05B1C1C78002CF9D1E3B23B
:102270002B4305D02CB125B1002100F8011B04E04F
:102280000546401C0678002EE9D11060284670BD36
:10229000004ADFE7149600300FB400B58DB010A9E6
:1022A00009900B9000914FF0FF300A9000200C90A5
:1022B00005480690054807906A4609A80F9900F05E
:1022C000E7FD0DB05DF814FBAD2E0001CB2E000133
:1022D0002DE9FF5F1D464FF0FF3BD5E901469146D2
:1022E0005F464FF00008A9697F1C01988847296A5A
:1022F000824688470028F6D1BAF1FF3F0CD024F47B
:10230000C064002E19DD600614D5BAF12B0F09D078
:10231000BAF12D0F0ED103E0584604B0BDE8F09F8E
:1023200044F48064A9697F1C01988847761E824620
:10233000002E02DDBAF1300F03D0B9F1000F26D024
:1023400032E0A969761E44F400747F1C0198884726
:102350008246002E05DDBAF1780F06D0BAF1580F8B
:1023600003D0B9F1000F10D01EE0B9F1000F02D078
:10237000B9F1100F18D1A969761E24F400747F1CDE
:10238000019888478246102002E0082000E00A20D9
:10239000814609E008FB0908A969761E44F4007427
:1023A0007F1C019888478246002E05DD494650462D
:1023B00000F05AFD0028EDDAE96901988847A00588
:1023C00002D46FF00100A8E7E00725D1600613D51D
:1023D000600502D5C8F1000000E0404629680A1DEA
:1023E0002A600968220501D5087015E0220701D589
:1023F000088011E008600FE02868011D296000686E
:10240000210502D580F8008006E0210702D5A0F85A
:10241000008001E0C0F8008038467EE72DE9FF5FCC
:10242000D2E901A74FF00008916999461446DDF8FA
:1024300038B0464601988847054659EA0B0005D052
:1024400009E0A169761C019888470546216A28465B
:1024500088470028F5D1681C03D05FEACA7005D010
:1024600015E04FF0FF3004B0BDE8F09F2068011D7B
:102470002160D0F800800AE05FEACA7001D108F854
:10248000015BA169761C7F1E019888470546002FD5
:102490001ADD681C18D0B9F1000F0DD0E81705EB54
:1024A000D060421120F01F0059F822102A1A012092
:1024B00090400142E0D107E0BBF1000FDCD1216A7E
:1024C000284688470028D7D0E16901988847BBF1A2
:1024D000000F07D1002E05DD5FEACA7002D100218E
:1024E00088F80010A068B84203DDBBF1000F03D0EC
:1024F00017B16FF00100B6E73046B4E72DE9FF4FA2
:10250000087883B09946FF2805D0491C2D2804D0AF
:102510000024002008E000200BE00124F9E700EB94
:10252000800003EB4000491C0B78FF2BF7D104B16E
:10253000404200230293147819461D462D2C01D0E9
:102540002B2C04D1521C2D2C13D000240294AA460B
:102550001478FF2C0FD00A25A3FB057801FB058119
:102560004FF0000C03FB0C11521CE3194AEB010164
:10257000EEE70124EAE7814453EA010002D019F5AD
:10258000C87F06DA03980021C0E9001107B0BDE852
:10259000F08F0025AE4E2F46DFF8B882184600F0C7
:1025A00059FBCDE90001B9F1000002DAC9F10004DC
:1025B00000E004460023A74A1AEB030B42EB045A3F
:1025C00012E0E00707D02A4633463846414600F07D
:1025D00042FA074688462A4633461046194600F016
:1025E0003AFA05460E466410002CEAD1DDE90001F6
:1025F000B9F1000F5A46534606DA00F09EFA3A4601
:10260000434600F09AFA05E000F025FA3A464346C0
:1026100000F021FA029A0AB181F00041039AC2E95E
:102620000001B3E72DE9FF4F1F468DB0D7E9014602
:102630004FF0FF382E2045464FF000090B90B96946
:102640006D1C0E988847396A824688470028F6D163
:10265000BAF1FF3F0AD024F4D064002E11DDBAF1A4
:102660002B0F08D0BAF12D0F0BD102E0404611B06C
:102670008DE744F48064B9696D1C0E9888478246E2
:10268000761E6946600501D52D2000E02B208DF8CF
:10269000000001F1010B0DF1200809E0B9696D1C82
:1026A0000E98884782460F9844F40074761E0560A1
:1026B000002E02DDBAF1300FF0D00B998A453ED1E1
:1026C00044F0800406E00F99681CA9F1010944F464
:1026D00000740860B9696D1C761E0E9888478246A2
:1026E0003028F0D02BE00B998A4505D1200603D481
:1026F00044F08004761E18E0504601F017FC08B341
:102700000DF11301761E44F400748B4508D2AAF132
:1027100030000BF8010B200607D5A9F1010003E0FA
:10272000200602D409F101008146A00502D50F99C7
:10273000681C0860B9696D1C0E9888478246002E97
:10274000D1DC53E0002E51DDBAF1650F02D0BAF1B1
:10275000450F4BD1A00549D5B9696D1C24F44074CF
:10276000761E0E9888478246002E0CDD2B2804D05A
:10277000BAF12D0F07D144F48074B9696D1C0E981D
:1027800088478246761EE00501D52D2100E02B21E9
:1027900008F8011BCDF82C8021E00DF12901761EEF
:1027A00044F4007488450CD2AAF1300010F0FF0008
:1027B00088F8000002D10B99884509D908F1010871
:1027C00006E0E00501D5244801E042F20F708146A1
:1027D000B9696D1C0E98884782460F980560002ED7
:1027E00004DD504601F0A2FB0028D6D1F9690E980D
:1027F0008847FF208BF8000088F800000020069032
:1028000007904B466A4608A906A8FFF777FEA00581
:1028100002D46FF001002AE714F0240F0AD0E00779
:1028200014D1DDE906123868031D3B600068C0E979
:1028300000120BE0DDE9060100F0AAFA0146E0070C
:1028400004D13868021D3A600068016028460EE72E
:10285000000014400000F03FF1D8FFFF2DE9F047E1
:1028600091460F4680460446002614F8015B2DB1C0
:10287000FFF7BCFC0068405DC007F6D12B2D02D0ED
:102880002D2D18D0641E4A463946204600F02EFBF6
:1028900027B13968A14201D1C7F8008071054FF016
:1028A00002040BD54042002803DD01F01FF904604B
:1028B000A007BDE8F08746F48066E4E70028F8DA70
:1028C00001F014F904606FF00040F2E770B50646BD
:1028D00001F00CF9046805460A2200213046FFF792
:1028E000BDFF2C6070BD000070B5054C054D03E0C8
:1028F000206820448047241DAC42F9D170BD0000FF
:10290000F0270201F42702012DE9FE4F804681EAFB
:102910000300C00F0C46009021F0004123F0004559
:10292000B8EB0200A94105D24046214690461C461C
:102930000B46024623F00040104347D0270DC7F353
:102940000A00C3F30A510290401A019040286BDA42
:10295000C3F3130040F4801B0098924620B100237B
:10296000D2EB030A63EB0B0B01985946C0F140020E
:10297000504600F03FFA06460D4650465946019A29
:1029800000F057FA10EB08006141002487EA115269
:1029900084EAE7731A4340D0009A62B3019A012A8D
:1029A0004FEA075215DC001B61EB02014FF00042B9
:1029B00002EA0752CDE90042001C41F5801132467F
:1029C0002B4600F077FB03B0BDE8F08F4046214670
:1029D000F9E7001B61EB0201001C41F580130018B0
:1029E0005B412018A2F5001747EB030140EAD570C0
:1029F000B6196D4111E06D084FEA360645EAC0751B
:102A00004FEA0752001B61EB0201001C41F58011E7
:102A100049084FEA30000019514132462B4603B0B5
:102A2000BDE8F04F00F037BB0098012240000023C2
:102A3000D0EB020263EBE073009821464FEAE074AA
:102A4000B8EB000061EB0401E9E783F000435BE7CA
:102A500081F0004158E72DE9FE4F81EA030404F0BC
:102A6000004421F0004100944FF0000B23F000439C
:102A700050EA01045ED052EA03045BD0C3F30A5467
:102A8000C1F30A552C44A4F2F3340194A0FB025480
:102A9000C1F3130141F48011C3F3130343F4801312
:102AA00001FB024400FB034E840A970A44EA815466
:102AB00047EA8357A4FB076802958D0A05FB078543
:102AC0004FEA932C04FB0C542705029D4FEA06584D
:102AD00047EA1637B5EB08056EEB070C870E920E2A
:102AE00047EA811742EA8312A7FB0201B6EB0B010A
:102AF00064EB00042B0D43EA0C335E1844EB1C50CE
:102B0000DA465146E7FB0201C5F313044FEA0B33E3
:102B100043EA14534FEA0432019C43EA0603A4F14A
:102B20000C040294009CCDE900B400F0C3FA03B099
:102B3000BDE8F08F00200146F9E72DE9F04D81EA6C
:102B4000030404F0004B21F0004514464FF0000A46
:102B500023F0004150EA050220D054EA01021DD0C2
:102B6000C5F30A570246C5F31303C1F31300C1F3BB
:102B70000A5640F4801543F48013A7EB0608101B97
:102B8000D64608F2FD3873EB050002D308F10108C0
:102B900001E092185B41B8F1000F03DA0020014612
:102BA000BDE8F08D00204FF48011064684460EE00B
:102BB000171B73EB050705D3121B63EB05030643D5
:102BC0004CEA010C49084FEA300092185B4150EA88
:102BD0000107EDD152EA030012D082EA040083EA31
:102BE0000501084305D0101BAB4106D2012200238A
:102BF00006E000224FF0004302E06FF001025310A4
:102C00001AEB06004CEB085110EB0A0041EB0B01EC
:102C1000BDE8F04D00F03FBA0EB5C10F80EAE0709C
:102C20000844CA07002140F233438DE80E000A46EB
:102C30000B4600F03FFA03B000BD0EB540F2334141
:102C400002910021CDE900110A460B4600F032FA4C
:102C500003B000BD0EB540F2334202920022CDE92E
:102C60000022134600F026FA03B000BD20F0004019
:102C7000C20DC0F3160040F400007F2A02DA0020E3
:102C8000014670470021962A03DCC2F19602D0402B
:102C90007047963A00F0AEB870B5C1F30A5201F031
:102CA00000450024C1F3130140F2FF3341F48011C9
:102CB0009A4201DA002070BD40F233439A42A2F2F8
:102CC000334203DC524200F0A4F800E090402C4371
:102CD000F1D0404270BDC1F30A5210B5C1F31301E7
:102CE00040F2FF3341F480119A4201DA002010BD16
:102CF00040F233439A42A2F2334203DC524200F0E4
:102D000088F810BD904010BD00F0004230F0004047
:102D10000AD0C10D01F56071C0F3160042EA0151FD
:102D2000C208400711437047002001467047000069
:102D300030B5041E71F1000404DB4FF00044404242
:102D400064EB0101141E73F1000405DB1C464FF017
:102D50000043524263EB04038B4208BF824230BD02
:102D600030B5041E71F1000404DB4FF00044404212
:102D700064EB0101141E73F1000405DB1C464FF0E7
:102D80000043524263EB0403994208BF904230BDB6
:102D900001F0004330B421F0004150EA010206D0B6
:102DA0000A0DA2F56072C1F31301002A02DC30BCE7
:102DB00000207047440F44EAC104C100E01830BC51
:102DC00000EBC25000F030B930B50B460146002090
:102DD0002022012409E021FA02F59D4205D303FADD
:102DE00002F5491B04FA02F52844151EA2F101025E
:102DF000F1DC30BD202A04DB203A00FA02F1002089
:102E000070479140C2F1200320FA03F31943904028
:102E10007047202A04DB203A21FA02F00021704793
:102E200021FA02F3D040C2F1200291400843194632
:102E30007047202A06DBCB17203A41FA02F043EA1A
:102E4000E07306E041FA02F3D040C2F12002914063
:102E500008431946704710B50446FFF7C7F90068E4
:102E6000005D00F0010010BD3A2800D2303820F09B
:102E70002002412A01D3A2F13700884201D34FF04A
:102E8000FF3070470268114413780160184670479C
:102E9000D160044951610449116200211161114658
:102EA00000F0C4B9852E0001572E0001426842B1DE
:102EB000016811F8013B23B1521EC0E90012184607
:102EC00070470121C160881E704742685AB1C368CB
:102ED000016843B983688B4205D0491E521CC0E982
:102EE0000012002070474FF0FF3070472DE9F05F6F
:102EF00082460078002715468B460AF10104B94640
:102F0000302801D09DB113E014F8010B0127782877
:102F100003D0582801D045B10AE00DB1102D07D1DA
:102F20000027102514F8010B02E0082500E00A250F
:102F30000026B0460EE005FB080005FB06F1012760
:102F400001EB10461FFA80F8B6F5803F00D3B94672
:102F500014F8010B2946FFF787FF0028EBDABBF1D5
:102F6000000F05D00FB1641E00E05446CBF80040BE
:102F7000B9F1000F06D000F0B9FD02210160C81EB2
:102F8000BDE8F09F48EA0640FAE700000FB40023CE
:102F900000B589B00CA900910B996FF00042CB608D
:102FA0001E4B06931E4B07930423CDE901321D4AA5
:102FB000089202466B460020FFF734FB09B05DF82B
:102FC00014FB70B586B006464FF0FF300091CDE996
:102FD0000101002015460C4604903246694604A8BB
:102FE000FFF7D4FF02460498211825B108B108461E
:102FF00000E020462860049800280DD0002A02DD59
:103000000098884208D0081B0094CDE9010432469C
:10301000694604A8FFF7BAFF06B070BDAD2E0001E7
:10302000CB2E0001572E00010029A8BF7047401C7D
:10303000490008BF20F00100704710B4B0FA80FCCE
:1030400000FA0CF050EA010404BF10BC704749B10B
:10305000CCF1200421FA04F411FA0CF118BF01217B
:1030600021430843A3EB0C01CB1D4FEA00614FEA5B
:10307000102042BF002010BC704700EBC35010442A
:103080000029A4BF10BC7047401C490008BF20F0B5
:10309000010010BC704710B5141E73F1000408DA6B
:1030A000401C41F1000192185B411A4301D120F00C
:1030B000010010BD2DE9F04D92469B4611B1B1FAC9
:1030C00081F202E0B0FA80F220329046FFF792FEE1
:1030D00004460F4640EA0A0041EA0B0153465A46AD
:1030E000084313D0114653EA010019D0C8F1400239
:1030F0005046FFF78EFE05460E465046594642465C
:10310000FFF778FE084305D0012004E02046394649
:10311000BDE8F08D0020054346EAE0762C433743B6
:103120000A986305E40AA0EB08000022FD0A44EABD
:1031300047540A3002D500200146E9E7010510197D
:103140006941DDE9084500196941BDE8F04DA2E794
:103150002DE9F041054621F000400C46284309D0F6
:10316000C4F30A5040F23341884205DD2846214627
:10317000BDE8F0812846FBE740F2FE31884210DCD2
:103180000CDB4FEA043040EA155050EA053105D017
:10319000104804F0004101430020E9E70020014607
:1031A000E6E7A0F233404642C6F1400228462146F7
:1031B000FFF720FE07468846284621463246FFF79D
:1031C00028FE43463A46FFF766FF3246BDE8F04127
:1031D000FFF710BE0000F03FC1F30A52C1F3130124
:1031E00040F2FF3341F480119A4202DA0020014696
:1031F000704740F233439A42A2F2334202DC524219
:10320000FFF707BEFFF7F6BD064C074D06E0E06886
:1032100040F0010394E8070098471034AC42F6D31D
:10322000FEF712FFA0270201F02702012DE9F34F5C
:103230008BB04FF0000801F10C000C464FF0010B71
:1032400046460DF1080A01906269012101989047F4
:10325000051E2DD0252D2CD0216A8847C0B162696A
:10326000012101989047216A88470028F7D1411E23
:1032700062690198904700E0761CA1690B98884725
:10328000216A88470028F7D1E1690B988847DBE776
:10329000A1690B9888470746A84201D1761CD3E75D
:1032A000E1690B9888477F1C02D1B8F1000F6FD0FD
:1032B00047E1002762693D463946019890472A2830
:1032C00004D162690121019890470125DFF88892B5
:1032D0006269012101989047A0F130010A290AD2C0
:1032E0004F45E5DC07EB870100EB4107303FDFD4BA
:1032F00045F01005ECE7E90601D46FF000476C28B3
:103300000AD04C2814D0682815D06A280DD074280B
:103310001CD07A281AD01DE06269012101989047DB
:103320006C2802D045F0040514E045F002050DE0DC
:1033300045F020050AE0626901210198904768285C
:1033400002D045F0080505E045F4006562690121F9
:1033500001989047C4E9015765283DD019DC5828E9
:103360007AD00CDC452837D004DC252826D041282B
:1033700031D131E046282FD047282CD12CE05B28D2
:1033800077D0612828D063287CD0642823D15AE0E4
:10339000D1E06F2848D008DC66281DD067281BD0F4
:1033A000692821D06E2816D127E0702845D07328CF
:1033B00068D0752847D078280DD14DE0A1690B98C9
:1033C0008847054625283FF469AFE1690B9888478F
:1033D0006D1C3FF46AAFB4E023466A466FF001000B
:1033E0000B99FFF71FF99FE045F040006060A807C8
:1033F00023464FF0000236D43EE0E8077FF447AFA3
:103400002068011D21600068290501D506701BE7B1
:10341000290701D5068017E7A90703D5F117C0E9E9
:10342000006111E706600FE745F040006060A80703
:1034300023464FF0080216D41EE040F60E0125EA9E
:103440000100606016E045F040006060A807234678
:103450004FF00A0207D40FE045F040006060A80773
:1034600008D5234610226FF001000B99AFF30080BE
:103470005AE007E0234610226FF001000B99FEF797
:1034800027FF51E04FF000094F464B46632802D01A
:103490005B2807D041E02079C00601D40120A0605C
:1034A00001273AE062690121019890475E2805D121
:1034B0004FF001096269494601989047216939B97D
:1034C00000210A46534643F82120491C0829FADB0B
:1034D000B0B3216969B9C11700EBD16253110AEB8E
:1034E000830122F01F02821A01200B6890400343DF
:1034F0000B6062690121019890475D28E8D1B9F11C
:10350000000F09D00020514651F82020D24341F845
:103510002020401C0828F7DB02AB224600976FF002
:1035200001000B99FEF77AFF00280CDA401C08D145
:10353000BBF1000F05D04FF0FF300DB0BDE8F08FAC
:10354000FFE74046F9E7E90701D108F10108064421
:103550004FF0000B78E60000CCCCCC0C70B58C188A
:1035600010F8015B15F0070301D110F8013B2A1197
:1035700006D110F8012B03E010F8016B01F8016B84
:103580005B1EF9D12B0705D40023521E0DD401F880
:10359000013BFAE710F8013BCB1A921C03E013F849
:1035A000015B01F8015B521EF9D5A142D8D300207E
:1035B00070BD000010B51E480068002800D080478C
:1035C0001C4800210170881E1B490860192000F06A
:1035D0008EF91A4CD4F8C002800704D4F42218A142
:1035E0001CA005F479F02A480168D4F8C40261F3FC
:1035F0001D3040F00100C4F8C40204F489F1002138
:103600004FF03040C1608161C1174161016204F433
:103610003BF109484038016821F4800101601D48F0
:103620000068002802D0BDE81040004710BD00002F
:10363000602480001C95003044C500A000E000A07C
:10364000727769705F736C6565705F636F6D6D6FC6
:103650006E2E63004D43555F5355422D3E424C45FF
:103660005F44534C4545505F434F52525F454E2097
:1036700026204D43555F5355425F424C455F4453AE
:103680004C4545505F434F52525F48575F454E008F
:10369000542480006424800010B500214FF0304095
:1036A000C1608161C11741610162022000F04AF9E5
:1036B000BDE81040012000F045B910B5012000F030
:1036C00016F9BDE81040012000F03CB930B500F01B
:1036D0000703C3F10704082C00D9082403F10800EC
:1036E000072801D2002300E05B1C012505FA04F045
:1036F000401E084098409D406D1E1540284330BD37
:1037000004F4ECB70249096801F007010170704741
:1037100004C500A030B4062821D212490A6802F07C
:103720000702824212D00A680F4B1A400F4C224304
:103730000A6000BF00BF00BF00BF0A681A400C4B00
:10374000024333F8203042EA83420A6008491839BC
:1037500051F820000749886030BC75F44B9430BCA8
:103760007047000004C500A0F8FFE3FF0500080053
:1037700084FD01010089003004480068044900F01C
:10378000070051F8200003498860704704C500A075
:103790006CFD0101008900300248016841F47001AC
:1037A0000160704788ED00E002480068001D04F4E5
:1037B00097B70000CC8A003002484068001D04F42E
:1037C0008FB70000CC8A0030FEE700000FB4054B35
:1037D00010B503A9044A029800F0B0FB10BC5DF8D4
:1037E00014FB0000F1F50001F88A00300FB47CB53D
:1037F0000C0009AD01D0611E00E00021CDE90001FF
:10380000064B6A462946089800F098FB002C02D027
:10381000009A002111707CBC5DF814FB4346000146
:103820000FB4084B10B504A902AA039800F086FB58
:10383000044602A9002000F00FFF204610BC5DF8EE
:1038400014FB0000594600017CB50C001D461646CD
:10385000014601D0601E00E00020CDE90010064BBB
:103860006A462946304600F069FB002C02D0009AD7
:10387000002111707CBD00004346000137B514469D
:103880000846064B6A46214600F058FB0446694646
:10389000002000F0E1FE20463EBD00005946000138
:1038A000002809DB00F01F0201219140400980003F
:1038B00000F1E020C0F880127047002809DB00F01A
:1038C0001F02012191404009800000F1E020C0F872
:1038D00080127047002809DB00F01F02012191408F
:1038E0004009800000F1E020C0F8801270470028F5
:1038F00009DB00F01F02012191404009800000F126
:10390000E020C0F880127047002809DB00F01F0299
:10391000012191404009800000F1E020C0F88012B0
:10392000704700280DDB00F01F0201219140400983
:10393000800000F1E020C0F88011BFF34F8FBFF38B
:103940006F8F704700280DDB00F01F0201219140AE
:103950004009800000F1E020C0F88011BFF34F8FD4
:10396000BFF36F8F7047002809DB00F01F020121B1
:1039700091404009800000F1E020C0F8001170473C
:10398000002809DB00F01F0201219140400980005E
:1039900000F1E020C0F80011704700280FDB41095A
:1039A000890001F1E021D1F8001200F01F0201208E
:1039B0009040014201D00120704700207047002054
:1039C000704700280FDB4109890001F1E021D1F89F
:1039D000001200F01F0201209040014201D001209E
:1039E0007047002070470020704700280FDB410916
:1039F000890001F1E021D1F8001200F01F0201203E
:103A00009040014201D00120704700207047002003
:103A10007047002804DB00F1E02090F800047047B4
:103A200000F00F0000F1E02090F8140D704700281E
:103A300004DB00F1E02090F80004704700F00F0074
:103A400000F1E02090F8140D7047002804DB00F12D
:103A5000E02090F80004704700F00F0000F1E02033
:103A600090F8140D7047000002480068C0F302206F
:103A7000704700000CED00E002480068C0F302202F
:103A8000704700000CED00E002480068C0F302201F
:103A9000704700000CED00E0002809DB00F01F0279
:103AA000012191404009800000F1E020C0F800129F
:103AB0007047002809DB00F01F02012191404009F6
:103AC000800000F1E020C0F800127047C9B2002861
:103AD00004DB00F1E02080F80014704700F00F00D4
:103AE00000F1E02080F8141D704700000048704786
:103AF0002096003030B528B1144C031F00202168F7
:103B00000A4605E0084630BD9A4203D8104652687E
:103B1000002AF9D1002800D041680BD00468A3EB3B
:103B20000005A54204D11B681C440346046002E062
:103B3000436000E023603AB11C68D51AA54203D166
:103B400015682C441C6052685A6030BD18960030CD
:103B5000EFF310807047000030B583B0044600F0EA
:103B6000CFF89FED090B05468DED000B0022214695
:103B70006846FFF726FA284600F010F99DED000B85
:103B800003B030BD00000000000000000000000095
:103B90002DED020B019820F0004001909DED000BEF
:103BA00002B070470000000010B52DED020B2DEDA6
:103BB000088B84B09DED0C0B51EC100BFFF7C8FA8D
:103BC00041EC180B9DED0C0B53EC182B51EC100B2A
:103BD000FEF73BFF41EC190B0D989FED290B10F000
:103BE000004F53EC102B51EC190B9FED21AB9FEDC7
:103BF00022BB0ED0FFF79CF80ED953EC1B2B51ECD7
:103C0000190BFFF7ADF81CD214E000BF41EC180B04
:103C100017E0FFF78DF806D253EC1A2B51EC180B76
:103C2000FEF713FFF2E753EC1B2B51EC190BFFF7D8
:103C300097F806D853EC1A2B51EC180BFEF764FEDC
:103C4000E4E78DED028B9DED0C0B18EE901A10EE53
:103C5000900A8DED000B61F31E0003909DED020BA9
:103C600004B0BDEC088B02B010BD000000000000E5
:103C7000000000000000F03F000000000000E03FF6
:103C8000000000000000E0BF00B583B09FED060B10
:103C90000A4601468DED000B6846FFF792F99DED4F
:103CA000000B03B000BD0000000000000000000099
:103CB0002DE9F04782460F4C10480D4E0E4F001B69
:103CC0004FF0000820F007054FF0010900221146CF
:103CD000504611F035FA002802D1306810B10020AA
:103CE000BDE8F0873C60C4E90058C6F80090EDE7F5
:103CF0001C96003004B003301896003000C003302A
:103D00000148006870470000209600302DE9F04718
:103D100004008A4616D054F8047CD4F800903E1F64
:103D2000564500D956462046FFF7E4FE054688462C
:103D300032462146504611F003FA40B1C0F80090D7
:103D4000BDE8F087BDE8F0470846FFF7B1BF44E99A
:103D5000017955B129686A18211F8A4202D9611B6D
:103D6000091F2960C5F80480EAE7024AC2F800800A
:103D7000E6E700001896003002E008C8121F08C1EC
:103D8000002AFAD170477047002001E001C1121FDC
:103D9000002AFBD1704780F3108870470149086002
:103DA00070470000209600302DE9FF5F82B00021AF
:103DB000DDE90430020DDDF840B0034318D044F6CD
:103DC0001050A2F2FF3242431514119801281FD05F
:103DD000A5EB0B00401C5FEA000A4FF000064E4FB7
:103DE000DFF83891B046504615D5CAF1000413E00B
:103DF000119801244AA3012801D16FEA0B0102980E
:103E0000119AC0E90031C0E9024206B0BDE8F09F56
:103E1000CBF10000DFE704460021404A491842EB9D
:103E20000450CDE9001012E0E00707D032463B46CF
:103E300040464946FEF70FFE8046894632463B46DD
:103E400010461946FEF707FE06460F466410002C82
:103E5000EAD1DDE90401DDE90023BAF1000F06DA59
:103E6000FEF7F9FD42464B46FEF7F5FD05E0FEF78D
:103E700064FE42464B46FEF760FE04460E460022B4
:103E8000284BFEF76DFF03D84FF0FF30014607E0E7
:103E90000022254B20463146FEF736FDFFF79CF900
:103EA000102409E0002C0ADB0A220023FEF7DEF8CA
:103EB000039B30321A55641E50EA0102F2D1641C91
:103EC000039AC4F111031444119A012A03D0012268
:103ED00008430DD10AE0084304D000204FF0110B35
:103EE000119072E7A3EB0B056D1E0DE05B4504DD41
:103EF0004FF0000205F1010504E003DA4FF0000283
:103F0000A5F10105002AECD002981199C0E902310F
:103F1000C0E9004579E70000000014400000F03FD0
:103F2000300000000000F0430000E03F30380A2875
:103F300001D2012070470020704700002DE9FF4F9B
:103F400095B09A46884606460025EEE1252877D1A9
:103F500000242746F94A0121039400E0044316F89F
:103F6000013F203B01FA03F01042F7D130782A28B4
:103F700011D06FF02F033078A0F13002092A16D843
:103F8000039A44F0020402EB820203EB4202104463
:103F9000761C0390EFE758F8042B0392002A03DA0B
:103FA000504244F40054039044F00204761C3078EC
:103FB0002E2816D116F8010F44F004042A280DD03B
:103FC0006FF02F023078A0F13003092B09D807EBEE
:103FD000870302EB4303C718761CF3E758F8047B0A
:103FE000761C30786C280FD006DC4C2817D0682857
:103FF0000DD06A2814D104E0742810D07A280FD18B
:104000000DE044F400140AE044F4801401E044F4A8
:1040100040147278824202D104F58014761C761C1A
:10402000307866280BD013DC582877D009DC0028BC
:1040300075D04528F6D04628F4D047281AD193E108
:1040400018E0632835D0642879D0652812D18BE137
:10405000702873D008DC6728F1D069286FD06E28EB
:104060000DD06F2806D1ACE073282CD0752874D001
:10407000782853D05246179990476D1C54E1C4F3E9
:104080000250022809D003280DD0D8F800100428C7
:104090000DD00D6008F1040846E1D8F80010EA17C9
:1040A000C1E90052F6E7D8F800100D80F2E70D7074
:1040B000F0E718F8041B8DF8001000208DF80100BF
:1040C000EB46012003E058F804BB4FF0FF306107D6
:1040D0004FF0000102D40DE009F101018946B94217
:1040E0000FDA8145F8DB1BF809100029F4D108E04C
:1040F00009F1010189468142FADB1BF80910002908
:10410000F6D103985346A0EB090721463846179A83
:1041100000F080FA284400EB090507E044E008E1DC
:104120000DE01BF8010B524617999047B9F10109B0
:10413000F7D2534621463846179AF2E039E00A2171
:10414000C4F302524FF0000B0091022A06D058F837
:10415000040BC117032A09D00AE023E008F1070085
:1041600020F00702F2E80201904605E000B2C11714
:10417000042A01D140B2C117002906DA0A460021FB
:10418000404261EB02012D2202E0220504D52B22E0
:104190008DF80420012203E0E20701D02022F7E796
:1041A000914657E00A2100E010214FF0000B0091EA
:1041B0000BE010214FF0000B44F00404082700919D
:1041C00003E008204FF0000B0090C4F30252022AD3
:1041D00005D058F8040B0021032A08D008E008F1A4
:1041E000070020F00702F2E80201904603E080B2E7
:1041F000042A00D1C0B24FF0000922072AD5327834
:10420000702A07D0DDF800C08CF0100C5CEA0B0CB3
:1042100005D00EE040228DF80420012208E050EA8B
:10422000010306D030238DF804308DF805200222DA
:104230009146009B83F0080353EA0B030AD150EA2E
:10424000010201D1620705D530228DF804204FF01C
:1042500001097F1E3278582A04D039A20C920CAA88
:1042600002920BE03BA2F9E75B46009AFDF7FEFEE7
:104270000C9B9B5C029A521E0292137050EA010240
:10428000F2D1029804A9081A00F1200B600702D5A8
:1042900024F4803400E001275F4502DDA7EB0B002A
:1042A00000E0002000EB0B01009003984944401A05
:1042B0000390E00306D453462146179A039800F072
:1042C000A9F90544002706E001A85246C05D1799E8
:1042D00090476D1C7F1C4F45F6DBE0030CD5534621
:1042E0002146179A039800F095F9054404E0302020
:1042F0005246179990476D1C0099481E009000295E
:10430000F5DC08E00298029952460078491C0291B7
:10431000179990476D1CBBF10001ABF1010BF1DC6B
:104320005BE100F065F90544761C307800287FF4E5
:104330000DAE19B02846BDE8F08F00000928010035
:10434000303132333435363738396162636465660B
:1043500000000000303132333435363738394142CD
:104360004344454600000000600700D4062708F1DA
:10437000070020F00700F0E80223804603F0004C1D
:104380005FEA0C0001D097A009E0200501D596A0B6
:1043900005E0E00701D095A001E0AFF24C001390DA
:1043A000307823F0004365280CD006DC452809D07E
:1043B00046281DD047287FD13BE0662818D06728C3
:1043C0007AD136E00021112F01DB112000E0781CAA
:1043D000CDE9000104A90CA8FFF7E6FCDDE90D0119
:1043E0000C9A4FF0000B07F10109109200914EE07A
:1043F0004FF000400097CDE9011004A90CA8FFF789
:10440000D3FCDDE90D020C9B0F994FF0000B914698
:104410001093009211B9791C00EB0109B7EB090068
:1044200003D4C0F1FF3B07F10109A9EB070001909C
:1044300042E0012F00DA01270021112F01DD1120B8
:1044400000E03846CDE9000104A90CA8FFF7ACFC58
:10445000DDE90D010C9A00914FF0000BB946109266
:1044600021070FD4009A4A4503DA914601E0A9F1E9
:104470000109B9F1010F05DD109AA9F10101515CA3
:104480003029F4D0B84202DA10F1040F03DA012126
:10449000CDE9011010E0002803DC8344A9EB000102
:1044A00002E0411C494500DD8946A0EB0B00401CA1
:1044B00001904FF000400290200705D40198484534
:1044C00002DB4FF0FF30019000208DF84B00029886
:1044D0000DF14B07B0F1004F25D002200C902B209E
:1044E0000D90029800280CDA404202902D200D9089
:1044F00007E00A210298FEF767FC3031029007F8C6
:10450000011D0C99481E0C900029F2DC029800282D
:10451000EFD1791E0D980870307800F0200040F03F
:10452000450007F8020D11A8C01BC01D029013988A
:10453000007800B1012000EB0901019801EBE07166
:10454000029801440398401A401E0390E00306D4E9
:1045500053462146179A039800F05CF805441398D7
:10456000007818B15246179990476D1CE00323D587
:1045700053462146179A039800F04CF805441BE077
:10458000BBF1000F07DB0098584504DD1098179920
:1045900010F80B0001E0179930205246904701981F
:1045A0000BF1010B401E05F10105019004D12E20F5
:1045B0005246179990476D1CB9F10001A9F1010904
:1045C000DEDC05E017F8010B5246179990476D1C89
:1045D0000299481E02900029F4DC53462146179A9E
:1045E00003989EE62D0000002B0000002000000034
:1045F0002DE9F041044600251E461746880404D4E0
:1046000005E039462020B0476D1C641EF9D52846C8
:10461000BDE8F0812DE9F041044600251E46904694
:10462000C80301D5302700E02027880404D505E021
:1046300041463846B0476D1C641EF9D52846BDE892
:10464000F0814A68002A06D00A68531C0B6010707B
:104650004868401E486070470A68531C0B60107021
:10466000704700002DE9F05F0746894693464FEA00
:104670005B04A2464D465F4EDFF87C81EFF310806D
:10468000012181F31088D8F8A41221F02001C8F884
:10469000A41280F31088EFF31080012181F31088B9
:1046A000D8F8A01221F02001C8F8A01280F31088D9
:1046B000306820F080403060504830603F20D8F8AB
:1046C000001160F30501C8F80011306820F4601093
:1046D00040EAC7403060306820F4E02040EA0740FC
:1046E0003060052F03D1306840F400403060062F61
:1046F00003D1306840F480403060306840F40050AE
:104700003060306820F060503060306820F00F007A
:1047100040F003003060EFF31080012181F3108836
:10472000344A3832116821F0E04141F08041116093
:1047300080F31088306840F08040306001E0D8F8A5
:104740000000D8F80401C0F300200028F7D1EFF3EF
:104750001080012181F31088116841F0004111603F
:1047600080F3108834E000204FF47A711AE0884218
:1047700017D9306820F080403060306840F0004049
:104780003060306820F00040306010F0EFFF1C48CF
:104790000168491C016054464D46052077F42FD22C
:1047A0006CE7401CD8F80421C2F30022002ADED0B6
:1047B000D8F8040100F07F01A14200D92146002071
:1047C00003E0D8F8002004C5401C8842F9D3641ADD
:1047D000002CC8D15FEACB7008D0D8F80401C0F330
:1047E00000200028F9D0D8F800002880BDE8F05F4C
:1047F00010F0BCBF08C500A000E000A00A07080731
:104800004095003070B505460C46002C02D00DB125
:10481000A54201D1002070BDA86840B1406820B118
:10482000214618F021FFA8684460012070BDAC60EB
:10483000646000202060F8E72DE9F0410746084653
:10484000069914469846002F03D010B10CB1A74228
:1048500002D10020BDE8F08131B109F0C3FB05466B
:10486000E06840F4007607E0414609F033FB054676
:1048700095B1E06820F40076A089800504D4206A10
:1048800010B1D8F8041088472562E6602146384602
:10489000BDE8F041FFF7B6BF0020DBE72DE9F041AE
:1048A00007460E464FF000080024274D0BE004EBAE
:1048B000C40005EB8000801C07223946FDF771FC1F
:1048C00040B1641CE4B22878A042F0D8B8F1000FDF
:1048D00018D102E04FF00108F8E728780A21B0FB70
:1048E000F1F201FB12040A2801D2401C287004EBEB
:1048F000C40105EB81003968C0F80210B988C18095
:10490000B97901722B7811A21021002003F4EAF684
:10491000307800070BD504EBC40005EB800006F1EE
:104920004601BDE8F0410A301C22FDF7E9BB04EB6B
:10493000C40005EB800006F12A01BDE8F0410A3011
:104940001C22FDF7DDBB0000D4550130523A313A4C
:10495000616464206C746B206974656D2C206E75C5
:104960006D203D2025640A007FB5044686A140F2F3
:104970002F4281A0CDE90021CDE90204904B91A204
:1049800097A1022000F07CFD0126974D012C22D03A
:10499000022C7DD0032C7CD0042C7BD093A140F240
:1049A0008E4275A0CDE90021CDE90204844B85A299
:1049B0008BA1002000F064FD93A14FF492626EA0E1
:1049C000CDE90021CDE902047D4B7EA284A1012026
:1049D00000F056FD7FBDC4218348FDF7AAFB05F812
:1049E0006C4F6E7094A140F23A42CDE9002162A072
:1049F0000290734B73A27AA1022000F041FD9BA4A8
:104A00009EA140F23E425CA0CDE90021CDE9020426
:104A10006B4B6CA272A1022000F032FD2046FDF724
:104A2000ABFB81B2204619F06DFC4FF4FA763046AC
:104A300077F4E0D095A491A140F243424EA0CDE995
:104A40000021CDE902045E4B5EA265A1022000F0C8
:104A500017FD2046FDF790FB81B2204619F052FC6D
:104A6000304677F4C7D08EA484A14FF4896242A067
:104A7000CDE90021CDE90204514B52A258A10220F8
:104A800000F0FEFC2046FDF777FB81B2204602E0F5
:104A90001EE052E060E019F035FC304677F4AAD011
:104AA00040F2DC5077F4A6D06878002892D0804994
:104AB00040F25242CDE900212FA00290404B41A28A
:104AC00047A1012000F0DCFCBDE87F4009F08CBA72
:104AD000C4214548FDF72DFB05F86C4F6E7075A499
:104AE0002046FDF749FB81B2204619F00BFCC82097
:104AF00077F480D06AA42046FDF73EFB81B22046C1
:104B000019F000FCC82077F475D04FF47A7077F470
:104B100071D068780028C9D06A4940F26E42CDE968
:104B2000002115A00290264B26A22DA1012000F005
:104B3000A7FCBDE87F4009F057BA204605F028FEE3
:104B40000446002CB2D0204607F0CEFD04B020462B
:104B5000BDE87040FEF7CEBF204605F019FE0446C2
:104B6000002CA3D0204607F0BFFD04B02046BDE8CE
:104B70007040FEF7BFBF00005B34475F50524F5498
:104B80004F434F4C5D000000257320416E616C79EE
:104B90007A696E6720717565727920747970652005
:104BA000256420616E642073656E64696E6720738E
:104BB0007570657220636F6D6D616E64000000003A
:104BC000C30202012E2E5C5372635C757365725CC6
:104BD000626C655F70726F746F636F6C2E63000040
:104BE0004E4F5F5441470000E44C0130257320557F
:104BF0006E6B6E6F776E2071756572792074797047
:104C0000653A202564000000257320415420666128
:104C10006C6C6261636B2064697361626C65642CA7
:104C20002069676E6F72696E672071756572792091
:104C30007479706520256400257320537461727443
:104C4000696E672064657669636520696E666F20AA
:104C500071756572792077697468207375706572F3
:104C600020636F6D6D616E647300000061646D6937
:104C70006E41542B494D45493F0D0A002573205381
:104C8000656E64696E673A202573000061646D6922
:104C90006E41542B49434349443F0D0A0000000034
:104CA00061646D696E41542B4750533F0D0A0000FB
:104CB000641C020161646D696E41542B4353513F82
:104CC0000D0A0000AC1C02010449896B084004492C
:104CD0000A78104300220A7070470000002001A0EB
:104CE0005C9100300C4900280BDC0868C0F34120BF
:104CF000012805D0086820F4C06040F40070086006
:104D000070470A28FCDB086810F4C06FF8D0086808
:104D100020F4C060086070470CC500A02DE9F04188
:104D200006460F46154672B63846FDF725FA402866
:104D300001D9402002E03846FDF71EFA8046304691
:104D4000FDF71AFA402801D9402002E03046FDF76D
:104D500013FA04469C211048FDF7EBF94246394608
:104D60000D48FDF7CDF90C48224631465C30FDF781
:104D7000C7F909484FF0AA31016445644FF0BB31CF
:104D800081644FF0CC3101654FF0DD318165002049
:104D900000F004F8FEE700008C9E003030B5ADF264
:104DA0000C4D04464FF4806103A8FDF7C2F9194D7C
:104DB000202085F83F0085F89B003CB12846012C57
:104DC000436DC26C09D0022C0CD00FE0114A12A125
:104DD0005C3203A8FEF724FD08E012A103A8FEF749
:104DE0001FFD03E017A103A8FEF71AFD03A90CA2FB
:104DF000686CCDE90121009019A3064A19A1002091
:104E000000F03EFB012C01D000F012FB0DF20C4D26
:104E100030BD00008C9E00305B4552524F525D20E9
:104E2000257300005B5741524E494E475D2050614B
:104E300072616D303A25642C506172616D313A2592
:104E4000640000005B504152414D5D205061726131
:104E50006D303A25642C506172616D313A256400E1
:104E6000000000006170705F6173736572742E637F
:104E700000000000014876F4FF940000DC8A003056
:104E80002DE9F04106460F4690461D4672B6404653
:104E9000FDF772F9402801D9402002E04046FDF7B5
:104EA0006BF904469C210D48FDF743F92246414623
:104EB0000A48FDF725F909484FF05531016445646A
:104EC0004FF066318164C6644FF077310165476504
:104ED000C94381650220FFF761FFFEE78C9E003029
:104EE0002DE9F04106460F4690461D464046FDF727
:104EF00043F9402801D9402002E04046FDF73CF943
:104F000004469C210D48FDF714F9224641460B4802
:104F1000FDF7F6F809484FF0113101644564490086
:104F20008164C6644FF03331016547654FF0443109
:104F30008165BDE8F0410120FFF730BF8C9E003055
:104F4000082801D30020704700EB4001044800EB23
:104F50004110017809B1001D704700207047000022
:104F6000449600302DE9F0470546894600244FF06D
:104F7000FF3846464FF0010A002D16D03349032072
:104F800018F06AFB287990B1012810D002280ED0C1
:104F900003280CD004280AD0052808D0062806D0FB
:104FA000072804D04046BDE8F087E520FBE7EFF393
:104FB0001082012181F31088254F04EB440107EB97
:104FC00041110B7813B10B7983420DD104EB4400EE
:104FD00007EB401090F82D00022803D026B20120E4
:104FE000087004E0082402E0641C082CE5D382F376
:104FF0001088082C23D200220321164815F0B0FD9A
:1050000004EB440107EB41142879207104F10800F6
:10501000242205F10801FDF773F80F4860630F487B
:10502000E06300202064C4F85C90032003F45CF388
:10503000032003F45BF3201D0EF000F88246BAF162
:10504000000F00D046463046ADE70000B142800078
:10505000449600309CFD010189F1000111F100012D
:105060003EB504464FF400711A48FDF762F8207807
:1050700010B1012819D01DE000211748A28830F88E
:1050800031309A4207D100EBC10014A143681148A6
:10509000FEF7C6FB0EE02E2902D0491CC9B2EEE78E
:1050A00014A10C48FEF7BCFB04E01DA1094862688E
:1050B000FEF7B6FB074921A22069CDE90121009046
:1050C000D4E902231EA1002000F0DAF9BDE83E4039
:1050D00000F0C2B9289F00307CFE01014572726F5A
:1050E0007220636F6465203078253034583A20256B
:1050F000730000004572726F7220636F6465203028
:1051000078253034583A204E6F20666F756E6420D3
:10511000696E666F726D6174696F6E2E00000000BB
:1051200028257329206973206E6F7420657374615C
:10513000626C69736865642E0000000025730000CE
:105140006170705F6572726F722E630010B50C46ED
:10515000062833D2DFE800F00303031E27101849A6
:1051600051F830002104090C04D018B121460EF08A
:1051700021F91FE0E42010BD2004000C03D0A1B2EF
:1051800010480EF017F9200C14D0210C0E480EF028
:1051900011F90FE014F0FF0F03D020460DF08EFE42
:1051A00008E0E42010BD14F0FF0F05D021460020D8
:1051B0000EF072F9002010BDE42010BDE62010BDF5
:1051C000B8FD0101000001A0001001A070B58EB073
:1051D00005460C46564901F164004DC8CDE90A0266
:1051E000CDE90C36D1E91E23486F06AED1F8801008
:1051F0000DC6099114224E49843101A8FCF780FFA5
:10520000ACB14C49062018F027FA4B49072018F09A
:1052100023FA4A49122018F01FFA4549444A2C3112
:10522000062D7CD2DFE805F0060606415921E5206F
:105230000EB070BD207931F810000B90607932F813
:1052400010000C90A0790D9020680A903848143016
:1052500050F8350021880904090C04D018B10AA9B6
:105260000EF0F6F859E0E420E2E7207931F810007A
:105270000B90607932F810000C90A0790D902068A6
:105280000A9020680104090C05D080B20A900AA98E
:105290002B480EF0DDF82068010C3ED0000C0A907F
:1052A0000AA928480EF0D4F837E0207901EB400035
:1052B000408A0790607902EB4000C0880890A0798E
:1052C000099020680690207810F0FF0F03D006A800
:1052D0000DF046FE21E0E420AAE72079031F032B0E
:1052E00001D8E720A4E702281AD0012002902079F3
:1052F00001EB4000808C0390607902EB40008089D4
:105300000490A079059020680190207810F0FF0F9C
:1053100009D001A900200EF017F9002088E704E069
:1053200002200290E3E7E42082E7E62080E7000025
:10533000A4FD01010F438000094380000543800064
:10534000000001A0001001A010B502460C4600208C
:10535000062A26D2DFE802F00303031A1F0B1148C6
:1053600050F83200A1B2BDE8104003F4C1B12104ED
:10537000090C03D0A1B20C4803F4BAF1210C10D0EF
:10538000210CBDE81040094803F4B2B1A0B2BDE859
:10539000104003F4AFB1A1B2BDE8104000200EF000
:1053A000D6B810BDB8FD0101000001A0001001A099
:1053B00070B50C461546002D03D0012D01D0E42018
:1053C00070BD06282BD2DFE800F00303031E230E76
:1053D000144951F8300020B1A1B22A4603F48CF1EF
:1053E0001BE0E42070BD2004000C04D0A1B22A46CA
:1053F0000D4803F481F1200C0FD0210C2A460B48F4
:1054000003F47AF109E0A0B229460DF0FDFD04E0B5
:10541000A1B22A4600200EF09DF8002070BDE620C3
:1054200070BD0000B8FD0101000001A0001001A046
:105430000248406A002800D00047704728A2003088
:10544000002806D0002904D0024AD269002A00D0E0
:105450001047704728A200300248006A002800D098
:105460000047704728A20030044A1044807D08425B
:1054700001D00120704700207047000028A20030B2
:105480002DE9FE4F0746924699460024A046CDF8E6
:105490000480CDF8088059480178B94202D2807E54
:1054A00000287DD10EAD0095EFF311860220FEF7A6
:1054B000BEFA8346FEF7E0FA401C012181400BEB67
:1054C0000100C0B280F3118801213846FFF7CCFFFC
:1054D00038B14B484B4950F82720204600F0A4F83B
:1054E00004461C213846FFF7BFFF00285ED046A2C5
:1054F0004449204600F098F8204484B204213846FC
:10550000FFF7B2FFF8B152463E49204600F08CF852
:10551000204484B208213846FFF7A6FF38B13BA2E9
:105520003849204600F080F8204484B20BE0102176
:105530003846FFF799FF30B135A23249204600F0D6
:1055400073F8204484B208213846FFF78DFF90B1EC
:105550004A462C49204600F067F8204484B21021C6
:105560003846FFF781FF30B12AA22649204600F0D5
:105570005BF8204484B210213846FFF775FF60B114
:1055800026A2052101A80C9BFEF730F901AA1D49AE
:10559000204600F049F8204484B221A2194900E0D5
:1055A00029E0204600F040F8204484B21548C4F5B4
:1055B000807120442B460D9AFEF746F9CDF8008005
:1055C0004FF48071002804DB2044884201DC85B25E
:1055D00000E00D46A81C884200D9FE2511A2094909
:1055E000284600F021F8284481B20648FFF728FF3A
:1055F000F0B280F31188BDE8FE8F000028A20030D1
:10560000E88A003028A100302800000020000000B7
:105610003A000000204C696E653A0000256C640079
:10562000292000000D0A000030B5054600200029A1
:105630000CD0002A0AD006E02B18FF2B06D8CC5439
:10564000521C401C80B21478002CF5D130BD0000F3
:105650002DE9FC41374A06214CF2010013F082FC8F
:10566000FFF708FC4FF4165019F0CAFE4FF4E13072
:1056700018F0BAFD2F4CE068019002258DF8045017
:1056800000268DF8056007278DF806704FF000782A
:10569000CDF8008069460520FFF798FD01224146BC
:1056A0000520FFF785FE606901908DF804508DF8A4
:1056B00005608DF806700420009069460320FFF70E
:1056C00085FD012204210320FFF772FEE0690190AD
:1056D0008DF804508DF805608DF80670402000901C
:1056E00069460320FFF772FD012240210320FFF7E6
:1056F0005FFE07F0C3FC60B10FA040F2C911CDE915
:10570000001004F1360315A21DA10220FFF7B8FE18
:105710000BE01DA040F2CB11CDE90010054B0FA20C
:10572000363317A10020FFF7ABFEBDE8FC41002097
:1057300073F49892C4000201424D3835363320523A
:10574000544320696E697469616C697A6564207379
:1057500075636365737366756C6C79002E2E5C538C
:1057600072635C706C6174666F726D5C7573657288
:105770005F7065726970685F73657475702E630021
:105780004E4F5F5441470000424D3835363320526A
:10579000544320696E697469616C697A6174696FD8
:1057A0006E206661696C65640000000010B50848F1
:1057B000017800290AD101210170064873F4A2D0B2
:1057C000BDE810400021044873F4FE9210BD0000B3
:1057D000C88A0030254380000DAB01012DE9F0415E
:1057E00004460D461746002D04D0012D02D001209D
:1057F000BDE8F081E4B1DFB1607801281AD0EFF3A1
:1058000011860220FEF705F98046FEF72DF9401CAF
:105810000121814008EB0100C0B280F31188002013
:105820006070A570E761F0B280F311880020DFE7B7
:105830000120DDE70620DBE710B50446002C0CD084
:10584000204600F0B3F9FF2060700021A160E16004
:10585000216161610020E06110BD012010BDF0B543
:10586000DDE90745059981614FF47A76A2FB061CB4
:1058700003FB06C3002702FB0732C0E90212091925
:105880006A41C0E9041200210162F0BD2DE9F04136
:105890000446002C13D0EFF311850220FEF7B9F86F
:1058A0000746FEF7E1F8401C012606FA00F03844EE
:1058B000C0B280F311881248002121620EE000205E
:1058C000BDE8F081D4E90432D1E9047CDB1B72EB42
:1058D0000C0202D2016A216203E00846016A002933
:1058E000F0D104626670064810380168491C0160F6
:1058F000016B4160E8B280F311880120E0E700000D
:10590000B09B00302DE9F04105460024EFF31186ED
:105910000220FEF77EF80746FEF7A6F8401C01219C
:1059200081407818C0B280F31188134A106BE8B137
:1059300015B102F1100010E00446206A10631068EF
:10594000401E10600CE0A94206D11168491E11608A
:10595000296A01622C4603E00846016A0029F2D157
:1059600024B1002020626070106B5060F0B280F3B0
:1059700011882046BDE8F081A09B00302DE9F04160
:10598000EFF311870220FEF744F80446FEF76CF8A7
:10599000401C012181406018C0B280F31188114D74
:1059A000002608E02078012804D1E16909B1A06946
:1059B000884726702D6A2C6A002CF3D1094D103DC2
:1059C00007E0E16909B1A06988472670206AA863E9
:1059D0002662AC6B002CF4D1F8B280F31188012060
:1059E000BDE8F081B09B00302DE9F041EFF3118765
:1059F0000220FEF70EF80446FEF736F8401C01269A
:105A000006FA00F02044C0B280F311881D4DA5F1C4
:105A100010082DE0D4E90430D8E902125B1A60EBDB
:105A20000200D8E91021D21A814124D326702046E1
:105A3000FFF768FFA078012806D01248283000211F
:105A40002162016861B10FE0D8E90220D4E90213B4
:105A500051185841C4E904102046FFF717FF07E02A
:105A6000046005E001F1200001680029FAD104601A
:105A70002C6A002CCED1F8B280F311880120BDE849
:105A8000F0810000B09B00302DE9FF5F82460E469A
:105A900093464FF00008BAF1000F20D041488642EB
:105AA0001DD8E6B1EFF311870220FDF7B2FF0446DF
:105AB000FDF7DAFF401C012181406018C0B280F37D
:105AC000118850460FF0ACFB10B19AF8010040B1BC
:105AD000F8B280F311880F2004B0BDE8F09F0120D8
:105AE000FAE712F007FD04460D464FF47A7106FB03
:105AF00001F022462B4600210FF062FBDFF8A89050
:105B0000B0B1D9F8040048B1D0E90410091B60EB2A
:105B10000500C9E9021012F081FD04E00021C9F876
:105B20000810C9F80C104FF00108D9E9020106E08D
:105B3000D9F80400D0E90421101B61EB0501CDE97F
:105B4000020132460023CDF800B05046FFF787FE31
:105B50005046FFF79BFE17F01DFC4FF0E024D4F8F1
:105B600000014FF0806510F0806F01D0012000E04F
:105B7000002020B91A20FDF793FEC4F80051B8F1B7
:105B8000000F0AD0D9F80400D0E90431D9E90202A3
:105B9000181A61EB020112F0E3FCF8B280F31188ED
:105BA000002099E7008AB907A09B00302DE9F04159
:105BB00004460025002C39D0EFF311870220FDF7B1
:105BC00028FF0646FDF750FF401C01218140701858
:105BD000C0B280F311886078012824D1144E706817
:105BE000A0420BD112F086FCD4E90432181A62EB01
:105BF0000102C6E9020212F011FD01252046FFF75D
:105C000081FE5DB1706848B1D0E90421D6E9020394
:105C1000101A61EB030112F0A3FC04E01DB97068D7
:105C200008B912F0FBFCF8B280F31188BDE8F081EE
:105C3000A09B00302DE9FF4701780026DFF8F080B7
:105C40004FF4007A002967D001296FD002296DD165
:105C500087880025DFF8DC9054E03748415DB8F8CC
:105C60000200B0F5FF7F3ED8421C94B2A8F8024073
:105C700009F80010022C09D309EB040010F8021CEB
:105C80000D2903D110F8010C0A2807D0002C37D0B9
:105C900009EB040010F8010C0A2831D1022C05D3BD
:105CA00009EB040010F8020C0D2819D00CB1641E89
:105CB000A4B294B109F8046020A04FF48771CDE933
:105CC0000010CDE90249234B23A22CA10220FFF7AB
:105CD000D7FB2146174805F059F9A8F802600FE0F4
:105CE000A41EA4B2E5E727A04FF48D71CDE9001002
:105CF000184B19A221A10120FFF7C2FBA8F80260EE
:105D00006D1CADB2BD42A8D304B05246BDE8F04709
:105D10000949012000F058BBA8F8026004B05246BF
:105D2000BDE8F0470449012000F04EBBBDE8FF8705
:105D3000CC8C003074D9003074D7003055415254A7
:105D4000312052583A205B25642062797465735D76
:105D500020257300E40002012E2E5C5372635C70F8
:105D60006C6174666F726D5C757365725F7065727D
:105D70006970685F73657475702E63004E4F5F5471
:105D800041470000554152543120525820627566F7
:105D9000666572206F766572666C6F772C2072650F
:105DA00073657474696E670010B5044611482278F3
:105DB0004FF0FF3150F82220A2F86810227850F8F6
:105DC0002200A0F86A10606B002801D1A16B71B1AC
:105DD00020B1204600F05EF8002807D1A06B20B16A
:105DE000204600F009F8002800D1002010BDE42072
:105DF00010BD0000CC8A003030B58BB004462C2199
:105E00006846FCF796F9A06B009094F83D008DF879
:105E100004001D490098884205D122781B4B03EBF2
:105E2000021252680292029AF2B1884201D10F2006
:105E300003904FF400100490C012059000200690CB
:105E4000079008900990A0200A9000216846FFF76B
:105E500089F821780E4D55F82110A1F86A00002824
:105E600004DAE4200BB030BDE720FBE7FFF768F869
:105E7000217855F821104863217855F82110091D23
:105E8000C1620020EEE70000003001A05CFE0101CD
:105E9000CC8A003030B58BB004462C216846FCF724
:105EA00048F9606B009094F83C008DF804001D48A0
:105EB0000099814202D14FF00F00029005D1207865
:105EC000194901EB0010006803900398D8B14FF412
:105ED000801004904FF0000005904FF480710691FF
:105EE0000790089009900A9001466846FFF73AF833
:105EF00021780E4D55F82110A1F86800002804DA29
:105F0000E4200BB030BDE720FBE7FFF719F821785C
:105F100055F821100863217855F82110091DC16238
:105F20000020EEE7003001A05CFE0101CC8A0030C9
:105F30002DE9F0410446022C02D3E820BDE8F081AF
:105F4000364D55F82400C0B190F86C10A9B1406EE0
:105F500041680078FFF7FAF80028EFD155F82400DF
:105F6000406E0169007BFFF7F1F80028E6D155F893
:105F700024008169222902D012E0E520DEE7406E8C
:105F8000816A90F82400FFF7E1F80028D6D155F88F
:105F90002400406EC169007EFFF7D8F80028CDD1FB
:105FA0001F4800EBC40090F9010002F4A7F355F874
:105FB0002400002780F86C7055F8240080F80071E8
:105FC00055F8240080F8017155F8240080F802711A
:105FD00055F8240080F80371EFF31086012080F358
:105FE0001088002055F8201011B191F86C1029B9D3
:105FF000401C0228F6D3012014F0CAFD86F3108855
:1060000055F82400001D0DF009FD55F8240090F806
:106010006D0008B945F8247000208FE7CC8A003065
:106020004CFE010170B500280ED00478012C0DD073
:10603000104E56F8241059B191F86C2042B191F8E5
:106040006D1039B1EA2070BDE52070BDE82070BD4B
:10605000E92070BDEFF31085012181F31088FFF76F
:10606000A3FE20B956F82420012182F86D1085F393
:10607000108870BDCC8A003070B5022801D3E820AA
:1060800070BD134C54F820304BB193F86D5035B1BE
:1060900039B132B193F80351012D04D010E0E92059
:1060A00070BDE42070BD002583F8035154F8203002
:1060B0005B680225C3F8885054F820305B681B6881
:1060C00054F82000001D0DF0F3FC0028EAD170BD4B
:1060D000CC8A003070B504461A4D55F82400703053
:1060E00015F03DF982B21646A2B155F8240090F899
:1060F000011101290ED0012180F80411802A0FD34B
:1061000055F82400802200F18001703015F03CF930
:1061100080260CE055F82410002081F8000170BDA5
:1061200055F8240000F18001703015F02DF955F874
:106130002400324600F18001001D02F4E1F2002843
:10614000EDD170BDCC8A00302DE9F047ACB000280D
:106150006ED00178514F4FF00008002969D0012915
:1061600066D0022964D1B0F804900024DFF830A191
:106170007CE04C48025D3888FF2873D8411C89B206
:1061800039800AF8002002296ED30AEB010010F8CA
:10619000022C0D2A68D110F8010C0A2864D11D299F
:1061A00012D00025032905D303223FA13C48FCF768
:1061B0000EF8D8B3388808283FD308223BA13848C6
:1061C000FCF705F898B338E028AA354816F0F4F93A
:1061D00003465BB138A2402118A8FDF707FB002851
:1061E0003CDD81B218A819F07DF937E02998FCF759
:1061F0008BFD05460E462898FCF786FD0A460146AB
:106200009DF8AD309DF8AC00DDF8A8C08DE86610B3
:10621000CDE905032F4A802108A8FDF7E7FA0028F9
:106220001CDD81B208A819F05DF917E002E003E077
:1062300030E025E0012500E001255DB13A881849EC
:10624000012018F031FE48B93A881549012000F0C4
:10625000D1FB03E03988124819F044F9A7F800800F
:1062600002E0FFE7A7F80080641CA4B24C4580D38D
:106270002CB0F422BDE8F0470A490020FFF7FCBE2D
:10628000A7F800802CB0F422BDE8F04705490020B3
:10629000FFF7F2BE2CB0BDE8F0870000CC8C0030D8
:1062A00020C4003020C5003041543A0061646D695B
:1062B0006E41542B000000005061727365206661CE
:1062C000696C65642C206572726F723A2025640DCA
:1062D0000A000000B41902012DE9F04105460F46FD
:1062E000002D06D02AB12C78022C04D3E820BDE87A
:1062F000F081E520FBE7304E05F1580046F8240018
:10630000D2E900310A467030194615F009F8291D06
:10631000286D19F02DF80028E9D156F82410281D11
:10632000486656F82400076056F824001822083002
:1063300005F14001FBF7E4FE204856F8241000EB7D
:10634000C4056868486056F82400001D0DF066FB1F
:1063500056F82400001D0DF097FB18480122032178
:10636000103814F0FDFB56F82410012081F86C0061
:1063700056F82410002081F8000156F8241081F806
:10638000010156F8241081F8020156F8241081F812
:1063900003010B490C2017F05FF90A490D2017F093
:1063A0005BF995F9010002F49FF195F9010002F4FF
:1063B0009DF100209BE70000CC8A00304CFE0101DB
:1063C000A9370001B937000170B5022801D3E820D0
:1063D00070BD134C54F820304BB193F86C5035B16C
:1063E00039B132B193F80351012D04D010E0E5200A
:1063F00070BDE42070BD002583F8035154F82030AF
:106400005B680225C3F8885054F820305B681B682D
:1064100054F82000001D0DF0BFFB0028EAD170BD2C
:10642000CC8A00302DE9F04104461A4D55F824007D
:10643000703014F094FF82B2164600277AB155F8F6
:10644000240090F80111012909D0802A0ED300F10F
:1064500080017030802214F097FF80260BE055F801
:10646000240080F800710020BDE8F08100F1800177
:10647000703014F089FF55F8240080F8047155F845
:106480002400324600F18001001D02F43BF1002897
:10649000EAD1E9E7CC8A003070B5022801D3E820C0
:1064A00070BD104D55F8204064B194F86C604EB149
:1064B00051B14AB15E1C09D044F62066B34205D9F9
:1064C000E42070BDE52070BDE42070BD002684F896
:1064D000026155F82000001D02F416F10028F4D1E5
:1064E00070BD0000CC8A00302DE9F04106460C4614
:1064F000174604F1080520466FF45ED1C3B21B486D
:10650000E1184268914202DD0320BDE8F08118499C
:10651000184A006809681268891A081A001FE918E1
:1065200081421CD94FF4004513A22946002002F4F1
:10653000D9F008F091F830B118A22946002002F4F1
:10654000D1F00820E1E71DA22946002002F4CAF09C
:106550003A4621463046BDE8F04119F04BBB3A4679
:1065600021463046BDE8F04119F044BBD8328000E6
:10657000D0238000CC238000523A353A4E56445303
:106580002061726561206973206265696E672063AE
:106590006F6D7061637465642E0D0A00523A353A6E
:1065A000436F6D70616374696E67204E564453206B
:1065B0006661696C65640D0A00000000523A353A64
:1065C000436F6D70616374696E67204E564453204B
:1065D0007375636365737366756C0D0A0000000064
:1065E00070B5002606710021032585702A46B0F893
:1065F00044309B1E0AE003D1511BC170067170BD6F
:10660000046CA45C3D2C09D0521C92B29342F2DA85
:10661000417100F1210500F1050219E0A2EB05012D
:1066200001F10101C17002F1010291B2F0E7036CC6
:106630005B5C3A2B12D02C2B10D08C4206D1037904
:106640009C5C0C1B5C5503795B1C0371491C89B273
:10665000B0F84440A41E8C42E9DA70BD03799C5C1A
:106660000C1B5C5503795B1CDBB203714C1C9C5406
:10667000ECE7002805D0012805D0402803D00920E8
:106680007047002070470620704770B5002904D07D
:10669000002313606FF02F0611E0002070BDC45C72
:1066A000A4F130050A2D01D3002070BD156805EB5B
:1066B000850506EB45052C4414605B1CDBB28B4260
:1066C000EDD3012070BD000070B504460020217894
:1066D000002935D00A293BD2DFE801F03A050A0F3C
:1066E00014191E23282D35A1394800F0F1F92FE0A7
:1066F00038A1374800F0ECF92AE03DA1344800F019
:10670000E7F925E042A1324800F0E2F920E04AA191
:106710002F4800F0DDF91BE04DA12D4800F0D8F91D
:1067200016E052A12A4800F0D3F911E053A12848FD
:1067300000F0CEF90CE059A1254800F0C9F907E0B6
:10674000B4F80221611C2248FBF7DAFC94F802013C
:106750001F490D220A5401440A224A70554DEB6824
:1067600083B16978012902D0022906D00AE0801C91
:10677000C2B217490120984704E0801CC2B21449F4
:1067800002209847012028742078082815D149480C
:1067900069681430407800EB8002102000EB820022
:1067A0000C58002C09D02046FBF7E6FC82B2687832
:1067B0002146BDE8704000F01DB970BD4552523A07
:1067C00020496E76616C696420696E7075742E0064
:1067D0008C9D00304552523A20556E737570706F23
:1067E0007274656420415420434D442E0000000023
:1067F0004552523A204E6F20616C6C6F7765642071
:1068000070617273652073746174652E00000000FE
:106810004552523A20436F6D6D616E64207265710E
:1068200075657374206973206E6F7420616C6C6F72
:106830007765642E000000004552523A204E6F20CA
:10684000415420434D442068616E646C65722E0093
:106850004552523A20496E76616C696420706172CB
:10686000616D65746572732E000000004552523AE6
:106870002048616C206572726F722E004552523A48
:1068800020415420434D442065786563757465202C
:1068900074696D656F75742E000000004552523AA0
:1068A000204F74686572206572726F7220636F6426
:1068B000652E0000309C003000B5C1B04FF48271ED
:1068C0006846FBF736FC0748017C012907D0012107
:1068D000017408208DF800006846FFF7F5FE41B00E
:1068E00000BD0000309C0030002807D0012807D0F0
:1068F000022805D0032803D00020704700207047ED
:10690000072070472DE9F04105460020287000243B
:10691000124E08274FF0040813E004EB840170685E
:1069200007EB8102835CEA78934208D108EB81018E
:10693000AB784158286C1844FBF733FC30B1641C29
:10694000E4B23078A042E8D8BDE8F081706804EB8A
:10695000840110F8210028706C70F5E7309C00303D
:1069600010B5044614210E48FBF7E3FB0C48482100
:106970001430FBF7DEFB0A48217901702168416081
:10698000A1688160E168C16001210174417000F17A
:106990005C01143001640021A0F8441010BD000017
:1069A000309C003070B504460E461546032210A1F7
:1069B0002046FBF7F6FB08B1002070BD012209E07C
:1069C000A05C0A2804D1A01810F8010C0D2805D0ED
:1069D000521CD2B2B242F3D3002070BD521CA5F8B3
:1069E00044202146286CFBF78BFB012070BD000082
:1069F00041543A002DE9F047C2B006468946924616
:106A00004FF4827101A8FBF794FB0024294D6E70AE
:106A1000A5F1480001260078132801D12E74012425
:106A2000287C0327012807D08DF8047001A8FFF700
:106A30004BFE42B0BDE8F0874FF0020885F81080A9
:106A40001C4A514614324846FFF7ACFF70B1194852
:106A50001430FFF7C5FD17481430FFF753FF154EEC
:106A60001436B4B13078142806D012E08DF80460E2
:106A700001A8FFF729FEDCE700208DF804000EA135
:106A80000DF1050000F024F8ADF8060101A8FFF7AC
:106A90001BFE307840B12F74064948221431A1F111
:106AA0005C00FBF72DFBC4E78DF8048001A8FFF71D
:106AB0000BFEBEE7309C003073746172742063611A
:106AC0006E63656C20636F6E6E6563742E2E2E0090
:106AD0000FB410B5C0B0044644AA68464399FCF709
:106AE000CDFE6846FBF748FB024669462046FBF7A9
:106AF00007FB6846FBF740FB40B0C0B210BC5DF836
:106B000014FB000070B5C2B0164C207C032827D1BE
:106B10000420207404F114060C257078616800EBE1
:106B2000800005EB8000085878B1A06800B180476C
:106B30007078616800EB800005EB8000095842B076
:106B40000848BDE87040143008474FF4827101A82E
:106B5000FBF7EFFA05208DF8040001A8FFF7B4FD5C
:106B600042B070BD309C00307CB50D4600220092D2
:106B70000192694601F4CAF5044634BB4FF4205132
:106B8000684601F4C5F5B8B942F60101684601F45A
:106B9000BFF588B942F60301684601F4B9F558B962
:106BA00042F60201684601F4B3F528B94FF42451C6
:106BB000684601F4ADF508B1062406E00098C5F377
:106BC0000B01808808430099888020467CBD000026
:106BD0002DE9F04105460C46FF26217A1E2905D0F5
:106BE00022480279521E52B200683AE004F10801CC
:106BF000284601F48FF5064635E010F832308B4216
:106C00002DD11B4E56F82500406F30B300273B4670
:106C100018A24021002001F465F5062000EB0520B4
:106C200029F4A8D3C00605D5002717A240210020CB
:106C300001F458F521460C3956F82500743001F45A
:106C40006BF50020A08001266FB115A2402101F450
:106C500049F5284601F462F505E00127D7E7521E01
:106C600052B2002AC9DA3046BDE8F0817C058000C6
:106C7000C40E8000523A333A657865637574653D99
:106C8000307825780A000000523A333A636F6E6E0E
:106C9000656374206E6F742063666D0A00000000E7
:106CA000523A333A7374617274206578656375740F
:106CB000650A00000348024901600D2141607047E8
:106CC0007C9400307C0580002DE9FF5F81460F46F3
:106CD0000024A246CDF808A0CDF80CA0584850F8E2
:106CE0002900603001F41CF580463D1F7988288812
:106CF000544BCDE9001054A24021002001F4F2F4DD
:106D00002888E8BB484601F40DF5401E288000267F
:106D100011E007EB460002AB82880021484601F4EF
:106D200003F5C4B2CDF808A0CDF80CA00CB1B04664
:106D30003BE0761CB6B27888B042EAD835E007EB83
:106D400048006B46818801AA484601F4EFF4C4B2BA
:106D50003CBBBDF804002988884200D3084686B2AF
:106D6000022106F1080029F4AFD08346ABF8046095
:106D700032460BF106000099FBF7C2F9304800E0FB
:106D800013E050F829005946603001F4C5F4484634
:106D900001F4CEF42888801B288008F101081FFA2E
:106DA00088F8CDF808A0CDF80CA07888404503D924
:106DB000288808B1002CC2D044BB484601F4B2F484
:106DC0002988401A401E86B20025062000EB0923C0
:106DD0000F220421484600962BF426D48246AAF8B6
:106DE0000260174850F82900066E0AE00AEB050019
:106DF000B288001DB11DFBF783F9B088284485B225
:106E00003668002EF2D1504601F494F44CB1062CB1
:106E100007D007EB4800397882882346484601F4BA
:106E20008BF4084B14A240210020009401F45AF482
:106E3000062C03D0002004B0BDE8F09F0120FAE743
:106E4000C40E8000880D0201523A333A5B25735D0F
:106E500020656E7465722C206E625F68616E646C72
:106E6000653D307825782C2072655F6C656E3D300D
:106E70007825780A00000000523A333A5B25735DAA
:106E800020657869742C207374617475733D307853
:106E900025780A0010B500210A4C0023002001EBE0
:106EA000410202EBC10204EB420222F81030401C06
:106EB000C0B20A28F9D31375491CC9B20A29EDD307
:106EC00010BD0000585701301FB50F4890F802015F
:106ED000002818D068464DF42DD2DDE900010B4C96
:106EE000CDE90201E1680844094920F0704048609A
:106EF00008464DF4B5D4607818B1BDE81F4014F0D1
:106F00009BBD14F0B5FD1FBDC01A80005C9400301D
:106F1000B41A80000EB509480021417081700CA19F
:106F200040F2AD52CDE9002105A00290114B12A212
:106F300019A10220FEF7A4FA0EBD0000F090003067
:106F40005B34475F50524F544F434F4C5D0000003D
:106F5000257320436F6C6C65637465642064617491
:106F6000612062756666657220636C656172656436
:106F7000000000009B0802012E2E5C5372635C75BA
:106F80007365725C626C655F34675F70726F746F9B
:106F9000636F6C2E630000004E4F5F54414700004A
:106FA0002DE9F04194B0044606F09AFE804606F0C2
:106FB00097FE054606F094FE0746B8F1000F57D03D
:106FC000002D55D0002F53D03AA19FED380B284605
:106FD00006F016FE39A23BA1284606F029FE2A46F5
:106FE0003BA1404606F002FE6068FBF78DFE0546B9
:106FF0000E462068FBF788FE8DE8630036A220214C
:107000000CA8FCF7F3FB0CAA36A1384606F010FEDC
:10701000B4F90800FBF700FE41EC100B35A138462F
:1070200006F0EEFDE068FBF76FFE227C8DE80700BE
:1070300033A2202104A8FCF7D9FB04AA32A13846C8
:1070400006F0F6FD04F1110233A1384606F0F0FD1A
:107050003A4635A1404606F0C9FD404606F034FFE9
:107060000446404606F060FE204614B0BDE8F081BC
:1070700033A14FF4FD72CDE900212DA00290394BD0
:1070800039A241A10020FEF7FBF9B8F1000F02D0B0
:10709000404606F049FE15B1284606F045FE17B1F8
:1070A000384606F041FE0020DFE700000000000047
:1070B00000405A40636F646500000000247B494D26
:1070C00045497D006465766963655F494400000059
:1070D0006865616465720000252E31662C252E31AD
:1070E0006600000073656E736F725F6D6574686132
:1070F0006E65000073656E736F725F54454D50008E
:10710000252E33662C25640073656E736F725F6283
:107110006174746572790000636F6C6C6563745F91
:1071200074696D6500000000626F64790000000002
:107130005B34475F50524F544F434F4C5D0000004B
:107140002573204661696C656420746F20637265E5
:10715000617465204A534F4E206F626A6563747391
:10716000000000008D0402012E2E5C5372635C75DA
:107170007365725C626C655F34675F70726F746FA9
:10718000636F6C2E630000004E4F5F544147000058
:1071900070B58CB006F0A4FD064606F0A1FD0546CC
:1071A00006F09EFD0446002E2ED0002D2CD05CB3A0
:1071B000202104A8FAF7BDFF202104A800F014FC48
:1071C0009FED1F0B20A1284606F01AFD04AA20A15E
:1071D000284606F02DFD2A4620A1304606F006FD81
:1071E000204A21A1204606F023FD224621A1304657
:1071F00006F0FCFC304606F067FE0446304606F01A
:1072000093FD20460CB070BD20A140F22A22CDE9AA
:1072100000211AA00290264B26A22EA10020FEF7E4
:107220002FF916B1304606F07FFD15B1284606F05D
:107230007BFD14B1204606F077FD0020E2E7000058
:107240000000000000805940636F6465000000008A
:107250006465766963655F49440000006865616440
:1072600065720000EC4F01306465766963655F7696
:1072700065720000626F6479000000005B34475F54
:1072800050524F544F434F4C5D0000002573204631
:1072900061696C656420746F206372656174652038
:1072A0004A534F4E206F626A65637473000000009A
:1072B000B50402012E2E5C5372635C757365725CBB
:1072C000626C655F34675F70726F746F636F6C2E92
:1072D000630000004E4F5F544147000070B58CB012
:1072E00006F0FEFC064606F0FBFC044606F0F8FC41
:1072F0000546002E63D0002C61D0002D5FD02021E8
:1073000004A8FAF716FF202104A800F06DFB9FEDFA
:10731000390B3AA1204606F073FC04AA39A1204695
:1073200006F086FC22463AA1304606F05FFC3A4C55
:107330002088FBF782FC41EC100B38A1284606F0B0
:107340005FFC6088FBF779FC41EC100B38A1284604
:1073500006F056FC6068FBF7D7FC41EC100B39A136
:10736000284606F04DFCB4F90800FBF755FC41EC4B
:10737000100B39A1284606F043FCB4F90A00FBF7CC
:107380004BFC41EC100B38A1284606F039FCA089D3
:10739000FBF753FC41EC100B37A1284606F030FCFC
:1073A0002A4639A1304606F021FC304606F08CFD15
:1073B0000446304606F0B8FC20460CB070BD38A13B
:1073C00040F28222CDE9002131A002903D4B3EA245
:1073D00045A10020FEF754F816B1304606F0A4FC93
:1073E00014B1204606F0A0FC15B1284606F09CFC1E
:1073F0000020E2E70000000000005A40636F64656F
:10740000000000006465766963655F494400000020
:1074100068656164657200000C52013064657669CC
:1074200063655F636F6C6C6563745F74696D650041
:107430006465766963655F7570646174615F7469C2
:107440006D6500006D657468616E655F7468726576
:1074500073686F6C6400000054454D50485F746859
:10746000726573686F6C640054454D504C5F74686E
:10747000726573686F6C640077617465725F7468BD
:10748000726573686F6C6400626F6479000000005D
:107490005B34475F50524F544F434F4C5D000000E8
:1074A0002573204661696C656420746F2063726582
:1074B000617465204A534F4E206F626A656374732E
:1074C00000000000050502012E2E5C5372635C75FE
:1074D0007365725C626C655F34675F70726F746F46
:1074E000636F6C2E630000004E4F5F5441470000F5
:1074F00030B58BB006F0F4FB054606F0F1FB044610
:1075000015B30CB3202103A8FAF713FE202103A81A
:1075100000F06AFA9FED180B19A1204606F070FBE7
:1075200003AA19A1204606F083FB224619A128468A
:1075300006F05CFB284606F0C7FC0446284606F029
:10754000F3FB20460BB030BD18A140F2AE22CDE9CE
:10755000002112A002901E4B1EA226A10020FDF7C2
:107560008FFF15B1284606F0DFFB14B1204606F068
:10757000DBFB0020E6E700000000000000005E40AA
:10758000636F6465000000006465766963655F4948
:107590004400000068656164657200005B34475F09
:1075A00050524F544F434F4C5D000000257320460E
:1075B00061696C656420746F206372656174652015
:1075C0004A534F4E206F626A656374730000000077
:1075D0002C0502012E2E5C5372635C757365725C20
:1075E000626C655F34675F70726F746F636F6C2E6F
:1075F000630000004E4F5F544147000070B58CB0EF
:1076000006F06EFB064606F06BFB054606F068FBCF
:107610000446002E5ED0002D5CD0002C5AD02021D4
:1076200004A8FAF786FD202104A800F0DDF99FEDFB
:10763000370B38A1284606F0E3FA04AA37A12846FA
:1076400006F0F6FA2A4638A1304606F0CFFA384D51
:107650002878FBF7F2FA41EC100B36A1204606F031
:10766000CFFA6878FBF7E9FA41EC100B35A1204618
:1076700006F0C6FAA878FBF7E0FA41EC100B35A14A
:10768000204606F0BDFA36A237A1204606F0D0FA11
:107690002879FBF7D2FA41EC100B38A1204606F00E
:1076A000AFFA3BA23EA1204606F0C2FA38A240A1A2
:1076B000204606F0BDFA224645A1304606F096FA6D
:1076C000304606F001FC0446304606F02DFB20460D
:1076D0000CB070BD44A140F25222CDE900213EA081
:1076E00002904A4B4AA252A10020FDF7C9FE16B1F2
:1076F000304606F019FB15B1284606F015FB14B10B
:10770000204606F011FB0020E2E700000000000028
:1077100000C05940636F64650000000064657669CD
:1077200063655F494400000068656164657200003C
:10773000F69000306465766963655F7761746572A1
:107740000000000073656E736F725F73746174750F
:10775000730000006465766963655F6D6F76650030
:10776000247B4353517D00006465766963655F4CFB
:1077700054455F7369676E616C00000064657669EB
:1077800063655F4750535F737461747573000000E5
:10779000247B4C4F4E7D2C247B4C41547D000000BB
:1077A0006465766963655F6C6F636174696F6E00B1
:1077B0006465766963655F696E7374616C6C61742E
:1077C000696F6E5F6C6F636174696F6E00000000BB
:1077D000626F6479000000005B34475F50524F5481
:1077E0004F434F4C5D0000002573204661696C6576
:1077F0006420746F20637265617465204A534F4E34
:10780000206F626A6563747300000000DD0402018A
:107810002E2E5C5372635C757365725C626C655F7F
:1078200034675F70726F746F636F6C2E630000005B
:107830004E4F5F544147000070B586B000240326C8
:107840004CE0601CCDE903062DA131A2CDE9012158
:1078500040F239100090374B37A23FA10220FDF7CC
:107860000FFE3FA52846FAF787FC81B2284616F09E
:1078700049FD4FF4487074F4BDD13D48FAF77CFCE3
:10788000002818D01F223A493A48FAF769FC3948CB
:107890000021C1771AA138A24FF4A373CDE90032B9
:1078A000CDE90210234B24A22BA10220FDF7E8FD15
:1078B000012006B070BD641C032C0FDA37A140F222
:1078C0004D12CDE900210EA002901A4B1AA222A15E
:1078D0000120FDF7D5FDC82074F48CD1032CB0DB5A
:1078E00037A14FF4A97206A0CDE90021CDE9020627
:1078F000104B11A218A10120FDF7C2FD0020D8E70E
:107900005B34475F50524F544F434F4C5D00000073
:107910002573205175657279696E6720494D454917
:107920002028617474656D70742025642F25642986
:107930002E2E2E00300402012E2E5C5372635C75D5
:107940007365725C626C655F34675F70726F746FD1
:10795000636F6C2E630000004E4F5F544147000080
:1079600061646D696E41542B494D45493F0D0A00D4
:10797000E44C0130FC4F0130257320494D4549202E
:107980007375636365737366756C6C79206F62746D
:1079900061696E65643A20257300000025732049F3
:1079A0004D4549207175657279206661696C656421
:1079B0002C207265747279696E672E2E2E0000007D
:1079C0002573204661696C656420746F2067657457
:1079D00020494D4549206166746572202564206107
:1079E0007474656D707473002DE9FF4105460C4693
:1079F000002D1CD0002C1AD04B48FAF7BDFB0027F5
:107A00002E19B0B1621E48492846FAF7A9FB06F8BC
:107A1000017C4AA140F26F1244A0CDE90021CDE9DA
:107A200002054C4B4CA254A10320FDF729FDBDE8F3
:107A3000FF815348FAF7A0FB00281CD0621E504972
:107A40002846FAF78DFB06F8017C1F224C49364880
:107A5000FAF786FB3448C7774AA140F27D1233A07B
:107A6000CDE90021CDE902053A4B3BA242A103201A
:107A7000FDF706FDDBE74BA14FF4C172CDE9002114
:107A80002AA00290334B34A23BA10120FDF7F8FC61
:107A9000FFF7D2FEA8B1621E23492846FAF760FB21
:107AA00006F8017C4DA14FF4C47220A0CDE900215D
:107AB000CDE90205274B28A22FA10220FDF7E0FC0B
:107AC000B5E72F4874308046FAF756FBA8B1621E1E
:107AD00041462846FAF744FB06F8017C49A140F2EA
:107AE000911212A0CDE90021CDE90205194B1AA28D
:107AF00021A10120FDF7C4FC99E7621E4BA1284695
:107B0000FAF72EFB06F8017C4DA14FF4CC7207A0CA
:107B1000CDE90021CDE902050E4B0FA216A10020F0
:107B2000FDF7AEFC83E70000FC4F01305B34475F9C
:107B300050524F544F434F4C5D000000257320447A
:107B400065766963652049442028494D4549293AAD
:107B5000202573004F0402012E2E5C5372635C7566
:107B60007365725C626C655F34675F70726F746FAF
:107B7000636F6C2E630000004E4F5F54414700005E
:107B8000E44C0130257320446576696365204944DF
:107B90002028494D45492920757064617465643A0F
:107BA00020257300257320494D4549206E6F7420B0
:107BB000617661696C61626C652C20617474656DBD
:107BC0007074696E6720746F20666F7263652049F8
:107BD0004D45492071756572790000002573204478
:107BE00065766963652049442028494D4549292027
:107BF000666F72636520757064617465643A2025F0
:107C0000730000002573205573696E67204D414352
:107C100020616464726573732061732064657669A2
:107C200063652049443A2025730000004E4F5F49A8
:107C30004D45495F415641494C41424C4500000089
:107C40002573204E6F20494D4549206F72204D41CC
:107C50004320617661696C61626C652C2075736983
:107C60006E67206572726F722049443A2025730056
:107C70001FB5002809D024220E49FAF741FA0D4C0D
:107C800094F8210020B10CA003E0002004B010BD46
:107C90000BA00DA110A240F2F443CDE90032CDE9D2
:107CA00002101C4B1CA224A10320FDF7E9FB94F851
:107CB0002100EBE7A84F01307472756500000000E9
:107CC00066616C73650000005B34475F50524F542F
:107CD0004F434F4C5D00000025732054696D657261
:107CE0002075706C6F61643A2072657475726E698C
:107CF0006E67206361636865642073656E736F727D
:107D00002064617461202876616C69643A2025736F
:107D100029000000160702012E2E5C5372635C7569
:107D20007365725C626C655F34675F70726F746FED
:107D3000636F6C2E630000004E4F5F54414700009C
:107D4000002805D00349D1F806200260897A017124
:107D500070470000F090003070B58CB08E4B1B78EF
:107D6000002B2BD001244FF4B4636A2834D06B2845
:107D70006ED06C287DD06E287CD088A18BA240F27A
:107D8000C143CDE90032CDE90210924B92A29AA1F3
:107D90000020FDF775FB002C6DD099A07FA19AA261
:107DA00040F2C643CDE90032CDE90210894B8AA2E8
:107DB00091A10220FDF764FB0CB070BD9AA140F2C6
:107DC0005142CDE9002175A00290824B82A28AA186
:107DD0000020FDF755FBEFE7022ADCD3487809784D
:107DE00040EA0125681E984223D2284614F04AFF33
:107DF00078B1002493A140F2644268A0CDE900214B
:107E0000CDE90205734B74A27BA10220FDF738FB7C
:107E10000CE095A140F26942CDE900215FA00290FB
:107E20006C4B6DA274A10020FDF72AFB00F080FDD1
:107E3000B1E796A140F2714258A0CDE90021CDE909
:107E40000205644B64A26CA10020FDF719FBA2E7B8
:107E5000022AA0D34878097840EA0125681E984292
:107E600027D2284615F0F4F898B100244BA093A12E
:107E700002E02DE066E08DE040F28142CDE9002194
:107E8000CDE90205534B54A25BA10220FDF7F8FA9D
:107E90000CE093A140F28642CDE900213FA0029080
:107EA0004C4B4DA254A10020FDF7EAFA00F0C6FDAC
:107EB00071E794A140F28E4238A0CDE90021CDE9CE
:107EC0000205444B44A24CA10020FDF7D9FA62E719
:107ED000082AADD308680B9088880A90C888099052
:107EE0009DED0B0A14F0A8FF00281DD0BDF9241049
:107EF000BDF928000D46064615F02CF8A0B1002467
:107F00000B98FAF701FF04AA324B43C289A140F251
:107F1000A242CDE90021079520A002902EA236A111
:107F20000220FDF7ADFA36E792A14FF49562CDE954
:107F300000211AA00290274B27A22FA10020FDF7B5
:107F40009FFA28E7022AB3D34878097840EA012546
:107F5000284615F0EFF878B100248DA140F2B64222
:107F60000EA0CDE90021CDE902051A4B1AA222A1EB
:107F70000220FDF785FA0EE78CA140F2BB42CDE965
:107F8000002106A00290134B13A21BA10020FDF7B5
:107F900077FA00E78EA001E7F09000305B34475F8E
:107FA00050524F544F434F4C5D00000025732055F5
:107FB0006E6B6E6F776E20706172616D6574657245
:107FC0002073657420636F6D6D616E643A20256463
:107FD00000000000D50602012E2E5C5372635C7512
:107FE0007365725C626C655F34675F70726F746F2B
:107FF000636F6C2E630000004E4F5F5441470000DA
:108000004641494C45440000257320506172616D22
:10801000657465722073657474696E672072657328
:10802000756C743A2025730025732050726F746F3D
:10803000636F6C206E6F7420696E697469616C691E
:108040007A65640025732053657420636F6C6C65DA
:10805000637420696E74657276616C3A20256420C1
:108060006D696E75746573002573204661696C6572
:108070006420746F2073657420636F6C6C65637427
:1080800020696E74657276616C000000257320496A
:108090006E76616C696420636F6C6C6563742069D3
:1080A0006E74657276616C3A202564202872616E68
:1080B00067653A20312D313434302900257320533F
:1080C0006574207265706F727420696E7465727663
:1080D000616C3A202564206D696E757465730000CB
:1080E0002573204661696C656420746F2073657424
:1080F000207265706F727420696E74657276616C3F
:1081000000000000257320496E76616C696420725E
:1081100065706F727420696E74657276616C3A2056
:108120002564202872616E67653A20312D31343420
:1081300030290000257320536574207468726573BC
:10814000686F6C64733A204348343D252E326625AF
:1081500025766F6C2C2054454D505F483D2564C2F8
:10816000B0432C2054454D505F4C3D2564C2B04374
:10817000000000002573204661696C656420746FFF
:1081800020736574207468726573686F6C64730023
:10819000257320536574207761746572207468724A
:1081A0006573686F6C643A2025640000257320466F
:1081B00061696C656420746F2073657420776174E5
:1081C0006572207468726573686F6C6400000000EB
:1081D000535543434553530030B58FB0654D287810
:1081E00000280ED068A140F29232CDE9002162A0B1
:1081F00002906D4B6DA275A10120FDF741F90FB002
:1082000030BD74A140F29732CDE900215AA002900E
:10821000654B66A26DA10220FDF732F9002000F047
:1082200039FF754940F29F32CDE9002152A00290FA
:108230005D4B5EA265A10220FDF722F900200AF045
:1082400055F900F06FF900F079F900F075F9242183
:108250006A48F9F76EFF6948694A01217830FDF7ED
:10826000BDFA044654B114224F49173101A8F9F759
:1082700047FFADF8084001A8FCF7F2FE5F48614AED
:108280000121A030FDF7AAFA044654B11422464950
:108290002B3101A8F9F734FFADF8084001A8FCF72D
:1082A000DFFE5648584A0121C830FDF797FA0446C8
:1082B00054B114223C493F3101A8F9F721FFADF830
:1082C000084001A8FCF7CCFE012028704FA140F225
:1082D000BD32CDE9002128A00290334B33A23BA14F
:1082E0000220FDF7CDF853A14FF47072CDE90021C3
:1082F00021A002902C4B2DA234A10220FDF7C0F842
:1083000013F004FA5AA14FF47172CDE900211AA0BA
:108310000290254B25A22DA10220FDF7B1F806A859
:1083200000F018F928B1242206A93448F9F7E8FE2C
:108330000EE05CA140F2CF32CDE900210EA0029008
:10834000194B1AA221A10120FDF79AF817F018F98C
:1083500017F0D0F963A140F2D732CDE9002106A091
:108360000290114B11A219A10220FDF789F801F02A
:10837000D3F844E7F09000305B34475F50524F54DD
:108380004F434F4C5D00000025732050726F746F97
:10839000636F6C20616C726561647920696E6974C9
:1083A00069616C697A656400A90502012E2E5C532F
:1083B00072635C757365725C626C655F34675F7075
:1083C000726F746F636F6C2E630000004E4F5F54CA
:1083D00041470000257320496E697469616C697AB0
:1083E000696E6720706F77657220636F6E74726F4D
:1083F0006C204750494F7300E41D0201A84F013023
:108400005DC3010105ED000195EE000125732034E7
:10841000472070726F746F636F6C20696E69746946
:10842000616C697A656420737563636573736675DF
:108430006C6C790025732052756E6E696E672052E0
:108440005443206465627567207465737420647595
:1084500072696E672034472070726F746F636F6C3F
:1084600020696E697469616C697A6174696F6E0004
:10847000257320506572666F726D696E6720696E34
:10848000697469616C2075706C6F616420776974C0
:108490006820706F776572206D616E6167656D65CC
:1084A0006E7400002573204661696C656420746FEA
:1084B00020726561642073656E736F7220646174ED
:1084C0006120647572696E6720696E69742C20750D
:1084D00073696E672064656661756C74206461748D
:1084E00061000000257320457865637574696E67C7
:1084F00020696E697469616C2075706C6F616420AD
:10850000776974682066756C6C20706F776572206F
:108510006D616E6167656D656E74206379636C650E
:108520000000000001A10348F9F748BE312E302EAB
:1085300030000000EC4F013014F0F4B90448002181
:108540000170417081701922C27001717047000082
:10855000F69000302DE9F04188B00646002E52D04A
:1085600073A140F2EE52CDE900216DA002907A4B4A
:108570007AA282A10220FCF783FF012000F08AFD8D
:1085800080A140F2F452CDE9002165A00290724B27
:1085900072A27AA10220FCF773FF41F2883073F4D3
:1085A00029D313F0EFFF81A140F2FB52CDE9002166
:1085B0005BA00290684B69A270A10220FCF760FFEB
:1085C000002700250024049405940694079404A829
:1085D00013F0DEFF002827D09DF81E00002823D0CE
:1085E00016F0CEFF01277AA14FF4C1626D1C4CA09A
:1085F000CDE90021CDE90205574B58A25FA1022029
:10860000FCF73EFF16E07DA140F2EA52CDE90021E1
:1086100043A00290504B51A258A10020FCF730FF1C
:10862000002008B0BDE8F081642073F4E3D26D1C33
:10863000642DC8DB27B13046FFF71AFB054610E072
:1086400076A140F21662CDE9002135A00290424B9E
:1086500042A24AA10120FCF713FF3046FFF708FBB6
:108660000546002D2AD0002E28D004A809F02AFCA7
:10867000B8B106F111000F2204A98046F9F770FD88
:1086800086F8204073A140F2216225A0CDE90021A7
:10869000CDE90208304B31A238A10220FCF7F0FEF0
:1086A0000CE076A140F22362CDE900211CA00290EB
:1086B000294B2AA231A10120FCF7E2FE002000F0A4
:1086C000E9FC3D420DD079A140F22B62CDE90021B9
:1086D00013A00290204B21A228A10220FCF7D0FE7B
:1086E0001BE06DB17FA140F22D62CDE900210CA00D
:1086F0000290194B19A221A10120FCF7C1FE0CE048
:1087000083A140F22F62CDE9002105A00290124B17
:1087100012A21AA10020FCF7B3FE284681E7000050
:108720005B34475F50524F544F434F4C5D00000045
:1087300025732052656164696E672073656E736F7F
:1087400072207769746820706F776572206D616E32
:108750006167656D656E74002F0902012E2E5C53F2
:1087600072635C757365725C626C655F34675F70C1
:10877000726F746F636F6C2E630000004E4F5F5416
:108780004147000025732057616974696E67206650
:108790006F722073656E736F722073746162696C9F
:1087A000697A6174696F6E2E2E2E00002573205732
:1087B000616974696E6720666F722066726573689E
:1087C0002073656E736F7220646174612E2E2E00AB
:1087D00025732046726573682073656E736F72200F
:1087E00064617461207265636569766564206166A1
:1087F00074657220256430306D7300002573204944
:108800006E76616C69642073656E736F722064614B
:10881000746120706F696E74657200002573205456
:10882000696D656F75742077616974696E6720661C
:108830006F722073656E736F7220646174612C2097
:108840007573696E67206361636865642064617431
:108850006100000025732053656E736F72206461A0
:1088600074612074696D657374616D7020757064D6
:10887000617465643A20257300000000257320466A
:1088800061696C656420746F20676574205254437D
:108890002074696D657374616D702C207573696ED9
:1088A000672064656661756C74000000257320465E
:1088B000726573682073656E736F72206461746192
:1088C0002072656164207375636365737366756C8C
:1088D0006C7920776974682074696D657374616D53
:1088E000700000002573205573696E672063616313
:1088F0006865642073656E736F72206461746120B3
:10890000776974682074696D657374616D700000B7
:108910002573204661696C656420746F20726561FF
:10892000642073656E736F7220646174610000006F
:1089300030B585B01E480078002829D01D48FDF7C5
:1089400035F91D4D4EF66020298841430022194813
:10895000FDF79AF804464CB1142218496846F9F715
:10896000CFFBADF804406846FCF77AFB288818A2D4
:1089700040F26B5312A1CDE90032CDE902100F4B4A
:108980001DA2273B24A10220FCF77AFD05B030BDD3
:1089900023A140F25D52CDE9002109A0074B0290CE
:1089A000273B15A21CA10020FCF76AFDEEE70000A2
:1089B000F0900030205001300C52013028080201A4
:1089C0005B34475F50524F544F434F4C5D000000A3
:1089D000257320436F6C6C6563742074696D6572D8
:1089E000207265737461727465643A202564206D29
:1089F000696E7574657300002E2E5C5372635C752E
:108A00007365725C626C655F34675F70726F746F00
:108A1000636F6C2E630000004E4F5F5441470000AF
:108A200025732050726F746F636F6C206E6F7420AB
:108A3000696E697469616C697A65640030B585B086
:108A40001E480078002829D01D48FDF7AFF81D4DBD
:108A50004EF660206988414300221948FDF714F85A
:108A600004464CB1142218496846F9F749FBADF8A1
:108A700004406846FCF7F4FA688818A240F285536F
:108A800012A1CDE90032CDE902100F4B1DA2283B07
:108A900024A10220FCF7F4FC05B030BD23A140F274
:108AA0007752CDE9002109A0074B0290283B15A27F
:108AB0001CA10020FCF7E4FCEEE70000F090003081
:108AC000485001300C520130640802015B34475FAA
:108AD00050524F544F434F4C5D00000025732052BD
:108AE00065706F72742074696D657220726573743D
:108AF00061727465643A202564206D696E757465D1
:108B0000730000002E2E5C5372635C757365725C9B
:108B1000626C655F34675F70726F746F636F6C2E29
:108B2000630000004E4F5F54414700002573205002
:108B3000726F746F636F6C206E6F7420696E6974EE
:108B400069616C697A6564000EB516490978002977
:108B50000BD0002817D0FEF723FA002812D003B05C
:108B600011A15DF804EB13F093BB1BA140F22D4261
:108B7000CDE9002114A002901E4B1FA226A10020C7
:108B8000FCF77EFC0EBD26A140F23342CDE9002168
:108B90000DA00290174B18A21FA10020FCF770FC3B
:108BA0000EBD0000F090003073656E736F7220642C
:108BB000617461207265706F72742028636F6465E0
:108BC00020313035290000005B34475F50524F544C
:108BD0004F434F4C5D00000025732050726F746F3F
:108BE000636F6C206E6F7420696E697469616C6963
:108BF0007A656400900602012E2E5C5372635C75E8
:108C00007365725C626C655F34675F70726F746FFE
:108C1000636F6C2E630000004E4F5F5441470000AD
:108C2000257320496E76616C69642073656E736F7D
:108C300072206461746120706F696E7465720000E7
:108C40000EB50E480078002809D0FEF7A1FA0028DA
:108C500012D003B00AA15DF804EB13F019BB14A104
:108C60004FF48062CDE900210DA00290174B18A2AD
:108C70001FA10020FCF704FC0EBD0000F0900030A6
:108C800064657669636520696E666F207265706FD2
:108C900072742028636F646520313032290000002F
:108CA0005B34475F50524F544F434F4C5D000000C0
:108CB00025732050726F746F636F6C206E6F742019
:108CC000696E697469616C697A65640019060201EC
:108CD0002E2E5C5372635C757365725C626C655FAB
:108CE00034675F70726F746F636F6C2E6300000087
:108CF0004E4F5F54414700000EB50E4800780028E3
:108D000009D0FEF7EBFA002812D003B00AA15DF8F3
:108D100004EB13F0BDBA14A140F21E42CDE90021CC
:108D20000DA00290174B18A21FA10020FCF7A8FB72
:108D30000EBD0000F0900030706172616D20696EB0
:108D4000666F207265706F72742028636F6465208F
:108D500031303429000000005B34475F50524F54DB
:108D60004F434F4C5D00000025732050726F746FAD
:108D7000636F6C206E6F7420696E697469616C69D1
:108D80007A656400690602012E2E5C5372635C757D
:108D90007365725C626C655F34675F70726F746F6D
:108DA000636F6C2E630000004E4F5F54414700001C
:108DB0000EB50E480078002809D0FEF799FB002870
:108DC00012D003B00AA15DF804EB13F061BA13A14D
:108DD00040F24242CDE900210CA00290164B17A2AE
:108DE0001EA10020FCF74CFB0EBD0000F0900030EF
:108DF00073657474696E6773207175657279202864
:108E0000636F646520313230290000005B34475FB6
:108E100050524F544F434F4C5D000000257320507B
:108E2000726F746F636F6C206E6F7420696E6974FB
:108E300069616C697A656400B10602012E2E5C538B
:108E400072635C757365725C626C655F34675F70DA
:108E5000726F746F636F6C2E630000004E4F5F542F
:108E6000414700000EB522A140F2C652CDE90021D3
:108E70001BA00290284B29A230A10220FCF700FB86
:108E800030A140F2C952CDE9002115A00290224B39
:108E900022A22AA10220FCF7F3FAFFF7D1FE37A1A4
:108EA00040F2CD52CDE900210DA002901A4B1BA239
:108EB00022A10220FCF7E4FAFFF71EFF3DA140F2D9
:108EC000D152CDE9002106A00290134B13A21BA1A1
:108ED0000220FCF7D5FABDE80E40FFF769BF00009D
:108EE0005B34475F50524F544F434F4C5D0000007E
:108EF00025732053656E64696E67207374617469AD
:108F00006320696E666F726D6174696F6E20726541
:108F1000706F727473000000E90802012E2E5C531A
:108F200072635C757365725C626C655F34675F70F9
:108F3000726F746F636F6C2E630000004E4F5F544E
:108F40004147000025732053656E64696E67206495
:108F5000657669636520696E666F207265706F72F1
:108F6000742028636F64652031303229202D2073EE
:108F7000746174696320696E666F00002573205305
:108F8000656E64696E6720706172616D20696E66DE
:108F90006F207265706F72742028636F6465203172
:108FA000303429202D2073746174696320696E66E2
:108FB0006F00000025732053656E64696E6720732F
:108FC000657474696E6773207175657279202863A2
:108FD0006F64652031323029000000000EB50E4864
:108FE0000078002809D0FEF709FB002812D003B052
:108FF0000AA15DF804EB13F04BB914A140F20F4243
:10900000CDE900210DA00290174B18A21FA100204E
:10901000FCF736FA0EBD0000F090003073746174F6
:10902000757320696E666F207265706F7274202888
:10903000636F646520313033290000005B34475F83
:1090400050524F544F434F4C5D0000002573205049
:10905000726F746F636F6C206E6F7420696E6974C9
:1090600069616C697A656400410602012E2E5C53C9
:1090700072635C757365725C626C655F34675F70A8
:10908000726F746F636F6C2E630000004E4F5F54FD
:10909000414700000EB54FF00071002811D00122A9
:1090A0000520FCF785F914A140F2DE52CDE900213C
:1090B0000DA00290174B18A21FA10220FCF7E0F9A7
:1090C0000EBD00220520FCF773F91DA140F2E1520C
:1090D000CDE9002104A002900E4B0FA216A10220A0
:1090E000FCF7CEF90EBD00005B34475F50524F5481
:1090F0004F434F4C5D00000025732053656E736F26
:109100007220706F776572204F4E2028535F454E56
:10911000290000000A0902012E2E5C5372635C755F
:109120007365725C626C655F34675F70726F746FD9
:10913000636F6C2E630000004E4F5F544147000088
:1091400025732053656E736F7220706F7765722080
:109150004F46462028535F454E29000030B585B064
:109160001C480078002826D01B4D4EF66020298828
:10917000414300221948FCF787FC04464CB11422F5
:1091800017496846F8F7BCFFADF804406846FBF79E
:1091900067FF288817A240F2265312A1CDE90032BA
:1091A000CDE902100E4B1DA2273B24A10220FCF7A3
:1091B00067F905B030BD23A140F21C52CDE9002172
:1091C00008A0074B0290273B14A21CA10020FCF72B
:1091D00057F9EEE7F09000300C520130205001308A
:1091E000700702015B34475F50524F544F434F4C5E
:1091F0005D00000025732053746172746564206300
:109200006F6C6C6563742074696D65723A202564B7
:10921000206D696E75746573000000002E2E5C531E
:1092200072635C757365725C626C655F34675F70F6
:10923000726F746F636F6C2E630000004E4F5F544B
:109240004147000025732050726F746F636F6C206C
:109250006E6F7420696E697469616C697A65640007
:1092600030B585B01C480078002826D01B4D4EF63E
:1092700060206988414300221948FCF705FC044638
:109280004CB1142217496846F8F73AFFADF804408C
:109290006846FBF7E5FE688817A240F2375312A133
:1092A000CDE90032CDE902100E4B1CA2243B23A1D4
:1092B0000220FCF7E5F805B030BD22A140F22D52A6
:1092C000CDE9002108A0074B0290243B13A21BA16B
:1092D0000020FCF7D5F8EEE7F09000300C5201309A
:1092E00048500130A80702015B34475F50524F5489
:1092F0004F434F4C5D00000025732053746172741E
:109300006564207265706F72742074696D65723A5D
:10931000202564206D696E75746573002E2E5C5374
:1093200072635C757365725C626C655F34675F70F5
:10933000726F746F636F6C2E630000004E4F5F544A
:109340004147000025732050726F746F636F6C206B
:109350006E6F7420696E697469616C697A65640006
:109360003EB50446002C28D094F82100002824D0D3
:109370001DA140F2B752CDE9002117A002902A4B5F
:109380002AA232A10220FCF77BF824222146314890
:10939000F8F7B6FE16F0AEF92F494FF4B862CDE9F2
:1093A00000210DA00290204B20A228A10220FCF752
:1093B00067F8BDE83E4000F0AFB828A140F2B352D4
:1093C000CDE9002104A00290174B18A21FA1012093
:1093D000FCF756F83EBD00005B34475F50524F54D7
:1093E0004F434F4C5D00000025732054726967673E
:1093F0006572696E6720696D6D6564696174652069
:10940000616C61726D2075706C6F6164206475654C
:1094100020746F207468726573686F6C642065785F
:109420006365656465640000C00802012E2E5C530C
:1094300072635C757365725C626C655F34675F70E4
:10944000726F746F636F6C2E630000004E4F5F5439
:1094500041470000A84F0130281E02012573204912
:109460006E76616C69642073656E736F72206461DF
:10947000746120666F7220696D6D656469617465E1
:109480002075706C6F6164000EB5002811D0014624
:1094900024220848F8F734FE0BA140F29452CDE99B
:1094A000002105A00290114B11A219A10320FBF786
:1094B000E7FF0EBDA84F01305B34475F50524F5459
:1094C0004F434F4C5D00000025732053656E736F52
:1094D00072206461746120757064617465642065D4
:1094E000787465726E616C6C790000007808020116
:1094F0002E2E5C5372635C757365725C626C655F83
:1095000034675F70726F746F636F6C2E630000005E
:109510004E4F5F54414700002DE9FF473DA140F207
:109520005962CDE9002137A00290464B46A24EA1D8
:109530000220FBF7A5FF012008F0D8FF42F2107AC5
:10954000504672F457D34A484FF496784678002E26
:1095500034D08078801B0A300A2590FBF5F105FB9A
:109560001100C7B243A140F2696226A0CDE90021F3
:10957000CDE90206334B34A23BA10220FBF780FF6A
:109580000024DFF8189114E03819B0FBF5F105FB61
:10959000110101EBC10009EB8000FFF7D5FA40464D
:1095A00072F428D3FFF71AFD404672F423D3641CEB
:1095B000E4B2B442E8D3FDF7ADFC0BE03748F03835
:1095C000FFF7C2FA404672F415D3FFF707FD404695
:1095D00072F410D3FFF746FC504672F40BD3002010
:1095E00008F084FF2EA140F28962CDE9002105A098
:1095F0000290144B14A21CA10220FBF741FFBDE80E
:10960000FF8700005B34475F50524F544F434F4C2D
:109610005D0000002573205374617274696E6720C9
:1096200075706C6F616420776974682034472F44CB
:10963000545520706F776572206D616E6167656D3E
:10964000656E7400720902012E2E5C5372635C75A4
:109650007365725C626C655F34675F70726F746FA4
:10966000636F6C2E630000004E4F5F544147000053
:10967000F090003025732055706C6F6164696E67DF
:1096800020256420636F6C6C65637465642064617D
:10969000746120706F696E7473000000985001301F
:1096A00025732034472F445455206D6F64756C65C5
:1096B00020706F7765726564206F66660000000039
:1096C000B1EE041AC0EE010A9FED020A20EE800AF4
:1096D000704700000000C84202460020002152F8F6
:1096E00021300BB1401CC0B2491CC9B20C29F6D3C1
:1096F000704710B50DF054FDBDE8104007F094B967
:109700000DF0E4BA00B58DB009A814F0B1F99DF8D8
:1097100025209DF824300A98BDF82610CDE90410C4
:1097200026A040F2FB11CDE90232CDE900102D4B0D
:109730002DA233A10220FBF7A3FE0BA85CF438D4C2
:109740009DF82E209DF82F309DF82C109DF82D00AF
:10975000CDE90601CDE904329DF830009DF83110C5
:1097600029A240F2FF13CDE90032CDE902101D4BD2
:109770001DA223A10220FBF783FE2EA040F20621AA
:10978000CDE90010174B18A21DA10220FBF778FEAF
:1097900006F096FD14F0ACFC14F01CFD13F05CF820
:1097A0002C4809F017F90A2015F04CFB02F0DAF802
:1097B0002949002000F022FB0DB000BD476F6F6407
:1097C000697820424C452053444B205625642E2571
:1097D000642E25642028636F6D6D697420257829B7
:1097E00000000000380102012E2E5C5372635C758C
:1097F0007365725C757365725F6170702E630000D3
:109800004E4F5F54414700004C6F63616C20426FC4
:1098100061726420253032583A253032583A25306A
:1098200032583A253032583A253032583A253032BB
:10983000582E0000476F6F646978205541525428B4
:10984000415429206578616D706C65207374617274
:10985000742E0000052A01013E8D00302DE9F041F3
:1098600005468846284666F46BD4C0B22449097878
:1098700088420DD200EB4000213040F400404246C7
:10988000AC210FF06FFB0446200032D0012430E001
:1098900066F49AD4C7B207EB470606F1200040F4FD
:1098A00000402A4607210FF05DFB10B10120BDE802
:1098B000F081384672F4D8D506F1210040F400401A
:1098C0004246AC210FF04EFB0446200001D001209F
:1098D000EDE7223646F400400FF09AF90949C7EB4C
:1098E000C7000968084429680160A9888180A979AE
:1098F00081711CB941462846FAF7D0FF2046D6E7C9
:10990000382380003C2380000020704710B500F011
:1099100013F812F007F912F057F912F0A1F811F04C
:10992000FBFA14F093FA03F053F912F061F9BDE871
:10993000104003F01BB8000010B50749074808F0B5
:10994000E9FD0749074808F0E5FDBDE81040064974
:10995000064808F0DFBD0000E5480101A1B902009A
:109960005D9800017D5A060039520101C1060300CD
:1099700011F056BA10B50CF03FFB0DF04BFD0CF09A
:1099800067FB0CF079FF0CF0C7FB0BF063FEFDF7F3
:1099900091F907F0FFFE12F0FDF913F03BFEBDE870
:1099A0001040FDF777BA00000148FFF795BE0000B0
:1099B000B413800010B5FFF7DBFF054903480860CA
:1099C000BDE81040034871F4C197000017B8800447
:1099D00074C500A00087930310B50446002C0CD07A
:1099E000204600F01FFD002807D1044949680029DE
:1099F00003D02046BDE81040084710BD3892003023
:109A00002DE9F041CAB004464FF4827109A8F8F775
:109A100090FB208840F20D22B84EA0F20D2190421A
:109A20007BD026DCB0F5027F53D012DCB0F5807F0E
:109A300048D0A0F50070073808D16088E8B3FCF77B
:109A400018FE8DF8240009A8FCF73EFE4AB0BDE8D8
:109A5000F081A0F500700B384CD00128F6D1608859
:109A600060B3FCF706FE8DF8240009A8FCF72CFE75
:109A7000ECE709ADF62976D010DCDFF88482A14F3F
:109A80004FF00005F4294FD0F529DFD16088002878
:109A90006AD0FCF7EEFD8DF82400F7E0F9297DD0BF
:109AA000A1F54071F339D1D16088002877D0FCF757
:109AB000E0FD8DF8240009A801E006E029E0FCF7AC
:109AC00003FEC3E7FFF71EFEC0E7022014F086FF87
:109AD000B9E7608838B1FCF7CCFD8DF8240009A8FF
:109AE000FCF7F2FDB2E770780028F8D1012014F0FD
:109AF00075FFF4E7608840B1FCF7BBFD8DF82400EA
:109B000009A8FCF7E1FDA1E707E0032014F066FFD8
:109B1000F6E7012014F062FFA7E7618C04F10A0266
:109B2000606A14F01DFD91E7608820B1FCF7A1FD8B
:109B30008DF8240026E0207E14F0F8FE052014F0B5
:109B40004DFF01207070207E10B9207908F040FE92
:109B5000A07CE17C227D637DCDE90432CDE9061055
:109B6000A07DE17D01E0A4E039E067A240F2891325
:109B7000CDE90032CDE90210714B72A277A102202B
:109B8000FBF77EFC09A8FCF79FFDEFF31084012092
:109B900080F31088D8F80400056001E09DE0A1E0A2
:109BA00078680560C8F80850C8F80C50BD60FD60C2
:109BB0000121002014F0C2FA0021012014F0BEFAA5
:109BC0000021022014F0BAFA0121032014F0B6FAA1
:109BD0000121042014F0B2FA84F3108836E7012042
:109BE00014F0FCFE207A5FA140F2A912CDE9002119
:109BF0000290534B53A259A10220FBF741FC757010
:109C0000EFF31084012080F31088D8F80400056079
:109C100078680560C8F80850C8F80C50BD60FD6051
:109C20000121002014F08AFA0021012014F086FAA4
:109C30000021022014F082FA0121032014F07EFAA0
:109C40000121042014F07AFA84F310884BA040F22A
:109C5000BF11CDE900103A4B3AA240A10220FBF718
:109C60000FFC642071F4C6D724490020891C00F041
:109C7000C5F878B149A140F2CD12CDE9002102909A
:109C80002F4B30A235A10020FBF7FAFB09A8FCF707
:109C90001BFDDBE64BA04FF4E471CDE90010284B2F
:109CA00028A22EA10220FBF7EBFB022014F096FE67
:109CB000ECE7608838B1FCF7DCFC8DF8240009A8DB
:109CC000FCF702FDC2E64AA1681CFCF701FFADF8F3
:109CD0002601012014F082FEF1E7207901215CF4D5
:109CE00063D7B3E6E08815F035FCE28841A1681C33
:109CF000FCF7EEFEADF82601DDE600003C8D0030FD
:109D0000E04B0130F04B0130436F6E6E656374655C
:109D100064207769746820746865207065657220B6
:109D2000253032583A253032583A253032583A25C3
:109D30003032583A253032583A253032582E000009
:109D4000280102012E2E5C5372635C757365725C90
:109D5000757365725F6170702E6300004E4F5F54C3
:109D600041470000446973636F6E6E656374656498
:109D7000202830782530325829000000436F6E6E5D
:109D8000656374696F6E207265736F757263657356
:109D900020636C65616E6564207570004661696C56
:109DA000656420746F2072657374617274206164DD
:109DB000766572746973696E673A2030782530323F
:109DC000580000004164766572746973696E67209B
:109DD0007265737461727465642061667465722063
:109DE000646973636F6E6E656374696F6E00000003
:109DF0004F4B00004D54553A256400002DE9F843BF
:109E000007460D46EFF311860220F9F71EFE0446C1
:109E1000F9F73AFE401C012181406018C0B280F37E
:109E2000118866F463D28046052F06D350A2102114
:109E30000020FEF757DC152487E09DB14F48C7EBA3
:109E4000C70100EB8104E06860B1607A08B164F496
:109E5000A7D1607A68B14AA210210020FEF742DC47
:109E60000F2472E049A210210020FEF73BDC0224FF
:109E70006BE02069F8B9E068017841B1012910D0A0
:109E800045A210210020FEF72DDC23245DE0807820
:109E9000400710D443A210210020FEF723DC232426
:109EA00053E08078800706D441A210210020FEF7FD
:109EB00019DC232449E0E06841888A0704D5027848
:109EC000012A01D162691AB10278022A07D008E09A
:109ED0003AA210210020FEF705DC252435E0A26916
:109EE00062B1090711D5298809B180290DD936A297
:109EF00010210020FEF7F6DB262426E035A21021F3
:109F00000020FEF7EFDB24241FE0407802280CD16C
:109F1000288818B144F25061884206D930A2102135
:109F20000020FEF7DFDB26240FE0E06928B90021DE
:109F3000042061F4D9D4E061B8B1E0692968016016
:109F40003946002066F42ED300243B4627A2102178
:109F500000200094FEF7C6DB404666F491D1F0B2D3
:109F600080F311882046BDE8F8831024EDE7000057
:109F7000523A313A453A310A000000007C2780000D
:109F8000523A313A453A330A00000000523A313A27
:109F9000453A320A00000000523A313A453A360A50
:109FA00000000000523A313A453A340A00000000FD
:109FB000523A313A453A350A00000000523A313AF5
:109FC000453A370A00000000523A313A453A390A18
:109FD00000000000523A313A453A380A00000000C9
:109FE000523A313A453A31300A000000523A313A99
:109FF0006164765F73746172745B25645D3A2045B9
:10A000003A3078253032780A000000002DE9F04718
:10A0100082460D460026EFF311880220F9F715FD60
:10A020000446F9F731FD401C012181406018C0B29F
:10A0300080F3118866F45AD181462DB1314F97F8DB
:10A04000A50018B10F264BE0022649E0D7F8AC0076
:10A0500038B90021382061F447D4C7F8AC00002893
:10A060004ED0E83757F83C4C38212046F8F761F8D5
:10A0700007F841AC28782070607840F001006070EB
:10A080002889A0816889E081A8892082E889608286
:10A09000F98F40F27120B1FBF0F2521C4FF6FF71C4
:10A0A00001EA4202A282FA8FB2FBF0F0401C01EA00
:10A0B0004000E082288A60801020A080E080E8795B
:10A0C00000F00100E871D5F801002063B5F8050043
:10A0D000A086E87984F836000021062066F462D272
:10A0E000334609A210210020FEF7FCDA484666F448
:10A0F000C7D008F0FF0080F311883046BDE8F08734
:10A100001026EDE77C278000523A313A636F6E6E7D
:10A110006563742C20737461747573203D2025640D
:10A120000A0000002DE9F0470446894690460025C4
:10A13000EFF311870220F9F788FC0646F9F7A4FC33
:10A14000401C012181407018C0B280F3118866F470
:10A15000CDD08246184EB9F1000F14D0042C02D88D
:10A16000B8F1F80F01D901251CE0424649461348D1
:10A17000F7F7C6FF08F0FF0186F877114A4602207C
:10A1800000F038F903E0042C01D901250AE0B6F803
:10A19000220120F007002043A6F82201708840F039
:10A1A00002007080504666F46BD0F8B280F31188DC
:10A1B0002846BDE8F08700007C278000F428800056
:10A1C0000A2805D2034A002152F8200080F88F1097
:10A1D00070470000C40E800010B503460C461846B8
:10A1E00011F096FD002805D12146BDE81040184623
:10A1F0005EF4E09610BD10B50346184611F088FDD8
:10A20000002804D1BDE8104018465EF40D9710BD3B
:10A2100038B504460D4600200090002C06D0694653
:10A220000D485BF481D480B210B110E0022038BD3B
:10A23000142071F413D6014659B105CCC1E90102CD
:10A24000CD609DF80000087404480BF08BFA0020E4
:10A2500038BD102038BD0000500D0201D8920030EA
:10A2600010B503460C46184611F052FD002805D1E2
:10A270002146BDE8104018465FF4E69410BDF8B5DD
:10A280000546069C0E461746284611F041FD00285B
:10A2900005D13A463146284600945FF433D5F8BDDF
:10A2A000F8B50546069C0E461746284611F030FDC7
:10A2B000002805D13A463146284600945FF4CAD5B5
:10A2C000F8BD10B503460C46184611F021FD0028D4
:10A2D00004D1214618465FF419D780B210BD0000A2
:10A2E00070B504460E46002C05D00F4864F43CD1EE
:10A2F00085B215B113E0022070BD142071F4AED503
:10A30000014671B10C6120680088C880CE60074AA0
:10A3100050780871401C5070101D0BF023FA28462D
:10A3200070BD102070BD0000440D0201D0920030BD
:10A3300010B503460C46184611F0EAFC002805D17A
:10A340002146BDE81040184660F4269010BD10B5B7
:10A3500003460C46184611F0DBFC002804D12146C8
:10A36000184660F405D380B210BD000000B58BB074
:10A37000094901200870FF22282101A8F7F7D2FE21
:10A380004FF48070ADF804000020ADF8060001A87D
:10A39000FFF722FB0BB000BD3892003010B5064825
:10A3A0000068002800D08047FAF7EADA08B10120F7
:10A3B00010BD002010BD00002495003010B540F401
:10A3C00040400EF025FC10BD38B50C4621780091B8
:10A3D00040F4404069460EF08FFC002208B1227024
:10A3E00038BDBDF80010FF2902D92270012038BD08
:10A3F000217038BD10B540F440400EF0B3FD10BDE3
:10A400000449016004494160044981600449C16014
:10A410007047000041C20600C9A30001F5A3000176
:10A42000BDA3000170B50446002C1FD04FF6FF738A
:10A430001946208840F20155A0F201524FF480766F
:10A44000A8424AD01BDC40F20245A0F20242A842D8
:10A4500032D00DDCA0F54070013823D0012821D086
:10A46000FF2827D0B0422CD121892AE0002070BDDE
:10A47000012A23D0022A23D0FE2A22D128E0052A4D
:10A480002BD008DC012A28D0022A26D0032A24D087
:10A49000042A16D121E0062A1FD0B24222D0B2F5FA
:10A4A000007F0ED1204607F05BFC204607F0D4FA6F
:10A4B000002070BD218904E0218902E0618900E06B
:10A4C000218A994213D0204607F05AFC012070BD22
:10A4D000204607F055FB002070BD204607F0CCFA5F
:10A4E000002070BD204607F007F8002070BD002056
:10A4F00070BD00002DE9F04395B00546884603F095
:10A50000EFFB064603F0ECFB044603F0E9FB0746CD
:10A5100046B33CB32846F8F790FB41EC100B55A12D
:10A52000204603F06DFB224654A1304603F05EFB4B
:10A53000B8F1000F31D0384603F0F6FB4046F8F78B
:10A540007CFB41EC100B4FA1304603F059FB304629
:10A5500003F0BAFC0446304603F0E6FB204615B093
:10A56000BDE8F0834DA140F28922CDE9002147A04A
:10A570000290524B52A259A10020FAF781FF16B166
:10A58000304603F0D1FB14B1204603F0CDFB17B1E8
:10A59000384603F0C9FB0020E1E76A3DDFF844914B
:10A5A000062D61D2DFE805F0030E19384F5AB9F8CD
:10A5B0000000F8F742FB41EC100B4BA1384603F0CA
:10A5C0001FFB51E0B9F80200F8F737FB41EC100B24
:10A5D0004AA1384603F014FB46E0D9F80400F8F726
:10A5E00093FB41EC100B49A1384603F009FBB9F984
:10A5F0000800F8F711FB41EC100B4AA1384603F0B4
:10A60000FFFAB9F90A00F8F707FB41EC100B4AA171
:10A61000384603F0F5FA27E0D9F81000F8F774FB94
:10A6200004460D46D9F81400F8F76EFB8DE83300A8
:10A6300046A2402105A8F9F7D9F805AA46A138464F
:10A6400003F0F6FA10E0B9F80C00F8F7F6FA41EC6E
:10A65000100B44A1384603F0D3FA05E0214A46A185
:10A660002032384603F0E4FA3A4647A1304603F078
:10A67000BDFA63E7636F64650000000068656164AC
:10A6800065720000726573756C7400005B34475F1F
:10A6900050524F544F434F4C5D00000025732046ED
:10A6A00061696C656420746F2063726561746520F4
:10A6B0004A534F4E206F626A656374005002020174
:10A6C0002E2E5C5372635C757365725C626C655FA1
:10A6D00070726F746F636F6C2E6300004E4F5F5427
:10A6E000414700000C520130636F6C6C6563745F0E
:10A6F00074696D655F736574000000007570646156
:10A7000074615F74696D655F736574006D6574680D
:10A71000616E655F7468726573686F6C645F7365A2
:10A720007400000054454D50485F7468726573684A
:10A730006F6C645F7365740054454D504C5F746872
:10A74000726573686F6C645F73657400252E36667E
:10A750002C252E3666000000636F6F7264696E618F
:10A760007465000077617465725F74687265736800
:10A770006F6C645F736574007365727665725F6198
:10A780006464726573730000626F64790000000096
:10A790002DE9F047A8B0054603F0A2FA824603F07F
:10A7A0009FFA814603F09CFA0746BAF1000F3BD0AE
:10A7B000B9F1000F38D0002F36D066240020269043
:10A7C0002790DFF8E482012D4DD0022D7BD0032DA0
:10A7D0007AD0042D79D0B5A2B9A1384603F028FA71
:10A7E0002046F8F719FA41EC100BB7A1484603F0E0
:10A7F00007FA4A46B6A1504603F0F8F93A46B6A120
:10A80000504603F0F3F99FEDB60BB7A1504603F0A5
:10A81000F7F9504603F058FB0446504603F084FA1B
:10A82000204628B0BDE8F087B5A140F21722CDE957
:10A830000021AFA00290BB4BBBA2C2A10020FAF73F
:10A840001FFEBAF1000F02D0504603F06DFAB9F1C5
:10A85000000F02D0484603F067FA17B1384603F0FC
:10A8600063FA0020DDE7B948F7F786FC50B1B74A34
:10A87000B7A1384603F0DCF9B44AB7A1384603F073
:10A88000D7F90AE0B7A2B2A1384603F0D1F9AF4A2E
:10A89000B1A1C03A384603F0CBF9B3A2B6A138460D
:10A8A00003F0C6F9A94AB6A1603A384603F0C0F9E8
:10A8B000D8F81000F8F728FA05460E46D8F8140024
:10A8C000F8F722FA02E00EE0B2E073E08DE86300F0
:10A8D000AEA2402116A8F8F789FF16AAAEA1384605
:10A8E00003F0A6F97CE76724AF4D287800F001005B
:10A8F000F8F7A3F941EC100BACA1384603F080F94E
:10A900006878F8F79AF941EC100BACA1384603F0DF
:10A9100077F92878C0F34000F8F78FF941EC100B75
:10A92000AAA1384603F06CF926A8FDF709FA9DF8AC
:10A930009B60DFF81882A6B9D8F86000002810DD07
:10A9400063280ED00646A4A240F2452368A1CDE9B3
:10A950000032CDE90216734B73A27AA10220FAF7F6
:10A960008FFDD8F860009DF89B1061A2CDE902210F
:10A97000CDE90406A4A040F24721CDE90010694BBF
:10A9800069A270A10220FAF77BFD3046F8F744F97E
:10A9900041EC100BABA1384603F032F92878C0F334
:10A9A0008000F8F74AF941EC100BABA1384603F0F0
:10A9B00027F915E76824B8F80000F8F73EF941ECEC
:10A9C000100BAAA1384603F01BF9B8F80200F8F7FB
:10A9D00034F941EC100BAAA1384603F011F9D8F86C
:10A9E0000400F8F791F941EC100BAAA1384603F0E6
:10A9F00007F9B8F90800F8F70FF941EC100BAAA114
:10AA0000384603F0FDF8B8F90A00F8F705F941EC0B
:10AA1000100BA9A1384603F0F3F8B8F80C00F8F7CA
:10AA20000CF941EC100BA8A1384603F0E9F8D7E681
:10AA3000692414F0A5FDDFF81481A8F1D408D8F832
:10AA40000400F8F761F905460E46D8F80000F8F75B
:10AA50005BF98DE86300A0A220210EA8F8F7C6FEDE
:10AA60000EAAA0A1384603F0E3F898ED020ABDEE65
:10AA7000C00A10EE100AF8F7CFF841EC100B9DA1B8
:10AA8000384603F0BDF850209FED9D0B02908DEDF0
:10AA9000000B9DA2202106A8F8F7A8FE06AA9CA1FB
:10AAA000384603F0C5F89BE60C520130756E6B6EAC
:10AAB0006F776E5F71756572795F7479706500008C
:10AAC0006572726F72000000636F646500000000C1
:10AAD0006865616465720000626F6479000000005F
:10AAE000000000000000F03F726573756C74000098
:10AAF0005B34475F50524F544F434F4C5D00000052
:10AB00002573204661696C656420746F20637265EB
:10AB1000617465204A534F4E206F626A6563747397
:10AB2000000000002D0202012E2E5C5372635C7542
:10AB30007365725C626C655F70726F746F636F6C6B
:10AB40002E6300004E4F5F5441470000E44C01303B
:10AB5000494D4549000000006465766963655F49B9
:10AB600044000000300000004E6F7420417661699F
:10AB70006C61626C6500000053494D5F4944000000
:10AB80006465766963655F7665720000252E3666BA
:10AB90002C252E36660000006465766963655F6C5F
:10ABA0006F636174696F6E00EC9000306465766964
:10ABB00063655F77617465720000000073656E7392
:10ABC0006F725F73746174757300000064657669F9
:10ABD00063655F6D6F7665002573205573696E67D9
:10ABE00020415420636F6C6C6563746F72207369CD
:10ABF000676E616C2061732066616C6C6261636B6F
:10AC00003A20256400000000257320537461747598
:10AC100073207175657279202D2034472073696720
:10AC20006E616C3A2025642C204154207369676E54
:10AC3000616C3A2025642C2066696E616C3A20258F
:10AC4000640000006465766963655F4C54455F731A
:10AC500069676E616C0000006465766963655F47D3
:10AC600050535F7374617475730000006465766996
:10AC700063655F636F6C6C6563745F74696D6500B9
:10AC80006465766963655F7570646174615F74693A
:10AC90006D6500006D657468616E655F74687265EE
:10ACA00073686F6C6400000054454D50485F7468D1
:10ACB000726573686F6C640054454D504C5F7468E6
:10ACC000726573686F6C640077617465725F746835
:10ACD000726573686F6C6400252E31662C252E31E9
:10ACE0006600000073656E736F725F6D65746861F6
:10ACF0006E65000073656E736F725F54454D500052
:10AD0000000000A099990D40252E33662C25640083
:10AD100073656E736F725F6261747465727900003F
:10AD200030B5ADF2144D05460C4630480078002889
:10AD300025D0002D31D0002C2FD031A240F215406B
:10AD40002BA1CDE90002CDE90214364B36A23DA17C
:10AD50000220FAF795FBB4F5806F2CD33BA140F2AB
:10AD60001B4223A0CDE90021CDE902042D4B2EA2E8
:10AD700034A10020FAF784FB0DF2144D30BD3CA144
:10AD800040F20B42CDE9002119A00290254B26A2EA
:10AD90002CA10020FAF774FBEEE73CA140F211422F
:10ADA000CDE9002112A002901E4B1FA225A1002078
:10ADB000FAF766FBE0E72246294605A8F7F7A0F96F
:10ADC00005A8002101550AA136A240F22243CDE98F
:10ADD0000032CDE90210134B13A21AA10220FAF798
:10ADE0004FFB05A800F090FFC6E70000EB90003095
:10ADF0005B34475F50524F544F434F4C5D0000004F
:10AE000025732050726F63657373696E67204A53B0
:10AE10004F4E20646174613A202564206279746524
:10AE200073000000A90202012E2E5C5372635C7550
:10AE30007365725C626C655F70726F746F636F6C68
:10AE40002E6300004E4F5F54414700002573204A97
:10AE5000534F4E206461746120746F6F206C617277
:10AE600067653A20256420627974657300000000EC
:10AE700025732050726F746F636F6C206E6F742037
:10AE8000696E697469616C697A656400257320492B
:10AE90006E76616C696420706172616D6574657253
:10AEA0007300000025732052656365697665642030
:10AEB0004A534F4E3A2025730000000030B587B04A
:10AEC00000200590069012233424562178229A20DF
:10AED000BC25CDE90305CDE9004102920AA220215B
:10AEE0001148F8F783FC104810A114A24FF4D37353
:10AEF000CDE90032CDE90210154B16A21CA10220AB
:10AF0000FAF7BEFA07B030BD253032583A25303254
:10AF1000583A253032583A253032583A253032588E
:10AF20003A25303258000000C44C01305B34475F92
:10AF300050524F544F434F4C5D0000002573204446
:10AF400065766963652049443A2025730000000056
:10AF5000D10102012E2E5C5372635C757365725CC5
:10AF6000626C655F70726F746F636F6C2E6300004C
:10AF70004E4F5F5441470000002803D00249D1F8EA
:10AF80000110016070470000EB90003030B5ADF566
:10AF9000057D05460C46002D64D0002C62D0B4F52A
:10AFA000007F0FD335A240F2996030A1CDE90002B5
:10AFB000CDE902143A4B3BA241A10120FAF760FA15
:10AFC00040F2FF142246294605A8F7F799F805A88C
:10AFD0000021015525A1CDE9021404903AA24FF4B5
:10AFE000D460019200902E4B2EA235A10320FAF7D7
:10AFF00047FA214605A808F03FFE3C4A92F86D004A
:10B0000000282FD0002092F86C1002F14004012992
:10B0100002D0022917D10EE03448F7F7ADF840B955
:10B0200032482030F7F7A8F818B92046F7F7A4F807
:10B0300048B1012007E0106E002803DA2046F7F738
:10B040009BF800B1012000280CD029A140F2C26277
:10B05000CDE9002105A00290114B12A218A10320F6
:10B06000FAF70EFA0DF5057D30BD00005B34475F41
:10B0700050524F544F434F4C5D0000002573203415
:10B080004720726573706F6E736520746F6F206CEC
:10B09000617267653A2025642062797465730000E7
:10B0A0008B0302012E2E5C5372635C757365725CB8
:10B0B000626C655F70726F746F636F6C2E630000FB
:10B0C0004E4F5F544147000025732050726F6365F7
:10B0D0007373696E6720344720726573706F6E7387
:10B0E000653A205B25645D2025730000E44C013047
:10B0F00025732053756666696369656E74206461A3
:10B10000746120636F6C6C65637465642C20636884
:10B1100065636B696E6720666F7220726573706F0E
:10B120006E73652073656E64000000002DE9F041C8
:10B1300080462DED028B8CB00C461546F648007803
:10B14000002810D00126A8F16A004FF4B4619FEDE9
:10B15000F38B06287DD2DFE810F0180093000C0175
:10B1600059018D01BD01F3A140F2C542CDE9002195
:10B17000ECA00290F64BF7A2FDA10020FAF780F9AF
:10B180000CB0BDEC028BBDE8F081022D2ED36078AF
:10B19000227840EA0227781E884228D2384611F0E9
:10B1A00071FD78B10026F4A14FF49B62DDA0CDE9DA
:10B1B0000021CDE90207E64BE6A2EDA10220FAF755
:10B1C0005FF90CE0F5A140F2DD42CDE90021D5A008
:10B1D0000290DF4BDFA2E6A10020FAF751F9FDF75C
:10B1E000A7FB2A4621466A20FCF7B6FD2FE3F4A10F
:10B1F00040F2E942CBA0CDE90021CDE90207D44BD2
:10B20000D4A2DBA10020FAF73BF902F069FD054664
:10B2100002F066FD04469FEDF60BF7A1204602F012
:10B22000EFFCB0EE480AF0EE680AF5A1284602F0FD
:10B23000E7FC2246F4A1284602F0D8FC284602F09A
:10B2400043FE0446C4B12046F6F796FF81B220467D
:10B2500000E0EBE201F09CFEEDA140F2F642CDE908
:10B260000021B0A00290BA4BBAA2C1A10220FAF705
:10B2700007F92046F8F73EFC284602F055FDE6E2C5
:10B28000022DB3D36078227840EA0227781E8842E4
:10B2900028D2384611F0DCFE78B10026E7A140F252
:10B2A0000952A0A0CDE90021CDE90207A84BA9A22F
:10B2B000AFA10220FAF7E4F80CE0E9A140F20E5247
:10B2C000CDE9002197A00290A14BA2A2A8A1002045
:10B2D000FAF7D6F8FDF7B2FB2A4621466B20FCF7B9
:10B2E0003BFDB4E2E7A140F21A528EA0CDE9002165
:10B2F000CDE90207964B97A29DA10020FAF7C0F86E
:10B3000002F0EEFC054602F0EBFC04469FEDE90B73
:10B31000B9A1204602F074FCB0EE480AF0EE680ACB
:10B32000B7A1284602F06CFC2246B7A1284602F0DD
:10B330005DFC284602F0C8FD0446B4B12046F6F78D
:10B340001BFF81B2204601F023FEDCA140F2275210
:10B35000CDE9002173A002907D4B7EA284A1022042
:10B36000FAF78EF82046F8F7C5FB284602F0DCFC19
:10B370006DE2082DB5D320680B90A0880A90E08874
:10B3800009900B98F7F7C0FC04AABDF92440BDF959
:10B39000285023C2D3A140F23952CDE900210794AD
:10B3A00060A002906A4B6BA271A10320FAF768F8C3
:10B3B0009DED0B0A11F040FD002819D021462846CA
:10B3C00011F0C8FDA0B100260B98F7F79DFC04AA68
:10B3D0005F4B23C2D1A140F24152CDE90021079435
:10B3E00050A002905BA262A10220FAF749F82EE277
:10B3F000DAA140F24752CDE900214AA00290544B15
:10B4000054A25BA10020FAF73BF820E2082DAFD34D
:10B4100020680B9060680A90DDED0A0A9DED0B0A2A
:10B4200011F0A2FCC0B100260A98F7F76DFC0446A3
:10B430000D460B98F7F768FC04AA454B33C2CEA122
:10B4400040F25A52CDE9002136A0029041A248A113
:10B450000220FAF715F8FAE1D2A140F25F52CDE9E5
:10B46000002130A002903A4B3AA241A10020FAF705
:10B4700007F8ECE1042DBAD320680B909DED0B0A80
:10B48000BCEEC00A10EE100A80B211F053FE98B163
:10B4900000260B98F7F738FCCDE90401CAA140F269
:10B4A0006F52CDE900211FA00290294B29A230A1A3
:10B4B0000220F9F7E5FFCAE1CBA140F27452CDE9D1
:10B4C000002118A00290224B22A229A10020F9F706
:10B4D000D7FFBCE1002D1ED0402D1CD2CB48214609
:10B4E0002A460446F6F73CFEC84900202039294484
:10B4F00081F820000026C6A140F27F5209A0CDE9C4
:10B500000021CDE90204124B12A219A10220F9F781
:10B51000B7FF11F011FB9AE1EB9000300000000042
:10B520000000F03F5B34475F50524F544F434F4C45
:10B530005D00000025732050726F746F636F6C2084
:10B540006E6F7420696E697469616C697A656400F4
:10B550001A0302012E2E5C5372635C757365725C74
:10B56000626C655F70726F746F636F6C2E63000046
:10B570004E4F5F544147000025732053657420638C
:10B580006F6C6C65637420696E74657276616C3A79
:10B59000202564206D696E757465730025732046DF
:10B5A00061696C656420746F2073657420636F6CCF
:10B5B0006C65637420696E74657276616C0000005E
:10B5C000257320496E76616C696420636F6C6C65CD
:10B5D000637420696E74657276616C3A202564200C
:10B5E0002872616E67653A20312D3134343029007C
:10B5F0000000000000805A40636F64650000000096
:10B60000726573756C740000686561646572000032
:10B61000257320436F6C6C6563742074696D6520BD
:10B62000736574206661696C656420726573706F00
:10B630006E73652073656E740000000025732053DF
:10B640006574207265706F727420696E74657276AD
:10B65000616C3A202564206D696E75746573000015
:10B660002573204661696C656420746F207365746E
:10B67000207265706F727420696E74657276616C89
:10B6800000000000257320496E76616C69642072A9
:10B6900065706F727420696E74657276616C3A20A1
:10B6A0002564202872616E67653A20312D3134346B
:10B6B000302900000000000000C05A4025732055CA
:10B6C00070646174652074696D65207365742066AB
:10B6D00061696C656420726573706F6E7365207349
:10B6E000656E740025732052656365697665642014
:10B6F0007468726573686F6C64733A204348343DB4
:10B70000252E32662C2054454D505F483D25642C33
:10B710002054454D505F4C3D256400002573205357
:10B720006574207468726573686F6C64733A204343
:10B7300048343D252E32662525766F6C2C205445E5
:10B740004D505F483D2564C2B0432C2054454D50B8
:10B750005F4C3D2564C2B0430000000025732046C5
:10B7600061696C656420746F2073657420746872FD
:10B770006573686F6C64730025732053657420696A
:10B780006E7374616C6C206C6F636174696F6E3A78
:10B79000206C61743D252E36662C206C6F6E3D2525
:10B7A0002E3666002573204661696C656420746FCF
:10B7B0002073657420696E7374616C6C206C6F63A8
:10B7C0006174696F6E0000002573205365742077E3
:10B7D00061746572207468726573686F6C643A2076
:10B7E000252E3266000000002573204661696C65D5
:10B7F0006420746F2073657420776174657220749F
:10B8000068726573686F6C64000000002C52013030
:10B8100025732053657420736572766572206164A8
:10B8200064726573733A202573000000AFF20C3028
:10B8300010A140F28552CDE90208CDE90021174B55
:10B84000AFF2F022AFF2D8210020F9F719FE31460D
:10B850004046FEF74FFE0446002C3FF491AC2046D4
:10B8600000F042FF0CB02046BDEC028BBDE8F04179
:10B87000F8F740B9257320556E6B6E6F776E2070A8
:10B880006172616D657465722073657420636F6D9C
:10B890006D616E643A202564000000001A03020105
:10B8A0001FB5044612480078002813D015A140F2B5
:10B8B000A54210A0CDE90021CDE90204184B19A240
:10B8C0001FA10220F9F7DCFD04B02046BDE81040BE
:10B8D000F9F74AB81CA140F2A142CDE9002105A028
:10B8E00002900F4B0FA216A10020F9F7C9FD1FBD52
:10B8F000EB9000305B34475F50524F544F434F4CF6
:10B900005D00000025732048616E646C696E6720DD
:10B91000717565727920747970653A20256400002C
:10B92000E20202012E2E5C5372635C757365725CD9
:10B93000626C655F70726F746F636F6C2E63000072
:10B940004E4F5F544147000025732050726F746F53
:10B95000636F6C206E6F7420696E697469616C69C5
:10B960007A6564007FB54F4C207800280DD052A135
:10B970004FF47472CDE900214BA00290564B57A2B0
:10B980005DA10120F9F77CFD7FBDC4215C48F6F77D
:10B99000D0FBFFF793FA00F033F900F0ABF900F0B9
:10B9A00061F957481421D438F6F7C3FB0120207001
:10B9B00054A140F2E332CDE900213BA00290464B76
:10B9C00046A24DA10220F9F75BFD59A140F2E632F3
:10B9D000CDE9002134A002903F4B40A246A10220B5
:10B9E000F9F74EFD4FF47A7070F404D15CA4204650
:10B9F000F6F7C2FB81B2204612F084FC4FF4FA75D0
:10BA0000284670F4F7D05AA42046F6F7B5FB81B269
:10BA1000204612F077FC284670F4ECD03848F6F750
:10BA2000ABFB78B1364820A156A240F2F633CDE9FF
:10BA30000032CDE90210284B28A22FA10220F9F7ED
:10BA40001FFD0CE055A140F2FA32CDE9002116A00D
:10BA50000290214B21A228A10120F9F711FD2848CD
:10BA600020300446F6F788FB70B159A140F2FF324E
:10BA70000DA0CDE90021CDE90204174B17A21EA1AC
:10BA80000220F9F7FDFC7FBD57A140F20342CDE94A
:10BA9000002105A00290104B10A217A10120F9F778
:10BAA000EFFC7FBDEB9000305B34475F50524F544A
:10BAB0004F434F4C5D00000025732050726F746F30
:10BAC000636F6C20616C726561647920696E697462
:10BAD00069616C697A656400970202012E2E5C53DD
:10BAE00072635C757365725C626C655F70726F74B3
:10BAF0006F636F6C2E6300004E4F5F544147000030
:10BB0000E44C0130257320424C452070726F746FF5
:10BB1000636F6C20696E697469616C697A65642011
:10BB20007375636365737366756C6C7900000000F0
:10BB30002573205175657279696E6720494D4549B5
:10BB400020616E642049434349442066726F6D2032
:10BB50003447206D6F64756C652E2E2E000000003A
:10BB600061646D696E41542B494D45493F0D0A0092
:10BB700061646D696E41542B49434349443F0D0A4A
:10BB800000000000257320494D45492072657472FC
:10BB900069657665643A20257300000025732049A5
:10BBA0004D4549206E6F74207265747269657665C3
:10BBB000642C2077696C6C207573652066616C6CF1
:10BBC0006261636B206465766963652049440000A7
:10BBD0002573204943434944207265747269657630
:10BBE00065643A2025730000257320494343494486
:10BBF000206E6F74207265747269657665640000EA
:10BC000010B50D49A1F1A000F6F7D8FA0A480BA12A
:10BC10008038F6F7D3FA08480DA14038F6F7CEFA87
:10BC200005480DA13038F6F7C9FA0348BDE81040C1
:10BC30000AA12038F6F7C2BAC44C01304752353554
:10BC400031355F4761735F4465746563746F72007B
:10BC5000312E302E30000000312E3000476F6F64DF
:10BC6000697800000EB510F05DFE0BA140F2CD1218
:10BC7000CDE9002104A00290144B15A21BA10220C3
:10BC8000F9F7FEFB0EBD00005B34475F50524F5486
:10BC90004F434F4C5D000000257320506172616D71
:10BCA000657465722073657474696E677320696E5C
:10BCB000697469616C697A6564207669612073686A
:10BCC000617265645F706172616D7300EC01020105
:10BCD0002E2E5C5372635C757365725C626C655F7B
:10BCE00070726F746F636F6C2E6300004E4F5F5401
:10BCF0004147000003480121017041708170C1700B
:10BD000070470000EC9000302DE9F0412DED068BDE
:10BD10008AB00446204602F054F80646002E3CD075
:10BD2000F4A1304602F028F8002849D0F3A102F02F
:10BD300023F80446002C58D0204602F020F80028B2
:10BD400053D0A08A85B2F3A14FF43972EDA0CDE9AA
:10BD50000021CDE90205F74BF7A2FEA10220F9F779
:10BD60008FFBFEA1304602F007F80446200051D0B8
:10BD7000A5F165009FEDFB9B9FEDFC8B0B287BD213
:10BD8000DFE810F05D007A007A007A007A0089001E
:10BD90002A01E50231037D03A703F6A140F2CE227A
:10BDA000D8A0CDE90021CDE90204E24BE2A2E9A14D
:10BDB0000020F9F765FB0AB0BDEC068BBDE8F08109
:10BDC000F3A140F2D622CDE90021CEA00290D94BBA
:10BDD000D9A2E0A10020F9F753FB0AB03046BDEC30
:10BDE000068BBDE8F04101F09FBFF0A140F2DE22DA
:10BDF000CDE90021C3A00290CE4BCFA2D5A1002057
:10BE0000F9F73EFB0AB03046BDEC068BBDE8F041C9
:10BE100001F08ABFEFA140F2EA22CDE90021B9A0EA
:10BE20000290C44BC4A2CBA10020F9F729FB0AB0B1
:10BE30003046BDEC068BBDE8F04101F075BFEBA1CB
:10BE4000204601F099FF0446BCB1204601F097FF5F
:10BE500098B1247DE7A140F2FB22AAA0CDE9002100
:10BE6000CDE90204B34BB4A2BAA10220F9F708FB52
:10BE70002046FFF715FD62E350E3E6A140F2F6220B
:10BE8000CDE900219FA00290AA4BABA2B1A1002056
:10BE9000F9F7F6FA53E3EAA1204601F06DFF0446F4
:10BEA0009FEDECAB002C5CD0204601F068FF002831
:10BEB00057D0A08A84B2200A8DF824008DF825403E
:10BEC000022209A92846FFF731F901F009FF0546CA
:10BED00001F006FF074601F003FF8046B0EE4A0A74
:10BEE000F0EE6A0A85A1384601F08AFE2046F6F790
:10BEF000A4FE41EC100BD2A1404601F081FEB0EE51
:10BF0000480AF0EE680AD5A1284601F079FE3A46C3
:10BF100078A1284601F06AFE424690A1284601F029
:10BF200065FE284601F0D0FF0446B4B12046F6F77E
:10BF300023F981B2204601F02BF8CAA14FF44B72CD
:10BF4000CDE900216FA002907A4B7BA281A1022053
:10BF5000F9F796FA2046F7F7CDFD284601F0E4FE02
:10BF6000EDE2C9A140F20632CDE9002165A00290C0
:10BF7000704B71A277A10020F9F782FA01F0B0FEB0
:10BF8000054601F0ADFE0446B0EE4A0AF0EE6A0A3C
:10BF90005AA1204601F034FEB0EE490AF0EE690ADB
:10BFA000AEA1284601F02CFE224652A1284601F0FF
:10BFB0001DFE284601F088FF04464CB12046F6F7E6
:10BFC000DBF881B2204600F0E3FF2046F7F792FD50
:10BFD000284601F0A9FEB2E2B7A1204601F0CCFE4E
:10BFE00004469FEDB9AB002C5CD0204601F0C7FEA3
:10BFF000002857D0A08A84B2200A8DF824008DF83A
:10C000002540022209A92846FFF790F801F068FEB2
:10C01000054601F065FE074601F062FE8046B0EE7F
:10C020004A0AF0EE6A0A35A1384601F0E9FD2046D9
:10C03000F6F703FE41EC100B9FA1404601F0E0FD36
:10C04000B0EE480AF0EE680A84A1284601F0D8FD57
:10C050003A4628A1284601F0C9FD42463FA128469C
:10C0600001F0C4FD284601F02FFF0446B4B120467C
:10C07000F6F782F881B2204600F08AFF94A140F2E0
:10C080005F32CDE900211FA002902A4B2AA231A1E4
:10C090000220F9F7F5F92046F7F72CFD284601F0C4
:10C0A00043FE4CE293A140F23932CDE9002115A0C4
:10C0B0000290204B20A227A10020F9F7E1F901F01E
:10C0C0000FFE054601F00CFE0446B0EE4A0AF0EE03
:10C0D0006A0A0AA1204601F093FDB0EE490AF0EE8B
:10C0E000690A5EA1284601F08BFD224601A128467F
:10C0F00018E100006865616465720000636F646543
:10C10000000000005B34475F50524F544F434F4C88
:10C110005D000000257320526563656976656420C3
:10C12000636F6D6D616E6420636F64653A20256492
:10C1300000000000770202012E2E5C5372635C75D2
:10C140007365725C626C655F70726F746F636F6C45
:10C150002E6300004E4F5F5441470000626F6479C8
:10C1600000000000000000000000F03F00000000A0
:10C17000000000002573204661696C656420746FBF
:10C18000207061727365204A534F4E3A2025730028
:10C190002573204D697373696E67206865616465F6
:10C1A0007220696E204A534F4E0000002573204DC7
:10C1B000697373696E67206F7220696E76616C694E
:10C1C0006420636F646520696E20686561646572D0
:10C1D000000000002573204D697373696E6720624B
:10C1E0006F647920696E204A534F4E0074797065F0
:10C1F0000000000025732050726F63657373696ED1
:10C200006720717565727920747970653A202564AC
:10C21000000000002573204D697373696E67206FFD
:10C220007220696E76616C6964207479706520692A
:10C230006E20717565727920626F6479000000006C
:10C24000636F6C6C6563745F74696D655F7365744F
:10C25000000000000000000000805A407265737505
:10C260006C740000257320436F6C6C6563742074DC
:10C27000696D652073657420726573706F6E736588
:10C280002073656E740000002573204D6973736917
:10C290006E67206F7220696E76616C696420636FCF
:10C2A0006C6C6563745F74696D655F736574206938
:10C2B0006E20626F647900007570646174615F74F0
:10C2C000696D655F736574000000000000C05A402E
:10C2D0002573205570646174652074696D652073E1
:10C2E000657420726573706F6E73652073656E740C
:10C2F000000000002573204D697373696E67206F1D
:10C300007220696E76616C69642075706461746115
:10C310005F74696D655F73657420696E20626F6418
:10C320007900000001F062FC284601F0CDFD0446D2
:10C330004CB12046F5F720FF81B2204600F028FEE0
:10C340002046F7F7D7FB284601F0EEFCF7E080A186
:10C35000204601F011FD804683A1204601F00CFD2E
:10C36000074686A1204601F007FD0446B8F1000FFC
:10C3700028D0404601F003FD20B31FB3384601F03A
:10C38000FEFCF8B1F4B1204601F0F9FCD0B198ED13
:10C39000060B51EC100BF6F7FBFC0990B88A0890DD
:10C3A000A08A079009980590BDF82000ADF8180004
:10C3B000BDF81C00ADF81A00082205A92846FEF7B2
:10C3C000B5FEBCE0AFF2C42071A140F27132CDE9FC
:10C3D00000217C4B0290AFF2A022AFF28821002016
:10C3E000F9F74EF8ABE078A1204601F0C5FC07460E
:10C3F00079A1204601F0C0FC044627B3384601F07D
:10C40000BEFC00B3FCB1204601F0C4FCD8B17F698A
:10C41000246908AB09AA73A12046F5F73DFF02285D
:10C4200022D0AFF2203071A140F29532CDE9020462
:10C43000CDE90021634BAFF20032AFF2E8210020DA
:10C44000F9F71EF87BE0AFF2443071A140F28A3276
:10C45000CDE900215B4B0290AFF22432AFF20C31F8
:10C460000020F9F70DF86AE00597099806900898FA
:10C4700007900C2205A92846FEF758FE5FE073A13D
:10C48000204601F079FC044694B1204601F077FC87
:10C4900070B194ED060B51EC100BF6F779FC099096
:10C4A00009980890042208A92846FEF73FFE46E0B6
:10C4B000AFF2B03068A140F2A632CDE90021414B85
:10C4C0000290AFF28C32AFF274310020F8F7D8FF4F
:10C4D00035E06FA1204601F04FFC04466CB12046C8
:10C4E00001F058FC48B124692046F5F745FE82B2B8
:10C4F00021462846FEF71AFE21E0AFF2F83066A189
:10C5000040F2B632CDE900212E4B0290AFF2D83284
:10C51000AFF2C0310020F8F7B3FF10E0AFF21C40DB
:10C520006AA14FF47072CDE90205CDE90021254BD7
:10C53000AFF2FC32AFF2E4310020F8F7A1FF0AB00D
:10C540003046BDEC068BBDE8F04101F0EDBB0000CC
:10C550006D657468616E655F7468726573686F6C31
:10C56000645F73657400000054454D50485F746803
:10C57000726573686F6C645F7365740054454D50E9
:10C580004C5F7468726573686F6C645F7365740088
:10C590002573204D697373696E67206F7220696E11
:10C5A00076616C6964207468726573686F6C64731B
:10C5B00020696E207468726573686F6C642073659F
:10C5C00074000000770202016C6F636174696F6E22
:10C5D0005F73657400000000636F6F7264696E6161
:10C5E0007465000025662C2566000000257320492F
:10C5F0006E76616C696420636F6F7264696E6174DA
:10C600006520666F726D61743A202573000000002A
:10C610002573204D697373696E67206F7220696E90
:10C6200076616C6964206C6F636174696F6E2070F1
:10C630006172616D657465727320696E206C6F63E1
:10C640006174696F6E2073657400000074687265B0
:10C6500073686F6C640000002573204D6973736903
:10C660006E67206F7220696E76616C6964207468F1
:10C67000726573686F6C6420696E2077617465728F
:10C68000207468726573686F6C6420736574000051
:10C6900061646472657373002573204D69737369F7
:10C6A0006E67206F7220696E76616C6964206164C8
:10C6B000647265737320696E20736572766572208B
:10C6C000616464726573732073657400257320550B
:10C6D0006E6B6E6F776E20636F6D6D616E6420633D
:10C6E0006F64653A202564001FB50446224800782F
:10C6F000002824D0002C30D024A14FF4B762CDE91B
:10C7000000211EA002902B4B2BA232A10220F8F791
:10C71000B7FE2046F5F730FD81B2204612F0DAFE72
:10C720002EA140F2BD5215A0CDE90021CDE90204B1
:10C73000204B21A227A10320F8F7A2FE1FBD2EA1A6
:10C7400040F2AE52CDE900210CA00290194B1AA282
:10C7500020A10020F8F794FE1FBD2EA140F2B45294
:10C76000CDE9002105A00290124B13A219A10020CF
:10C77000F8F786FE1FBD0000EB9000305B34475F8A
:10C7800050524F544F434F4C5D00000025732053CF
:10C79000656E64696E67204A534F4E2072657370F0
:10C7A0006F6E73652076696120424C45206F6E6C18
:10C7B00079000000380302012E2E5C5372635C7511
:10C7C0007365725C626C655F70726F746F636F6CBF
:10C7D0002E6300004E4F5F544147000025732042F6
:10C7E0004C4520726573706F6E73652073656E744F
:10C7F0003A2025730000000025732050726F746F7B
:10C80000636F6C206E6F7420696E697469616C6906
:10C810007A656400257320496E76616C6964204AEC
:10C82000534F4E20737472696E670000002804D065
:10C83000014614220148F5F763BC7047104C0130E3
:10C84000B1EE041AC0EE010A9FED020A20EE800A42
:10C85000704700000000C84210B50AF0A5FF0BF0B9
:10C860009DFC0BF0B7FB04F099FABDE8104004F012
:10C870006FBB000070B5C0B0F8203F9040F28C4113
:10C880003348F5F756FC64F4F7D30020304CFF2111
:10C89000C0EBC00204EB82021172401CC0B205283A
:10C8A000F6D3002004EB001282F8B010401CC0B296
:10C8B0000528F7D384F8981084F8A41084F894100D
:10C8C00084F8001123480026067023480670234888
:10C8D00000688047608840F00200608001AA3FA99C
:10C8E0000220FDF771FD1E4D48B31E48F5F744FCCC
:10C8F000401CC2B284F877211A492846F5F700FC9B
:10C900000820A4F872020A20A4F87402A4F876623F
:10C91000C820A4F87802267150211348F5F709FCC5
:10C920000020114A4FF6FF7122F83010401CC0B2AF
:10C930000A28F9D3002066F49FD340B070BD9DF85B
:10C94000FC2084F8772101A92846F5F7D9FBD7E721
:10C950007C27800008228000092280000C228000B1
:10C96000F428800088D307002A2780000449034860
:10C97000086005490348086070470000A9FD0001F0
:10C980000C228000DDFF00011822800070B5002617
:10C99000150A0E4805EB450200EB021409882180B8
:10C9A0000120A0702846FDF70BFC002063F468D43A
:10C9B0000748016829B10B681BB12288002128466D
:10C9C000984763F493D4304670BD0000D42E8000A5
:10C9D000B82280003EB500241D0A0A78122A02D02F
:10C9E000132A04D006E000208DF8000002E00120A8
:10C9F0008DF800008888ADF804004888ADF8020082
:10CA0000891D0291002063F43BD40B48016829B1D1
:10CA10008A691AB169462846904708E09DF80000E7
:10CA2000012804D1BDF804102846FDF7D5FB63F4B6
:10CA30005DD420463EBD0000B4228000014800784D
:10CA4000704700003C9500307CB50E46150A00206A
:10CA500000900190694628466DF490D49DF8062018
:10CA60006946284604F058FD0446CCB15DF48ED2E8
:10CA7000C0B15DF48BD2C01C81B232880023204645
:10CA800067F46CD6694628460FF0C0F940B106A29B
:10CA900040210020FBF726DE2146684658F4D4D713
:10CAA00000207CBD0020E7E7523A333A7361766597
:10CAB00020636363640A00002DE9F0470646DDE960
:10CAC00008890F4614461D461EA204210020FBF7CC
:10CAD00009DE22494B205EF477D700214B205EF41B
:10CAE00071D739463046F5F724FB29462046F5F73D
:10CAF00020FB49464046F5F71CFB5FF4A1D320B16B
:10CB00002946204658F432D704E015A2042100201B
:10CB1000FBF7E8DD4946404661F444D361F4BED2F8
:10CB20005CF4ACD13946304661F4C6D26DF460D3C2
:10CB300017485FF4F9D4FFF79DFEBDE8F0470EF00B
:10CB400031B80000523A5B53444B5D626C655F73D1
:10CB5000646B5F696E69740A0000000054238000F2
:10CB6000523A5B53444B5D4E56445320616E6420F1
:10CB7000426F6E64204D616E6167657220617265FF
:10CB8000206E6F7420617661696C61626C650A0069
:10CB90004423800010B524210B480EF073F80A21BD
:10CBA0000A480EF069F80321084850300EF05EF88C
:10CBB000FCF7E0FE0520FCF7A3FDFFF74DFEBDE806
:10CBC0001040FCF796BD0000FC8A00301C8C003041
:10CBD0000249014808607047B9CA00014823800033
:10CBE00010B588B0044661F48BD20020079007A8E6
:10CBF0004FF432D10798FDF703FC2068019060687C
:10CC00000290A0680390E0680490208AADF81400B8
:10CC1000608AADF81600A08AADF81800E08AADF879
:10CC20001A0001A84FF442D14FF422D10348016801
:10CC300001614168416108B010BD0000300100B0E1
:10CC400010B58AB00446FF2228216846F5F76AFA33
:10CC500040F20271ADF800100021ADF802108DF81D
:10CC600004406846FCF7B8FE0AB010BD30B58568D0
:10CC7000027B002D02D0002001210CE0104630BDC7
:10CC8000CB0801F00704EB5CE340DB0701D0401C5C
:10CC9000C0B2491CC9B28A42F2D830BD002308494B
:10CCA000496808E00A89824204D84A89824201D34D
:10CCB000CB6802E009680029F4D1184670470000EB
:10CCC000D092003001460548406803E002798A426C
:10CCD00002D000680028F9D170470000D0920030DF
:10CCE00070B58AB01C4E3078FFF7ECFF0446200088
:10CCF00014D02169E0880968088020695DF42AD48D
:10CD00000546FF2228216846F5F70CFA40F2054057
:10CD1000ADF80000ADF802501DB113E00C200AB0D0
:10CD200070BD2069FFF7A2FF0246206901680988EB
:10CD300021810068008810446081ADF80810608986
:10CD4000ADF80A00E16809B1684688473078401CB0
:10CD50003070E8B2E3E70000D092003070B51948B7
:10CD60000468194D2878002801D0002070BD4FF0CC
:10CD700080606CF4BDD1FAF77DDD60086DF4C8D039
:10CD8000124908608817114901262C3908601920BA
:10CD9000F6F7ADFD0E49700608604FF03041086BA4
:10CDA00040F007000863094C303C206840F4E02064
:10CDB0002060FAF7A1DD2E70206820F4E0202060CA
:10CDC000012070BD6C2480001C95003070C500A04F
:10CDD00000E100E070B50024EFF31086012080F33D
:10CDE0001088FAF7A4DD104D28B102242968B9B1E2
:10CDF0000220884714E0FDF7D1FA20B1296879B103
:10CE0000002088470CE0FFF7A9FF28B10224296819
:10CE100031B10220884703E0296809B10020884722
:10CE200086F31088204670BD5C24800010B5084A47
:10CE30001378002B01D00F2010BD31B15060044891
:10CE4000243000F013F8002010BD022010BD0000B7
:10CE50003892003070B504460D46FFF79BFE294618
:10CE60002046BDE87040FFF7E1BF00002DE9FC4718
:10CE700005460C46FCF74AFD63F438D207463648AF
:10CE8000006800B180473549012010F0E5FB3449C6
:10CE9000022010F0E1FB0120F5F72AF9A08E81B203
:10CEA000206B03F0ADFDDFF8BC90DFF8BC80E169DA
:10CEB00099F8000098F800200244B1FBF2F1CEB2DC
:10CEC00016FB00F1A0695FF471D228685DF400D60A
:10CED000686859F40DD5286961F4ACD1A8685BF491
:10CEE000A5D7E8685CF44AD0204846F4D3D320485C
:10CEF00046F4D6D31F4846F4D9D31F484FF402D086
:10CF00001E4846F47DD31E4846F480D31D4846F49F
:10CF100083D31D485FF41ED24FF080606CF4E8D0DC
:10CF20002046FFF75DFED4E90A01CDE9000199F83A
:10CF30000010A06916FB010098F8001016FB01F123
:10CF4000D4E90823114C2468A047384663F498D1EB
:10CF5000BDE8FC475FF4E292802680003938060085
:10CF6000DD37060029D507002AD50700119F0700E5
:10CF7000B9C3060065C40600EDAF070085E90001EE
:10CF800045ED060093E90001799B070048238000E6
:10CF900010B50A46014613480EF052FA12480188AD
:10CFA00010480EF0D2F904465CB111F011FD0528CD
:10CFB00007D10021084605F02FFC0021042011F0C4
:10CFC000BDF8002C0DD011F003FD0A2809D1002175
:10CFD000084605F007FE0021BDE81040042011F0CE
:10CFE000ADB810BDF04B0130E4900030034900EBC8
:10CFF000800001EB8000808870470000689300305B
:10D00000034A00EB800002EB800081807047000043
:10D010006893003030B587B00546002D1CD005A8B8
:10D0200000F098F9D0B19DF819309DF81B109DF8CB
:10D030001A209DF81740CDE90143CDE903219DF861
:10D0400016000090BDF8143005A20F212846F6F70F
:10D05000CDFB012007B030BD0020FBE70020F9E741
:10D060002530346425303264253032642530326412
:10D0700025303264253032640000000000B587B0EE
:10D080002D4841690069CDE9050105A90320F8F79C
:10D090009DF82020059005A90320F8F797F80820AF
:10D0A000059001208DF8180005A90320F8F78EF8E7
:10D0B00001200EF0EFFD01200EF01DFE07F012FD25
:10D0C00000200490012204A900F0D4FCA0B100F0DB
:10D0D0008BFC002820D01BA140F28F12CDE900214B
:10D0E00016A0154B02903B3320A227A10220F8F78F
:10D0F000C7F9012007B000BD25A140F28512CDE996
:10D1000000210EA00C4B02903B3318A21EA1002060
:10D11000F8F7B6F90020EDE724A140F28B12CDE933
:10D12000002106A0044B02903B3310A216A1002060
:10D13000F8F7A6F90020DDE70C0C0201424D383566
:10D1400036330000257320424D3835363320525493
:10D150004320696E697469616C697A6564207375CE
:10D16000636365737366756C6C7900002E2E5C5377
:10D1700072635C757365725C626D383536335F72ED
:10D1800074632E63000000004E4F5F54414700005F
:10D190002573204661696C656420746F2072657325
:10D1A000657420424D383536330000002573204623
:10D1B00061696C656420746F2073746172742042BD
:10D1C0004D3835363300000008B50122694600208D
:10D1D00000F00AF828B19DF8000040F34010401C10
:10D1E00008BD002008BD0000FEB504460D461646E9
:10D1F00007F0F1FCA22007F0B5FC07F01AFD90B192
:10D20000204607F0AFFC07F014FD00281AD007F005
:10D21000E2FCA32007F0A6FC07F00BFD002820D0BD
:10D220000024771E38E021A140F24112CDE900210F
:10D230001CA00290284B29A22FA10020F8F720F96A
:10D240000020FEBD2EA14FF4A472CDE9002115A04F
:10D250000290214B21A228A10020F8F711F900200B
:10D26000FEBD31A14FF4A972CDE900210DA00290BD
:10D27000194B1AA220A10020F8F702F90020FEBDE8
:10D2800007F03CFC2855BC4202DA07F056FC01E0EE
:10D2900007F08CFC641CE4B2B442F1D307F0B2FC9A
:10D2A0000120FEBD424D3835363300002573205233
:10D2B0006561643A204E6F2041434B20666F7220B7
:10D2C00064657669636520616464726573732028A0
:10D2D0007772697465290000360C02012E2E5C53AA
:10D2E00072635C757365725C626D383536335F727C
:10D2F00074632E63000000004E4F5F5441470000EE
:10D30000257320526561643A204E6F2041434B20C3
:10D31000666F7220726567697374657220616464F8
:10D320007265737300000000257320526561643AD2
:10D33000204E6F2041434B20666F722064657669F2
:10D34000636520616464726573732028726561642B
:10D350002900000010B586B00446002C52D00722E8
:10D3600004A90220FFF740FFF0B39DF8100000F081
:10D370000F01C0F3021000EB800001EB4000E071F0
:10D380009DF8110000F00F01C0F3021000EB8000C7
:10D3900001EB4000A0719DF8120000F00F01C0F3F6
:10D3A000011000EB800001EB400060719DF813005C
:10D3B00000F00F01C0F3011000EB800001EB400012
:10D3C000E0709DF8140000F0070020719DF8150032
:10D3D00000F00F01C0F3001000EB800001EB4000F3
:10D3E000A0709DF8160000E00EE000F00F010009AB
:10D3F00000EB800001EB400000F5FA602080012086
:10D4000006B010BD0020FBE709A140F29D12CDE956
:10D41000002105A002900F4B0FA216A10020F8F7E3
:10D420002FF80020ECE70000424D3835363300007D
:10D430002573204661696C656420746F2072656194
:10D44000642074696D6520726567697374657273B1
:10D4500000000000530C02012E2E5C5372635C75B9
:10D460007365725C626D383536335F7274632E6338
:10D47000000000004E4F5F544147000010B58CB0D3
:10D480000446002C73D0E1790A20B1FBF0F200FBD6
:10D490001212B1FBF0F142EA01118DF82810A179C6
:10D4A000B1FBF0F200FB1212B1FBF0F142EA011104
:10D4B0008DF829106179B1FBF0F200FB1212B1FB7B
:10D4C000F0F142EA01118DF82A10E178B1FBF0F297
:10D4D00000FB1212B1FBF0F142EA01118DF82B10A2
:10D4E0002179B1FBF0F200FB1212B1FBF0F142EA3C
:10D4F00001118DF82C10A178B1FBF0F200FB121293
:10D50000B1FBF0F142EA01118DF82D102188A1F54F
:10D51000FA6191FBF0F200FB121291FBF0F042EA8B
:10D5200000108DF82E0007220AA9022000F0A2FAAE
:10D5300000281ED06279E079A179E378CDE905323F
:10D54000CDE90710A078218811A213A3CDE90132FB
:10D55000CDE903104FF4E27000901A4B1AA221A1FA
:10D560000220F7F78DFF01200CB010BDFFE700206F
:10D57000FAE71EA14FF4E072CDE9002104A0029069
:10D58000104B11A217A10020F7F77AFF0020EBE75C
:10D59000424D38353633000025732054696D6520BF
:10D5A0007365743A20253034642D253032642D257E
:10D5B00030326420253032643A253032643A2530E6
:10D5C00032640000640C02012E2E5C5372635C75A1
:10D5D0007365725C626D383536335F7274632E63C7
:10D5E000000000004E4F5F54414700002573204665
:10D5F00061696C656420746F20777269746520744A
:10D60000696D6520726567697374657273000000E7
:10D610002DE9F04393B00546002D4AD08AA140F28F
:10D62000412287A0CDE90021CDE902058D4B8EA2D4
:10D6300094A10220F7F724FF0024119412940DF115
:10D640002C090CAE0DF134080EAFCDE90269CDE91D
:10D6500000780FAB10AA8DA12846F4F71DFE06280E
:10D6600036D0CDE90269CDE900780FAB10AA87A1C9
:10D670002846F4F711FE062831D0CDE900780FAB2B
:10D6800010AA87A128460296F4F706FE05282DD099
:10D6900087A140F25E22CDE9002169A00290714B82
:10D6A00071A278A10020F7F7EBFE002013B0BDE8CF
:10D6B000F08389A140F23D22CDE9002160A00290D3
:10D6C000684B69A26FA10020F7F7DAFE0020EDE7B2
:10D6D0001098642811DA00F5FA6010900DE01098A7
:10D6E00064280ADA00F5FA60109006E00B941098AE
:10D6F000642802DA00F5FA6010901098A0F5FA613B
:10D70000642918D20F99012915DB0C2913DC0E9A14
:10D71000012A10DB1F2A0EDC0D9B002B0BDB172BC5
:10D7200009DC0C9C002C06DB3B2C04DC0B9D002D43
:10D7300001DB3B2D18DD0BA90E9B16C9CDE9053485
:10D74000CDE907213EA26CA30F99CDE90132CDE9C5
:10D75000030140F269200090424B43A249A10020FE
:10D76000F7F78EFE0020A1E705AE3CC634A270A3F9
:10D77000CDE90132CDE9030140F26E200090394B32
:10D7800039A240A10220F7F77BFE109880B2ADF8D5
:10D7900044000F99C9B28DF846100E9AD2B28DF896
:10D7A00047200D9B8DF849300C9B8DF84A300B9B20
:10D7B0008DF84B3000F0B6FB8DF848009DF84A100C
:10D7C0009DF84B209DF84930CDE90731099206902C
:10D7D0009DF847009DF84610CDE90410BDF844209F
:10D7E00017A362A040F27A21CDE90232CDE9001000
:10D7F0001C4B1DA223A10220F7F742FE11A8FFF740
:10D800003DFE70B166A14FF42172CDE900210CA05C
:10D810000290144B14A21BA10220F7F731FE012045
:10D8200044E76AA14FF42072CDE9002104A00290E0
:10D830000C4B0DA213A10020F7F722FE002035E7C4
:10D84000424D3835363300002573205061727369BC
:10D850006E67206E6574776F726B2074696D653AC0
:10D86000202573008D0C02012E2E5C5372635C75B3
:10D870007365725C626D383536335F7274632E6324
:10D88000000000004E4F5F544147000025642F25E3
:10D89000642F25642C25643A25643A256400000031
:10D8A00025642F25642F25642C25643A2564000007
:10D8B0002573204661696C656420746F2070617205
:10D8C0007365206E6574776F726B2074696D652067
:10D8D000666F726D617400002573204E6574776FFA
:10D8E000726B2074696D6520737472696E6720694C
:10D8F00073204E554C4C0000257320496E76616CA8
:10D9000069642074696D652076616C7565733A2071
:10D91000253034642F253032642F253032642025A1
:10D920003032643A253032643A25303264000000E7
:10D9300025732054696D652076616C696461746932
:10D940006F6E207061737365643A20253034642FE4
:10D95000253032642F2530326420253032643A2558
:10D960003032643A253032640000000025732050C4
:10D9700061727365642074696D653A202530346482
:10D980002F253032642F2530326428256429202544
:10D990003032643A253032643A2530326400000077
:10D9A0002573205375636365737366756C6C79209A
:10D9B000736574205254432074696D652066726FDC
:10D9C0006D206E6574776F726B00000025732046C2
:10D9D00061696C656420746F2073657420525443D0
:10D9E0002074696D650000001FB5012203A90020A5
:10D9F000FFF7FAFBD0B19DF80C0020F02000039057
:10DA0000012203A9002000F035F888B10BA14FF4E2
:10DA1000FD72CDE9002107A002900C4B0CA213A1CE
:10DA20000220F7F72DFD012004B010BD0020FBE718
:10DA30000020F9E7424D3835363300002573205277
:10DA4000544320737461727465640000740C0201A5
:10DA50002E2E5C5372635C757365725C626D383533
:10DA600036335F7274632E63000000004E4F5F54C4
:10DA7000414700007FB504460D46164607F0ABF857
:10DA8000A22007F06FF807F0D4F838B1204607F06D
:10DA900069F807F0CEF888B1002426E020A14FF401
:10DAA0008C72CDE900211CA00290264B26A22DA14C
:10DAB0000020F7F7E5FC002004B070BD2BA140F278
:10DAC0001F12CDE9002114A002901E4B1EA225A119
:10DAD0000020F7F7D5FC0020EEE7285D07F042F8BC
:10DAE00007F0A7F838B1641CE4B2B442F5D307F0EC
:10DAF00089F80120E0E727A140F2271206A0CDE92E
:10DB00000021CDE902040F4B0FA216A10020F7F768
:10DB1000B7FC0020D0E70000424D38353633000016
:10DB200025732057726974653A204E6F2041434B2C
:10DB300020666F7220646576696365206164647233
:10DB400065737300240C02012E2E5C5372635C75A6
:10DB50007365725C626D383536335F7274632E6341
:10DB6000000000004E4F5F544147000025732057CE
:10DB7000726974653A204E6F2041434B20666F7284
:10DB8000207265676973746572206164647265737D
:10DB90007300000025732057726974653A204E6F38
:10DBA0002041434B20666F7220646174615B256481
:10DBB0005D00000010B5002806D0036823B1D0E94D
:10DBC0000121914201D203E0002010BD491C816077
:10DBD00028B18168914202D25C5C202CF6D9816820
:10DBE0009142F2D1491E816010BD000008B50023AA
:10DBF0000093024BF6F720FE08BD0000E88C0030D1
:10DC0000F8B504460D4600F02DF8064600200090B9
:10DC1000064B324629462046F6F70EFE08B130463E
:10DC2000F8BD304600F080F80020F8BDE88C0030E8
:10DC3000F8B504460D46104600F05EF80646002092
:10DC40000090074B324629462046F6F7F5FD08B10D
:10DC50003046F8BD304600F067F80020F8BD0000FF
:10DC6000E88C003010B52DED028BB0EE408AF0EE5E
:10DC7000608A164800F099F8044614B30820E06062
:10DC800084ED068B9FED120B51EC180B53EC102B0F
:10DC9000F5F766F803D86FF00040606111E09FED82
:10DCA0000E0B51EC180B53EC102BF5F741F803D881
:10DCB0004FF00040606104E051EC180BF4F7ECFF0A
:10DCC00060612046BDEC028B10BD0000E88C003086
:10DCD0000000C0FFFFFFDF41000000000000E0C1C6
:10DCE00010B5044800F061F8002801D04021C1605F
:10DCF00010BD0000E88C003070B50546094800F002
:10DD000054F804463CB11020E0600649284600F073
:10DD1000E1F8206108B1204670BD204600F004F80B
:10DD2000002070BDE88C00302DE9F041044600274A
:10DD3000104E1BE02568A089C00503D4A06808B177
:10DD4000FFF7F2FFA089C00504D4206910B1716803
:10DD500088472761A089800504D4206A10B17168C2
:10DD6000884727627168204688472C46002CE1D1FD
:10DD7000BDE8F081E88C0030002204F003BB0028ED
:10DD800004D0007B082803D0002070470020704793
:10DD900001207047002804D0007B102803D0002009
:10DDA0007047002070470120704710B50168282097
:10DDB000884704461CB128212046F4F7BAF92046CA
:10DDC00010BD0022114600F06BB800002DE9F047AD
:10DDD0008AB00446894615469A461C2103A8F4F7E2
:10DDE000A8F900262D48B046C0F80080C0F804808D
:10DDF00007465CB3B9F1000F28D00394CDF810901A
:10DE0000CDF81480D7E90312B86807AB07C307F150
:10DE10000800FFF7CAFF0646300017D003A80FF02E
:10DE20009FFAFFF7C7FE014630460BF0F7FF68B1D7
:10DE3000BAF1000F19D003A8FFF7BCFEDDE904100A
:10DE4000884203D205990398405C70B116B1304600
:10DE5000FFF76AFFFCB10194CDF80880DDE90410FA
:10DE600088420BD2059802900DE01DB105990398E8
:10DE70000844286030460AB0BDE8F087049810B125
:10DE80000498401E02901DB1DDE90101084428609C
:10DE9000DDE9010103C70020EDE70000E08C003060
:10DEA00070B504460E461546002C0AD02046F4F7FD
:10DEB00063F9411C2B4632462046BDE87040FFF70F
:10DEC00085BF002070BD0000014A01210CF019BB84
:10DED000E88C003070B505460C46002D0FD0284662
:10DEE000F4F74AF9461C216830468847044644B195
:10DEF000324629462046F4F703F9204670BD00203B
:10DF000070BD002070BD10B503460020192900D94E
:10DF10001921002203E09C5C6040521C92B28A42AC
:10DF2000F9D310BD30B5032903D20C31C9B2401E5C
:10DF300080B26424B0FBF4F3B0FBF4F504FB1500ED
:10DF4000491C01EB810404EBC1010524B1FBF4F190
:10DF5000DC1703EB9474A4105B4204EB430303440B
:10DF6000C41700EB947003EBA00008441044401E5B
:10DF7000072190FBF1F201FB1200C01D90FBF1F2B2
:10DF800001FB1200C0B230BD03480078952801D3D0
:10DF900001207047002070471232800070B504469F
:10DFA0000D46002C04D01DB1AC4207D1002070BD3D
:10DFB000012070BD207898B1641C6D1C2078F4F7A6
:10DFC00086F806462878F4F782F88642F2D0207860
:10DFD000F4F77DF804462878F4F779F8201A70BD34
:10DFE000002070BD704700002DE9F04F2DED028B31
:10DFF00093B0944D95F86D0000287DD0002095F8E1
:10E000006C10012902D0022902D002E0012000E0B8
:10E010000120002870D08B48F4F7AEF8894C743496
:10E02000002638B11F2287492046F4F799F885F871
:10E03000936003E084A12046F4F7C0F8814887A1EB
:10E0400094308146F4F7BAF87E4886A1A43082461F
:10E05000F4F7B4F8FFF744FE1290FFF741FE804654
:10E06000FFF73EFE074695F86C00012802D0022813
:10E0700051D0B1E09FED810B82A14046FFF7C0FD7A
:10E080007048F4F779F828B16E4A80A13846FFF756
:10E09000CFFD04E072A27DA13846FFF7C9FD6948B3
:10E0A00020308346F4F768F828B15A4679A13846FB
:10E0B000FFF7BEFD04E06AA276A13846FFF7B8FD7F
:10E0C000224676A13846FFF7B3FD4A4676A1384688
:10E0D000FFF7AEFD5B4840300446F4F74DF8A0B1C1
:10E0E000584850308146F4F747F870B14B4671A25A
:10E0F000402102A8009400E09EE0F5F777FB02AA19
:10E100006EA13846FFF794FD66E052466BA1384693
:10E11000FFF78EFD60E09FED6D0B5AA14046FFF7C3
:10E120006FFD9FED6C8B6DA13846B0EE480AF0EEA6
:10E13000680AFFF765FDB0EE480AF0EE680A6BA1C9
:10E140003846FFF75DFDB0EE480AF0EE680A6BA1B5
:10E150003846FFF755FD1096119610A8F9F7F0FD17
:10E160009DF843409CB9286E002810DD63280ED02E
:10E17000044669A14FF4CD6263A0CDE90021CDE949
:10E180000204714B71A278A10220F7F779F9286E89
:10E190009DF843105CA2CDE90221CDE9040474A0EE
:10E1A00040F26A61CDE90010674B68A26EA10220BF
:10E1B000F7F766F92046F4F72FFD41EC100B7CA130
:10E1C0003846FFF71DFD686EF4F726FD41EC100B95
:10E1D0007CA13846FFF714FD9FED7F0B80A11298BC
:10E1E000FFF70EFD424680A11298FFF7FFFC3A466A
:10E1F0007FA11298FFF7FAFC1298FFF765FE04461C
:10E20000ACB12046FEF770FA2046F5F773FC95F89E
:10E210006C003DA178A240F27D63CDE90032CDE9EA
:10E220000210494B49A250A10220F7F729F9129890
:10E23000FFF77AFD85F86D6013B0BDEC028BBDE889
:10E24000F08F0000E44C013031323A33343A353645
:10E250003A37383A39413A4243000000312E302EE5
:10E26000300000003131332E3734333830362C3320
:10E27000342E383433323536000000000000000000
:10E2800000805940636F646500000000494D4549B6
:10E290000000000053494D5F494400006465766901
:10E2A00063655F49440000006465766963655F7675
:10E2B0006572000025732C25730000006465766983
:10E2C00063655F6C6F636174696F6E0000000000CE
:10E2D00000C059400000000000000000646576693D
:10E2E00063655F77617465720000000073656E732B
:10E2F0006F725F7374617475730000006465766992
:10E3000063655F6D6F7665005B34475F50524F54B5
:10E310004F434F4C5D0000002573205573696E67B5
:10E3200020415420636F6C6C6563746F7220736955
:10E33000676E616C2061732066616C6C6261636BF7
:10E340003A20256400000000690302012E2E5C5370
:10E3500072635C757365725C626C655F70726F741A
:10E360006F636F6C2E6300004E4F5F544147000097
:10E37000257320436F6C6C656374656420726573EC
:10E38000706F6E7365202D203447207369676E614E
:10E390006C3A2025642C204154207369676E616CAF
:10E3A0003A2025642C2066696E616C3A2025640051
:10E3B0006465766963655F4C54455F7369676E6138
:10E3C0006C0000006465766963655F4750535F7356
:10E3D0007461747573000000000000000000F03FDD
:10E3E000726573756C740000686561646572000025
:10E3F000626F64790000000025732053656E7420FD
:10E4000070726F746F636F6C2D636F6D706C696188
:10E410006E7420726573706F6E736520666F722004
:10E42000717565727920747970652025640000002B
:10E43000F0B505462DED028B87B0002D61D095F823
:10E44000210000285DD000240EF05AFA95ED008AD4
:10E45000B4EEC08AF1EE10FA17DB10EE100AF4F7F2
:10E4600053FC06460F4618EE100AF4F74DFC02AABC
:10E47000324BC3C225A04FF41071CDE9001030A279
:10E4800035A10120F6F7FCFF01240EF03FFA064605
:10E490000EF042FAB5F90810B1420DDB01AF30A021
:10E4A00043C740F24A220092244B25A22AA1012010
:10E4B000F6F7E6FF01240FE081420DDC35A240F2C1
:10E4C0004E23CDE90032CDE902101C4B1CA222A143
:10E4D0000120F6F7D5FF0124002C12D03AA040F21B
:10E4E0005521CDE90010154B15A21BA10220F6F70E
:10E4F000C7FF07B02846BDEC028BBDE8F040FAF735
:10E500002FBF07B0BDEC028BF0BD00004D657468F5
:10E51000616E65207468726573686F6C64206578DD
:10E520006365656465643A20252E3266203E3D2091
:10E53000252E3266202525766F6C00005B010201D6
:10E540002E2E5C5372635C757365725C75736572B5
:10E550005F6170702E6300004E4F5F5441470000B2
:10E56000486967682074656D70657261747572655D
:10E57000207468726573686F6C6420657863656584
:10E580006465643A202564203E3D20256420C2B0A5
:10E59000430000004C6F772074656D706572617484
:10E5A000757265207468726573686F6C6420657835
:10E5B0006365656465643A202564203C3D202564DC
:10E5C00020C2B043000000005468726573686F6C2D
:10E5D00064206578636565646564202D20747269C4
:10E5E00067676572696E6720696D6D6564696174DE
:10E5F000652075706C6F6164000000000E4910F1B9
:10E60000210F06DA086820F4704040F4405008609A
:10E61000704710F11D0206D3086820F4704040F4E2
:10E620008040086070470A28FCDD086820F47040CC
:10E6300040F4A0400860704724C500A010B50DF05C
:10E6400085FA0CF077FA0FF043FA00F059FDBDE8B7
:10E6500010400DF053B800002DE9F04F87B07B4813
:10E66000D0F8009000240025A24600260FF0F6FB0B
:10E6700077480168C9F800104068C9F80400754877
:10E6800000680830059009F108000690042203A9EB
:10E69000059800F0CBFBBDF80C10A1F57F40FF38CA
:10E6A00043D0082203A9059800F0C0FBBDF80E0076
:10E6B00067F482D000F0FF08BDF80C00002867D096
:10E6C0000698A9EB000707F58057BDF80E1008F172
:10E6D000080083460844B84263D805AB082203A962
:10E6E00006A800F05DF9BDF80E00002300EB08025B
:10E6F00005A906A80CF0A4FA641CBDF80E00584445
:10E70000B842C3D10020CDE9006053464A462146B5
:10E71000284611F085F9002826D1824600260024DB
:10E72000CDF818906D1CEDB2B0E70020CDE9006087
:10E7300053464A462146284611F072F9002813D163
:10E740006D1CECB2434D4FF48057434E08E02868EF
:10E7500000EB0430394604F093FD40B1641CE4B290
:10E76000707AA042F3D8002007B0BDE8F08F3B4894
:10E770008169407A40F27C42CDE900200291384B19
:10E7800038A24FF400410020F9F7ACDF0920EBE795
:10E79000BDF80E00059908F10808084440440590AA
:10E7A00074E7082F29D305AB082203A906A800F0B7
:10E7B000F7F8083F2FB100233A4605A906A80CF048
:10E7C0003FFA611C0020CDE9006053464A462846C6
:10E7D00011F026F90028C7D18246BDF80E0040444A
:10E7E000C61B0024CDF818906D1CEDB200233246F4
:10E7F00005A906A80CF024FA48E705AB3A4603A998
:10E8000006A800F0CDF8611C03A8CDE900605346CE
:10E810004A46284611F004F90028A5D1C7F1080A94
:10E82000BDF80E0000EB08060024CDF818906D1C12
:10E83000EDB20123524605A906A80CF001FA002307
:10E84000324605A906A80CF0FBF91FE7A891003095
:10E85000ACD50700CC238000D8328000641F800034
:10E860001C0D0201523A353A25732C204C256420A8
:10E87000666C61736820737461746520307825302C
:10E8800032582C206572726F7220307825303858DB
:10E890000D0A000010B52DED088BB0EE40BAF0EE79
:10E8A00060BAB0EE41AAF0EE61AAB0EE4A0AF0EE0C
:10E8B0006A0AF5F76DF9B0EE409AF0EE609AB0EEA4
:10E8C0004B0AF0EE6B0AF5F763F9B0EE408AF0EE12
:10E8D000608AB0EE490AF0EE690AB0EE402AF0EE26
:10E8E000602AB0EE429AF0EE629AB0EE480AF0EE7C
:10E8F000680A53EC192B51EC180BF4F731FA04D2D7
:10E90000B0EE480AF0EE680A03E0B0EE490AF0EE15
:10E91000690A9FED101B51EC100B53EC112BF4F70F
:10E920009AF841EC180B53EC1A2B51EC1B0BF4F733
:10E930008CF841EC100BF5F72BF953EC182B51EC3C
:10E94000100BF4F7F5F903D80120BDEC088B10BDCE
:10E950000020FAE7000000000000B03C0221B0FBFC
:10E96000F1F2FF2A04D8B0FBF1F201FB12022AB146
:10E97000491CC9B24029F2D300207047B0FBF1F026
:10E98000C0B2704710B560F4CDD1BDE810400CF0B6
:10E99000D9BB10B560F4E6D1BDE810400CF0D2BB95
:10E9A00070B5044615461E462A462068F3F7A8FBB4
:10E9B00030682844306020682844206070BD000022
:10E9C00010B50548017B491C017300206BF40ED182
:10E9D000BDE8104000F044B8189300303EB5FAF797
:10E9E000C7FF1A48016821F400310160174D083D46
:10E9F0002868174980B208432860164803C8CDE943
:10EA0000000112482C38006800F007011DF80100D1
:10EA1000C82110FB01F404F073FB0F484168426801
:10EA2000521AA242FBD304F04FFB0CF0D1F8029033
:10EA30009DF8080028B19DF80800084948618861E0
:10EA4000C861286820F07F4028603EBD30C500A026
:10EA500000008F11A0EC0001001000E018930030BE
:10EA60002DE9FC41294D286820F07F4040F0885076
:10EA70002860274803C8CDE90001244824380068ED
:10EA8000C82100F007001DF8000010FB01F404F09D
:10EA900037FB204841684268521AA242FBD304F077
:10EAA00013FB00260CF094F80446DFF86C80D8F8CD
:10EAB0001800844201D9012700E000276AF43CD7FE
:10EAC00040B91FB1D8F81800201A02E0D8F8180091
:10EAD000001BC6B2D8F81800C8F82000B6EB900F9B
:10EAE00003D8292C01D8112C02D200F017F807E026
:10EAF00000EBC00020440A21B0FBF1F0C8F8180078
:10EB0000286820F07F402860BDE8FC8128C500A06F
:10EB1000A0EC0001001000E0189300302DE9FF5F29
:10EB20004FF0000B0824DFF86C811A20C8F814009D
:10EB300059480168594A89B21143016003A8F4F7A2
:10EB4000E1FD0220F4F7E6FDDFF84C9109F1080938
:10EB5000D9F8000020F47C3040F42030C9F80000DF
:10EB60004FA003C8CDE90001DFF82CA1AAF1240AC7
:10EB7000DAF80000C82100F007001DF8000010FBC3
:10EB800001F504F0BDFA484F78687968091AA9427E
:10EB9000FBD304F099FA0CF01BF802909DF80810D2
:10EBA000D8F81400814204D99DF80820811C8A42BB
:10EBB0005AD99DF80810814204D29DF80820811E80
:10EBC0008A4251D29DF80810814201D9012500E006
:10EBD000002515B1641C64B201E0641E64B2202CEF
:10EBE00011D3D9F8000020F47C3040F42030C9F86B
:10EBF0000000D8F83C00401CC8F83C0000200290FF
:10EC00004FF0010B30E0D9F8000020F47C3040EAEE
:10EC1000043040F40030C9F8000021A003C8CDE959
:10EC20000001DAF80000642100F007001DF8000080
:10EC300010FB01F604F064FA78687968091AB142A9
:10EC4000FBD304F041FA0BF0C3FF029035B19DF8FD
:10EC50000800D8F814108842BBD805E09DF80800D9
:10EC6000D8F814108842B4D39DF80C00F4F752FD84
:10EC70000948016821F07F4101609DF80800C8F84B
:10EC80001800D8F82400401CC8F8240004B05846E6
:10EC9000BDE8F09F1893003028C500A000008F1138
:10ECA0004030101810200000001000E030B54FF088
:10ECB000FF330022064C07E0855C5D40EDB254F85E
:10ECC000255085EA1323521C8A42F5D3D84330BD20
:10ECD000580E02010A49322808DDD1F8200220F43A
:10ECE000706040F44070C1F8200270472828FCDAB8
:10ECF000D1F8200220F47060C1F8200270470000B3
:10ED000000E000A000B58DB0234940F26A32CDE9A1
:10ED100000211DA00290214B21A229A10220F6F77B
:10ED2000AFFB10F0E7FC28484078002812D016A16D
:10ED300026A240F28233CDE90032CDE90210174B12
:10ED400017A21FA10220F6F79BFB0DB05DF804EBA4
:10ED5000FAF7E2BB2CA140F27232CDE900210AA001
:10ED600002900E4B0EA216A10120F6F789FB04A813
:10ED7000F9F7F0FB20B1242204A92B48F3F7C0F9DE
:10ED8000FAF7CAFB0DB000BD5B34475F50524F54D9
:10ED90004F434F4C5D000000701E02018F050201C1
:10EDA0002E2E5C5372635C757365725C626C655F7A
:10EDB00034675F70726F746F636F6C2E6300000056
:10EDC0004E4F5F5441470000F090003025732025DE
:10EDD00064206461746120706F696E747320726561
:10EDE00061647920746F207265706F727420776926
:10EDF00074682044545520706F776572206D616E81
:10EE00006167656D656E74002573204E6F20636FBA
:10EE10006C6C6563746564206461746120746F2038
:10EE20007265706F72740000A84F01302DE9F041D7
:10EE300005460E461746094C2378002B02D00020C9
:10EE400067F42ED03A463146284604F059FA054672
:10EE5000207867F425D02846BDE8F081C9238000DA
:10EE60002DE9F04105460E461746094C2378002B44
:10EE700002D0002067F414D03A463146284604F008
:10EE80005FFA0546207867F40BD02846BDE8F0818C
:10EE9000C923800030B585B0414D6879002803D082
:10EEA000E8782979884243D300246C713D48F6F70D
:10EEB0007DFE6C70AC7040A14FF44572CDE900212D
:10EEC00039A00290474B48A24FA10220F6F7D8FA8A
:10EED0004FA14FF44672CDE9002133A00290414B7F
:10EEE00041A249A10220F6F7CBFAF9F7A9FE56A1F3
:10EEF00040F21B32CDE900212BA00290394B3AA2FF
:10EF000041A10220F6F7BCFAF9F7F6FE5CA140F247
:10EF10001F32CDE9002124A00290324B32A23AA147
:10EF20000220F6F7ADFA05B0BDE83040F9F740BF72
:10EF3000AA78521A02440A2392FBF3F403FB142228
:10EF4000D4B219A258A3CDE90132401CCDE9030186
:10EF50004FF44A700090234B23A22BA10220F6F716
:10EF60008FFA104904EBC400283101EB8000F9F757
:10EF7000EBFDE8780CA1401C52A240F22E33CDE903
:10EF80000032CDE90210174B17A21FA10220F6F79D
:10EF900077FAFAF723F8E878401CE87005B030BD3E
:10EFA000F0900030705001305B34475F50524F5446
:10EFB0004F434F4C5D000000257320416C6C206373
:10EFC0006F6C6C6563746564206461746120736543
:10EFD0006E742C2062756666657220636C65617262
:10EFE00065640000740502012E2E5C5372635C752B
:10EFF0007365725C626C655F34675F70726F746FAB
:10F00000636F6C2E630000004E4F5F544147000059
:10F0100025732053656E64696E6720646576696345
:10F020006520696E666F207265706F727420286348
:10F030006F64652031303229202D2073746174692A
:10F040006320696E666F000025732053656E6469E6
:10F050006E6720706172616D20696E666F207265E7
:10F06000706F72742028636F6465203130342920FA
:10F070002D2073746174696320696E666F000000EF
:10F0800025732053656E64696E67207365747469B7
:10F090006E67732071756572792028636F646520CF
:10F0A000313230290000000025732053656E6469F9
:10F0B0006E67206461746120706F696E74202564CE
:10F0C0002F25640025732053656E64696E67207375
:10F0D000746174757320696E666F207265706F72EB
:10F0E000742028636F646520313033292077697478
:10F0F00068206461746120706F696E7420256400FB
:10F100000121024A002060F42F95000035230101FF
:10F1100030B400210D4B01EB410203EB4212147895
:10F12000012C0DD112790478A24209D101EB4100E2
:10F1300003EB4010C16D002905D030BC002008470A
:10F14000491C0829E7D330BC7047000044960030C2
:10F1500070B500240B4E04EB440006EB40152878F4
:10F1600001280AD1281DF9F7E9DA18B1012801D0E0
:10F17000002070BD281DF9F7E3DA641C082CEAD3DF
:10F18000012070BD4496003030B400210D4B01EBDE
:10F19000410203EB42121478012C0DD1127904784C
:10F1A000A24209D101EB410003EB4010C16D0029DF
:10F1B00005D030BC01200847491C0829E7D330BCE2
:10F1C00070470000449600302DE9F0410446002CC1
:10F1D00009D022683AB163683BB1A068984204D371
:10F1E0000020BDE8F0810020FBE74FF00046B1426F
:10F1F00001D30020F5E7A568491C6818834201D3B4
:10F200005019EEE7216909B10020EAE7B0F1804F1B
:10F2100006D3B04202D26FF0004602E00020E0E7E1
:10F220004600236A00275BB13146104698470546E1
:10F23000A5B9E16920688847676027600020D0E7AA
:10F24000A1693046884705466DB1A2682846521C20
:10F250002168F2F755FFE1692068884766602560FC
:10F26000A0682844BDE7E169206888476760276097
:10F270000020B6E710B5104C02220421204606F00B
:10F280005DFD01221021204606F058FD022280215A
:10F29000204606F053FD02224021204606F04EFD96
:10F2A00002222021204606F049FD20460222BDE828
:10F2B0001040082106F042BD001001A02DE9F047E2
:10F2C00082462DED028B84B0894617469846002071
:10F2D0000290039000250026019001A80EF062FA2A
:10F2E0003748016821F4C07141F080010160416834
:10F2F00021F480514160002450460DF0B7FA0BF024
:10F300007DFD02F0CBFD02900298064448460DF0C8
:10F31000ADFA0BF073FD02F0C1FD0390DDE90210C0
:10F32000401A0544641C072CE6DB2846F3F785FCED
:10F330009FED248B53EC182BF3F7FFFB41EC100BE4
:10F34000F4F732FC51EC100BF3F7C5FC04463046E1
:10F35000F3F773FC53EC182BF3F7EFFB41EC100BB6
:10F36000F4F722FC51EC100BF3F7B5FC0346002038
:10F37000164A1CE000FB04F1B1FBF7F119440291BD
:10F38000134D0299B5FBF1F108F80010114D0299E7
:10F39000B5FBF1F19DF804502944C9B211548029FC
:10F3A00003D90D4D2D7829441154401CC0B2B842E8
:10F3B000E0D30BF0FFFC04B0BDEC028BBDE8F0879E
:10F3C000802001B00000000000001C408459013082
:10F3D00000C0A8320080D725289500302DE9FE4FC7
:10F3E00007460D4602AA294638460EF001FE10B126
:10F3F0000298BDE8FE8F029C00260296DFF8688026
:10F4000098F8000010B1002066F44AD5DFF85CA03F
:10F410004FF6FF7908226946204603F071FFBDF8D8
:10F420000000484502D12E80029617E0B84206D16E
:10F4300015B1BDF802002880083402940EE0BDF832
:10F44000020066F4B9D1BDF8021008302144441816
:10F45000DAF800008442DDD32E80029698F800008E
:10F4600066F41ED50298C4E7C9238000D02380002B
:10F4700070B506460024094D0BE004EBC40005EB13
:10F480008000801C07223146F2F78BFE20B1641CFD
:10F49000E4B22878A042F0D8204670BDD45501309F
:10F4A00010B50021084B5A681B8809E052F831401A
:10F4B000844203D102EBC100406810BD491C89B2EF
:10F4C0009942F3D310BD00002891003010B50021FF
:10F4D000084B5A695B8809E052F83140844203D1F5
:10F4E00002EBC100406810BD491C89B29942F3D3B8
:10F4F00010BD00000891003010B50021084B5A687B
:10F500001B8809E052F83140844203D102EBC1006C
:10F51000406810BD491C89B29942F3D310BD000068
:10F52000309100300349095C002902D0002107F026
:10F5300051B970473E57013070B5044600BFF4F72B
:10F5400007FB05460120F4F726FC0948047024B99E
:10F55000482208490848F2F7D3FD1DB90020F4F706
:10F560001AFC02E00120F4F716FC00BF70BD000099
:10F57000009100305C530130002000E010B50748D6
:10F58000406807494860064808304022034908316E
:10F59000F2F7B6FD03200249086010BD1453013094
:10F5A000002000E070B500BFF4F7D2FA0546012054
:10F5B000F4F7F1FB0B48047834B948220A490B48A8
:10F5C000F2F79EFDFFF7DAFF0120064908701DB92A
:10F5D0000020F4F7E0FB02E00120F4F7DCFB00BFC1
:10F5E000204670BD00910030002000E05C530130E7
:10F5F00013B501216846F5F723FF01201CBD00006B
:10F600002DE9FC410C46474A6178A07852F8211058
:10F61000CDE90010237844A210210020F9F762D828
:10F62000607801264F4F052530B1012837D00228D8
:10F6300049D0032872D15AE0207863F42FD0C0B2A9
:10F64000C0EBC00107EB81014D72A278452A09D1B8
:10F65000CA681278022A17D091F82020022A01D015
:10F6600081F8206091F82020012A04D0022A02D0DB
:10F67000032281F8202091F82020022A4ED0C96868
:10F680000978022906D102E007224A72EAE7A17846
:10F69000452943D0344A0021126890473EE087F85C
:10F6A0009950A078452805D197F89C00022801D0F0
:10F6B00087F89C6097F89C0002282FD02B490020E7
:10F6C000096888472AE087F8A550A078452805D121
:10F6D00097F8A800062801D087F8A86097F8A80036
:10F6E00006281BD0224900200968884716E02078A8
:10F6F00063F436D0C0B207EB001181F8B150A278A4
:10F70000462A01D0CE2A01D181F8B35091F8B31026
:10F71000022903D0174A0021126890470020BDE853
:10F72000FC81000068228000523A313A6163742003
:10F7300073746F707065642C206163745F696478A2
:10F740003A2025642C206163745F747970653A20D7
:10F7500025732C20726561736F6E3A2030782530E6
:10F7600032780A007C27800010228000142280005A
:10F77000182280001C22800010B58AB00C46FF229F
:10F7800028216846F2F7CEFC40F20A20ADF80000CE
:10F79000ADF802406846FAF71FF90AB010BD10B57F
:10F7A0008AB00446FF2228216846F2F7BBFC40F2EB
:10F7B0000D20ADF800000020ADF802001C2221460B
:10F7C00002A8F2F79DFC1C3409946846FAF704F984
:10F7D0000AB010BD30B58BB005460C46FF2228217B
:10F7E00001A8F2F79FFC40F20722ADF80420ADF823
:10F7F00006408DF8085001A8FAF7EEF80BB030BDBE
:10F8000037B58AB005460C46FF2228216846F2F734
:10F8100089FC4FF40272ADF80020ADF802408DF87B
:10F8200004509DF830008DF808006846FAF7D4F8C7
:10F830000DB030BD00B58BB0FF22282101A8F2F732
:10F8400071FC4FF44170ADF804000020ADF80600E3
:10F8500001A8FAF7C1F80BB000BD00002DE9FF4781
:10F860000C4666788DF80D6020784FEA1329CDE9B3
:10F8700000905A4B5AA2102102960020F8F732DF6E
:10F8800020786449644F4FF0000801EBC90509284E
:10F8900061D008DC092824D2DFE800F09A8B9A4A6C
:10F8A0004A9A9A24240017282FD004DC0B2807D06A
:10F8B000142816D16AE0182814D0192811D111E0A3
:10F8C000607822280DD1002060F4DAD45348006813
:10F8D00028B143681BB100220F214846984760F4C5
:10F8E00005D575E061F4C2D3044685F80580002093
:10F8F00060F4C6D4386828B1436D1BB12246314646
:10F900004846984760F4F2D462E061F4AFD304460D
:10F9100085F80480002060F4B3D4386828B1836887
:10F920001BB1224631464846984760F4DFD44FE089
:10F9300061F49CD3044685F80680002060F4A0D4CE
:10F94000386828B1836D1BB1224631464846984736
:10F9500060F4CCD43CE061F489D3044685F802809D
:10F96000002060F48DD4386830B1C36C23B136B157
:10F97000224631464846984760F4B8D428E0002C27
:10F98000FAD02246314648469847F5E761F46ED3EF
:10F99000044685F80380002060F472D4386828B1EA
:10F9A000C36D1BB1224631464846984760F49ED449
:10F9B0000EE0607860B1002060F462D4386828B14D
:10F9C000C36B1BB1617800224846984760F48ED41F
:10F9D00061F452D304B00020BDE8F087290D020184
:10F9E000523A313A25733A20636F6E696478203D4C
:10F9F0002025642C206F70636F6465203D20305893
:10FA000025782C206572726F72203D203058257841
:10FA1000000000002A27800098218000EC2380004D
:10FA200010B58AB00446FF2228216846F2F77AFB17
:10FA300040F20331ADF80010ADF802406846F9F726
:10FA4000CBFF0AB010BD70B58AB005460C4616460D
:10FA5000FF2228216846F2F765FB40F20131ADF83C
:10FA60000010ADF802408DF804501222314602A871
:10FA7000F2F746FB6846F9F7AFFF0AB070BD70B504
:10FA80008AB006460D461446FF2228216846F2F742
:10FA900049FB4FF44273ADF80030ADF802508DF8D9
:10FAA000046020680290A088ADF80C006846F9F761
:10FAB00093FF0AB070BD00002DE9F041ADF50E7D59
:10FAC0000C461E0A304659F485D10746304659F493
:10FAD00081D1002834D04DA1009133464DA2102190
:10FAE0000020F8F7FFDDFF2E5BD0574D20882880DF
:10FAF00060886880A088A880E088E880207A2872E2
:10FB0000607A68722F74D4F80A00C5F80A00E08998
:10FB1000E8814E4A002102EBC60001604160218865
:10FB200022F836104FF4CA7129A8F2F702FB29A86F
:10FB300055F478D6687ADFF81881012816D101E0EB
:10FB400044A1C9E7E87B0121B1EB901F0ED198F8E1
:10FB50001C0140070AD59DF8A40038B1A02101A8D6
:10FB6000F2F7E7FA002429AD01AF3DE004F10A0203
:10FB7000617A154630466AF41FD4617A2A463046C7
:10FB800001F016FD354C6FB1002060F479D3206888
:10FB900028B1836B1BB12C4A00213046984760F492
:10FBA000A5D32DE0032088F8A800D8F8AC00007891
:10FBB000012825D1002060F463D3216829B18B6B23
:10FBC0001BB1214A00213046984760F48FD317E0DB
:10FBD00004EB840005EBC001093107EB041010228F
:10FBE000F2F78EFA641CE4B29DF8A400A042EFD8AC
:10FBF00015499DF8A43001AA0A31304663F482D237
:10FC00000DF50E7D0020BDE8F0810000534C4156FB
:10FC100045000000523A313A636F6E6E6563746955
:10FC20006F6E5F7265715F696E645F68616E646C50
:10FC300065723A20636F6E6964782025642C2072A7
:10FC40006F6C652025730A00182780002A27800022
:10FC50007C2780004D41535445520000982180007C
:10FC600070B58AB006460D461446FF222821684624
:10FC7000F2F758FA40F20533ADF80030ADF8025013
:10FC80008DF8046020680290A088ADF80C006846EA
:10FC9000F9F7A2FE0AB070BD30B58BB005460C4630
:10FCA000FF22282101A8F2F73DFA40F20632ADF812
:10FCB00004200022ADF806208DF80850206803903B
:10FCC0006068049001A8F9F787FE0BB030BD70B5ED
:10FCD0008AB00C46E079FF282FD0002562F4BED40C
:10FCE000C6B216B1032E05D008E0E07962F4D6D48E
:10FCF000C5B203E0E07962F433D5C5B2002060F408
:10FD0000BFD2FF2228216846F2F70CFA40F21220F7
:10FD1000ADF800000020ADF802008DF804508DF819
:10FD200008602068CDF80900A088ADF80D0068468D
:10FD3000F9F752FE60F4DAD21AE000210E205BF4EB
:10FD4000D3D50546A5B1012028702068C5F8030069
:10FD5000A088A5F80700A0796872E07962F49ED4C3
:10FD6000A8700E21284661F495D128465BF4BAD5D7
:10FD70000AB0002070BD30B58BB004460D46FF229E
:10FD8000282101A8F2F7CEF940F20622ADF80420AE
:10FD9000ADF806400E22294603A8F2F7B1F901A8F2
:10FDA000F9F71AFE0BB030BD30B58DB006200C90BF
:10FDB000504C032020700F206070002584F82F50D5
:10FDC00084F82E504FF40070E08420850A2084F8D7
:10FDD0002A00FB20608440F64800A0840AAA0CA9EF
:10FDE0000120FAF7F1FA18B106A80DF00FFDD0B115
:10FDF000A5764FF461706080208C40F080002084F4
:10FE000004A844F497D2049805990844F2F770F9CD
:10FE1000009501950295039506A80DF0F7FC354C69
:10FE20000A34E8B35EE00120A0763348007820B3BE
:10FE30009DF81800412813D09DF8220020719DF8EC
:10FE4000250060719DF82600A0719DF82700E071E3
:10FE50000DF014FE2072C02141EA10206072C8E744
:10FE60009DF8200020719DF8210060719DF822000E
:10FE7000A0719DF82300E071EAE79DF81800412881
:10FE800015D09DF82200A0719DF82500E0719DF825
:10FE9000260020729DF8270040F0C000607200E04C
:10FEA00014E00DF0EBFD6071000A2071A1E79DF8F0
:10FEB0002000A0719DF82100E0719DF822002072C1
:10FEC0009DF8230040F0C0006072E8E71022694608
:10FED00006A8F2F766F928B1102206A92046F2F723
:10FEE0000FF902E020466AF4B3D104F0DDFE0DB054
:10FEF00030BD00007E2880007891003070B58AB057
:10FF000005460C461646FF2228216846F2F70AF9F4
:10FF100040F20233ADF80030ADF802408DF80450E5
:10FF20008DF808606846F9F757FD0AB070BD00000B
:10FF300070B50D46EFF311801D490A781D49096817
:10FF4000C1F30221491C01248C401119C9B281F36B
:10FF500011881C0A1849002301EBC4021360536086
:10FF60004FF6FF7221F83420C0B280F31188AB78CD
:10FF700012A210210020F8F7B5DB20466AF4B4D2B3
:10FF8000204664F429D720466AF4B6D1002060F4F4
:10FF900077D1114802683AB1D36B2BB1A878903071
:10FFA000C2B200212046984760F4A0D1002070BD65
:10FFB00002E400E00CED00E02A278000523A313ADA
:10FFC000646973636F6E6E20726561736F6E203D3E
:10FFD00020307825780A0000982180002DE9FC5F08
:10FFE0000446EFF311870220F3F72FFD0546F3F7E0
:10FFF0004BFD401C4FF0010B0BFA00F02844C0B23F
:020000040101F8
:1000000080F3118860F472D18146674D0094DFF867
:100010009C8195F8A50066A2102158F82030002098
:10002000F8F760DB8DF8054095F8A53007200C2126
:100030000D2200264FF0090A0A2B74D2DFE803F0E4
:10004000050C9C9C9C19283C424D61F4BBD485F85E
:10005000A5B085F8A86095E0002C09D085F8A560CA
:1000600085F8A6608DF8041001A9002060F404D280
:1000700088E095F8A600A22804D061F491D685F80E
:10008000A5A07FE063F45ED5062085F8A50079E0A1
:100090004CB161F485D685F8A5A0042085F8A800A8
:1000A00085F8A9406EE085F8A5008DF8041001A937
:1000B000002060F4E1D165E063F496D6082085F86D
:1000C000A5005FE0002C5DD085F8A5008DF8042028
:1000D00001A9002060F4D0D154E0A4356E70FF2057
:1000E00028702879A43D042807D0062812D03D4C5A
:1000F000012819D0032824D044E085F8A8608DF8A1
:10010000041095F8A9008DF8050001A9002060F4FD
:10011000B3D137E085F8A8608DF8042001A900204C
:1001200060F4AAD12EE027E085F8A860002060F4F2
:10013000A7D0206810B1406C00B1804760F4D6D0E1
:1001400020E085F8A860D5F8AC000078012819D027
:10015000002060F495D0206858B1806B48B12248E7
:10016000008865F45FD32168C0B21F4A8B6B002101
:10017000984760F4BBD005E04FF477721BA121A033
:10018000F8F7AADA95F8A5001FA2102158F8203038
:100190000020F8F7A7DA484660F472D0F8B280F38E
:1001A0001188BDE8FC9F00007C2780002822800089
:1001B000523A313A696E69745F66736D20656E7488
:1001C00065722C20696E69745F73746174653A207E
:1001D00025732C20737461747573203D2025640A87
:1001E000000000009821800018278000626C655F85
:1001F00073646B5F6761706D5F70617463682E63B9
:100200000000000030000000523A313A696E697413
:100210005F66736D20657869742C20696E69745F00
:1002200073746174653A20257300000070B58AB05C
:1002300006460D461446FF2228216846F1F772FF54
:1002400040F20A33ADF80030ADF802508DF804608A
:1002500020680290606803906846F9F7BDFB0AB019
:1002600070BD30B58BB005460C46FF22282101A891
:10027000F1F758FF4FF6FF72ADF80420ADF80650C5
:1002800034B1012C09D0022C0CD0032C13D10EE078
:100290004FF40070ADF804000DE040F20120ADF81D
:1002A000040008E040F20220ADF8040003E040F250
:1002B0000320ADF8040001A8F9F78EFB0BB030BDA8
:1002C00070B5002057F43CD30E2224A10020F9F78A
:1002D00029FFF7210122084657F4D6D140F64801FC
:1002E000FB2056F463D50021084657F463D71F4816
:1002F000A02181814181002404700721817301259F
:100300004570847002460021084655F491D70021BB
:100310001C23174A084655F403D7154A1C231C32E0
:100320000121002055F4FCD61148001F0480847080
:100330000E4812300470022141708570C4700F2184
:100340008180C18004810A300470242101814181AF
:1003500084814FF4C871C181018270BD476F6F64A1
:1003600069785F554152545F415400009C2101302F
:10037000428D003070B58AB006460D461446FF2205
:1003800028216846F1F7CEFE40F20933ADF800307F
:10039000ADF802508DF80460206802906068039008
:1003A0002089ADF810006846F9F716FB0AB070BD59
:1003B00030B58BB005460C46FF22282101A8F1F785
:1003C000B1FE40F20731ADF804100021ADF806107F
:1003D0008DF80850206803906068049008340594F4
:1003E00001A8F9F7F9FA0BB030BD70B58AB005462F
:1003F0000C461646FF2228216846F1F793FE4FF47B
:100400004073ADF80030ADF802408DF804503088EC
:10041000ADF808006846F9F7DFFA0AB070BD30B5EC
:100420008BB004460D46FF22282101A8F1F77AFE81
:100430004FF6FF72ADF80420ADF8064045B140F22A
:100440000520ADF8040001A8F9F7C6FA0BB030BDDD
:100450004FF40170ADF80400F5E730B58BB00546F8
:100460000C46FF22282101A8F1F75CFE40F2112280
:10047000ADF80420ADF8065020680390A088ADF8D0
:100480001000A0798DF8120001A8F9F7A5FA0BB0B9
:1004900030BD10B58AB00C46FF2228216846F1F71E
:1004A00041FE40F20920ADF800000020ADF8020046
:1004B00020680290A088ADF80C00A0798DF80E009D
:1004C0006846F9F789FA0AB010BD10B58AB004463B
:1004D000FF2228216846F1F725FE40F20B21ADF8F6
:1004E0000010ADF802406846F9F776FA0AB010BD80
:1004F00013B58AB00446FF2228216846F1F712FEA0
:100500004FF40371ADF80010ADF802409DF82C00D7
:100510008DF808006846F9F75FFA0CB010BD0000CE
:1005200070B50C461D4621781B4E40F60D60002923
:1005300002D001292DD120E0022329465BF4FAD113
:10054000054635B36088F82802D9482068700EE067
:1005500000206870A178221D0220F9F74BFF628805
:10056000211D0E48F1F7CCFDA07886F877012078A0
:10057000287028465BF424D20BE0022329465BF462
:10058000D9D130B1217801706188A6F870125BF47E
:1005900017D2002070BD00007C278000F428800066
:1005A00030B58BB005460C46FF22282101A8F1F793
:1005B000B9FD40F20F22ADF80420ADF806408DF8E9
:1005C000085001A8F9F708FA0BB030BD70B58AB031
:1005D00004460D461646FF2228216846F1F7A2FD83
:1005E00040F20E20ADF80000ADF802501022314666
:1005F00002A8F1F785FD8DF804406846F9F7ECF99B
:100600000AB070BD10B58AB00446FF2228216846A2
:10061000F1F788FD4FF40471ADF800100021ADF83A
:1006200002108DF804406846F9F7D6F90AB010BDFB
:100630002DE9F041044618460026002300256FF4FA
:100640008857E4191C4F06D0012C07D0022C0CD07F
:10065000032C0CD105E03B687D6808E0BB68FD68B1
:1006600005E0BB69FD69087801E03B697D6900240C
:100670001CE033F83470874217D103EBC4035C6885
:10068000B4B10E4B9C4204D1034603F07BFE0646F8
:100690000EE00B4B9C4204D1034603F0EFFA0646F2
:1006A00006E00346A047064602E0641CAC42E0D3E5
:1006B0003046BDE8F081000070028000116F02003A
:1006C0009D3E02002DE9FC410E4629A003C8CDE95C
:1006D00000016A4631460120F8F734D80746012F59
:1006E00043D13046F8F730D8C4B2C4BBF8F72ED89F
:1006F000C5B2FF2D09D03078A02808D0A1280CD091
:10070000A22816D0A32819D10DE04B2427E03146AA
:100710002846F8F71DD8044610E031462846F8F779
:1007200019D804460AE031462846F8F715D8044699
:1007300004E03146284600F0F1FAC4B27CB9707882
:1007400068B90D4890F86E10C90708D000EB850114
:10075000C96850F8662FC1F816208088488324B1F4
:10076000064A21460120126890473846BDE8FC81C0
:10077000A0A1A3A200000000000E8000EC038000F6
:1007800070B540240221C588584BEA0704D093F87D
:100790006D100A2909D00A214279042A0CD354A2E7
:1007A00010210020F7F79EDF9EE043245C4A1021D1
:1007B0000020F7F797DF97E012B1032A00D00A2153
:1007C00093F86C30994306D0422456A210210020A1
:1007D000F7F788DF88E00379022B05D95DA21021A5
:1007E0000020F7F77FDF7FE0690706D52AB1664A68
:1007F00010210020F7F776DF76E053B125F01001E5
:10080000C1800D0730D5614A10210020F7F76ADF5B
:100810006AE045F01001C1808D0601D44D0605D572
:100820005B4A10210020F7F75DDF5DE0CD0711D0B6
:100830004D0707D48D070DD4564A10210020F7F735
:1008400051DF51E08D0705D5534A10210020F7F7FD
:1008500049DF49E04D0730D5C9072ED14F4A102155
:100860000020F7F73FDF3FE0012B02D0CD071ED17C
:1008700019E0CD0707D08D0705D5494A1021002082
:10088000F7F730DF30E08D0617D5012A05D0022AB0
:1008900003D0CD0701D189070FD5414A102100208F
:1008A000F7F720DF20E08D0701D4890605D53D4A02
:1008B00010210020F7F716DF16E0022B13D2407A42
:1008C000032805D938A210210020F7F70BDF0BE031
:1008D000012A01D0022A06D128B13F4A1021002066
:1008E000F7F700DF00E00024204670BD000E800016
:1008F000523A313A5B4552525F494E56414C494457
:100900005F504152414D5D3A20436865636B2064FE
:100910006973636F76657279206D6F6465210A0073
:1009200034250201523A313A5B4552525F4E4F54E0
:100930005F535550504F525445445D3A20726F6C8E
:1009400065206E6F7420737570706F7274656421AA
:100950000A000000523A313A5B4552525F494E5606
:10096000414C49445F504152414D5D3A20436865D6
:10097000636B206164766572746973696E67207455
:10098000797065210A000000D42502017C2502014E
:1009900008240201F42602019426020150270201D4
:1009A0003026020168240201523A313A5B45525224
:1009B0005F494E56414C49445F504152414D5D3A6A
:1009C00020436865636B2066696C74657220706F84
:1009D0006C696379210A0000C8240201074A906803
:1009E00000280AD05188002907D01278002A04D0A4
:1009F00001EB81014900F1F79CBB70474491003045
:100A000000280CD059B1092909D9064A90600A205A
:100A1000B1FBF0F050800020908001207047002052
:100A20007047000044910030024901480860704757
:100A300081070101F4038000F0B5ADB004460D4616
:100A400016461F46287803280AD001280FD0A92867
:100A500010D0AA280ED0AB280CD0172823D013E032
:100A60000220F7F77BDEF821F6F77EF80CE004F0C1
:100A7000F1FD09E03D4991F89400C0EBC00001EBA5
:100A80008000407A072808D02DB03B4632462946E0
:100A90002046BDE8F04063F4CD93284660F4FCD4D2
:100AA00000202DB0F0BD60F4E1D2044620780A2881
:100AB00024D300202B902C90687870B96946E01DF3
:100AC00054F414D79DF829008DF8B200DDF8230006
:100AD0002B90BDF82700ADF8B000254E706848B1E6
:100AE00000205FF4CDD37368227868782BA99847EB
:100AF0005FF4FCD360F4C0D20020D2E768781D4ECA
:100B000020B3308864F48ED6C4B202A80090194B8A
:100B100069780A33727A1D4620466AF4B1D1717A37
:100B20002A46204600F044FD00205FF4A9D3124875
:100B3000006828B1836B1BB10E4A002120469847FC
:100B40005FF4D4D360F498D20020AAE702A9E01D94
:100B500054F4CCD69DF831007072DDF82B00C6F845
:100B60000A00BDF82F00F0812478CEE77C278000B2
:100B70007891003018278000982180002DE9F041FD
:100B80000F461E460021002400256FF4885280186D
:100B900004D0012806D003280CD107E011480468CE
:100BA000456807E010480468456803E00F4804689A
:100BB00045683E78002210E034F83200B0420BD194
:100BC00004EBC200406850B1FEF76AFC02463946A9
:100BD00030469047014602E0521CAA42ECD3084638
:100BE000BDE8F081E8048000E0048000D8048000C3
:100BF0002DE9F0410646384890F8791000EB810065
:100C0000C4680025002C04D1D72234A138A0F7F7FE
:100C100063DDFF2E55D0607C90B1F7F7A1DD400772
:100C200009D5F7F79DDD40070AD5344850F826006E
:100C300090F85F0020B904F116013046F7F792DD15
:100C4000A07B40F6B15798B3012815D0022839D1BE
:100C5000082040EA06210123072240F605601FF420
:100C60009FD2022101701FF4E7D2E08BF8B1072177
:100C700038461FF40DD625E094F8540028B94FF4F7
:100C8000807216A11EA0F7F727DD94F85400401ECD
:100C9000C0B284F8540028B104F11C012046F7F7D3
:100CA00063DD0FE0072138461FF4F2D5012509E086
:100CB000FFE7E08B18B1072138461FF4E9D501257D
:100CC00000E0012525B1002201212046F7F74EDD85
:100CD0002846BDE8F0810000000E80006761706D5D
:100CE0005F696E69745F70617463682E63000000F1
:100CF000705F616374765F696E697400CC0D80000B
:100D0000705F616374765F696E69742D3E6E625FB9
:100D10006175746F5F636F6E6E00000070B504469E
:100D20000E460025194890F86C100520884301D024
:100D3000432522E07078F7F71BDD00B3F7F710DDED
:100D4000400702D5707802281BD058212046F7F7BB
:100D500011DD0446BCB1022060737078607401201C
:100D6000F7F70ADDA0820A4820600A4860600A4856
:100D7000A06000212046F7F701DD284670BD402520
:100D8000FBE74925F9E74B25F7E70000000E800057
:100D9000AD0D0101350E01011D2A01000249014876
:100DA00008607047F10B0101C80480002DE9F04193
:100DB0000446884608F102051D4F97F87900FF2880
:100DC00006D197F86D0097F87D1008440A2801D3E2
:100DD00043262AE02846F7F7D3DCC6B22EBB287894
:100DE000A073002084F85500382208F1020104F1B4
:100DF0001C00F1F785F96A8822B1072140F6B1504D
:100E00001FF4D6D5A07B012803D197F87E0084F883
:100E100054007937207B7870207B38703879401CFB
:100E2000387129462046F7F79FDC3046BDE8F0814F
:100E3000000E800010B50446E08B002804D0072186
:100E400040F6B1501FF424D50449207B81F87A0084
:100E50002046BDE81040F7F7959C0000000E80008A
:100E60002DE9F047064688464FF00009002400228D
:100E7000364F3878002802D026B1308B0DE00020A4
:100E8000BDE8F0870020FBE7B11802F00103897E7E
:100E9000994021448CB2521C92B29042F4D8002561
:100EA0000BE0B96805EB850001EB40000622B11CA0
:100EB000F1F777F940B16D1CADB278888542F0D377
:100EC000B9F1000F1DD038E0B8F1000F09D0B968B2
:100ED00005EB850001EB40000189A1420ED1012004
:100EE000CEE7B96805EB850001EB4000C188A1425F
:100EF00001D10120C4E7C4800020C1E704810020A3
:100F0000BEE7B888D6F8022000EB8001B86800EB95
:100F100041010A60F2888A80B8F1000F0FD0B988C9
:100F200001EB810100EB41000481B8887988401C05
:100F3000B0FBF1F201FB1200B8800020A0E7B988F5
:100F400001EB810100EB4100C480EEE744910030E9
:100F50000249014808607047610F0101D004800018
:100F60002DE9F05F8246884615469B46B8F1000F92
:100F700002D0B8F81C0000E000200027E97D0844FA
:100F80001FFA80F909F11A0083B2BAF81410072287
:100F900040F6A7501FF404D10446B8F1000F10D159
:100FA00015E04046F7F7F0DB0646E01932791A30D3
:100FB000711DF1F7A5F83079384487B230461EF438
:100FC00003D6D8F80000C0B100200028E9D0E0190D
:100FD000EA7D1A3005F11801F1F792F8A4F818909B
:100FE0003B4B2A4621461B685046984738B120465D
:100FF0000C38BDE8F05F1FF415910120E5E7288863
:10100000010706D5C00601D5032000E0022060706C
:1010100002E0C0F3001060702878C00703D0607849
:1010200040F0100060702878800703D5607840F0A9
:10103000200060702878400703D5607840F04000B9
:101040006070BBF1000F03D0607840F00800607062
:101050009AF80C002070687B6074287B2074687A92
:10106000A074A87AE074E87A2075E889E082A8780C
:10107000FF2825D000F001002072D5F80300C4F845
:101080000200B5F80700E080287840070BD5287CDF
:1010900000F00100E073D5F81100C4F80900B5F8BC
:1010A0001500A4F80D002878C0F3C0012046FFF712
:1010B000D7FE40B120460C38BDE8F05F1FF4B29077
:1010C000FF202072E0E72046BDE8F05F1FF4B490F7
:1010D000CC0480002DE9F04105460F461C484468C9
:1010E000A41C42F2420606233246002141F20510BA
:1010F0001FF456D0077000224270A17801B101217F
:10110000144B1970A97B40F2FF374FF4806C012912
:1011100009D091B1A1894180E18981801AF440D43C
:101120006E82BDE8F081A1894B1EBB4202D2A0F8BD
:1011300002C000E041808280F0E7A1894B1EBB42E3
:1011400002D2A0F802C000E041808280E6E7000001
:10115000000E8000449100302DE9FC5F0C4692A007
:101160000068019001AA21460020F7F7EBDA8346D8
:10117000BBF1010F7DD10026607800F00F07DFF88A
:101180002C8298F86C006070002008B14226FBE0C9
:10119000A18C608CF7F7FADA08B14026F4E04FF042
:1011A000000A88F86EA088F86CA0F7F7F1DA0A2038
:1011B000B8434FF4006902D00520B8437ED17C4883
:1011C0000078C0077BD01F2094F82010490606D570
:1011D0007F2098F86E1041F0200188F86E1017F00B
:1011E000050F04D0A17E490701D540F4C07040F43A
:1011F000C06588F880A0208C000402D5012088F802
:101200008000208C400405D598F8800040F0020052
:1012100088F88000A08B2946F7F7BCDA0646300034
:101220007ED194F8200010F0380F15D00420F7F785
:1012300095DA94F82010C1F3C202521E4FF6FF71E6
:1012400001EA82020C21F7F7A7DA0420F7F786DA21
:1012500049460A46F7F7A0DA94F82000400717D06D
:101260000220F7F77BDA94F8201001F00702521EF3
:1012700000E08FE04FF6FF7101EA82020C21F7F7E0
:101280008BDA0220F7F76ADA49460A46F7F784DA7A
:1012900015F4C06F1AD00021002005F0010211449E
:1012A000C9B26D08401CC0B22028F6D3B8F850006F
:1012B00028B1CDF800A0491E084401E01EE005E079
:1012C00080B26B4600220121F7F768DA38480078CF
:1012D000800713D594F82000000605D598F86E0015
:1012E00040F0400088F86E0094F82000C0F3C01170
:1012F000E08BF7F755DA0646300045D1022041F47D
:101300004FD588F86C70F7F74DDA88F875A094F827
:101310002A0088F8740098F86C00800822D000E059
:1013200032E04120E17E88F86F108A0704D421F072
:10133000020088F86F001720E18C494500D3494628
:101340008946484500D981461FFA89F1A8F87010EE
:10135000228D8A4200D21146884200D80846A8F859
:10136000720001E088F86FA01048102204F10A0111
:101370005630F0F7C5FEA07EC00705D06068C8F8FB
:1013800066002089A8F86A003EB10A4A314600206A
:10139000126890475846BDE8FC9F074A002108465E
:1013A00012689047F6E7000003000000000E80007E
:1013B000F8038000EC038000FC0380002DE9FE4F61
:1013C0008246884691460020019002902F4B30A221
:1013D0004021F7F787D932480068002854D00568C3
:1013E0004AE0A888401C84B2EF88288966F418D7A0
:1013F000064623462BA2402100200097F7F772D91A
:1014000037E001A9204653F47DD528BB42F60211EE
:1014100001A853F47DD5F8B123462BA2402100202A
:10142000F7F760D958F4B2D580B158F4AFD5C01CE5
:10143000A04204D12146484663F428D240B15EB1AF
:10144000306948B1B8F1000F0CD106E00020EFE799
:101450000021504657F4C0D409E02146484663F4C1
:1014600015D220B933690022214650469847641CA2
:10147000A4B2BC42C5D92D68002DB2D1034B1AA22B
:1014800040210020F7F72ED9BDE8FE8F0913020195
:10149000523A333A5B25735D20656E7465720A00BB
:1014A000E0228000523A333A73746172745F686468
:1014B0006C3D307825782C20656E645F68646C3DE7
:1014C000307825780A000000523A333A636C65613F
:1014D0007220636363642061742068616E646C656C
:1014E0003D307825780A0000523A333A5B25735D27
:1014F00020657869740A000070B50546054844689F
:1015000004E0E16809B1284688472468002CF8D136
:1015100070BD0000D092003010B50E4B1B78984281
:1015200010D200EB40030C48006800EB83100B68FE
:10153000C0F803308988A0F807108270012100F8F4
:10154000021B10BD05A240210020F7F7CBD80020D8
:1015500010BD0000E4238000DC228000523A333AC0
:10156000676174742066696E64206974656D2C20EF
:101570006E6F7420666F756E640A000070B58AB075
:1015800005460C461646FF2228216846F0F7CAFD9C
:101590004FF4C063ADF80030ADF802408DF8045050
:1015A000ADF806606846F8F717FA0AB070BD00009B
:1015B0002DE9FC4107460E461446234B23A2402149
:1015C0000020F7F78FD80025384663F485D78DF8CB
:1015D000066020680090A088ADF8040032462146DD
:1015E0003846FFF799FF04467CB12146684654F41B
:1015F000D9D003465BB119A240210020F7F772D879
:10160000384600F0EBF801250EE001250CE0237AC6
:1016100019A240210020F7F765D8207A88B1224628
:101620006946384663F436D4224629463846FFF7E1
:10163000C5FE054B1AA240210020F7F753D8BDE89C
:10164000FC810125F0E700001F130201523A333AF2
:101650005B25735D20656E7465720A00523A333AF9
:10166000626F6E64206D67722067657420657272A8
:101670003D307825780A0000523A333A626F6E6442
:1016800020646576207265636F6E6E6563742C20CE
:1016900063636364206E756D3D307825780A0000C1
:1016A000523A333A5B25735D20657869740A00000D
:1016B0003EB505461B4B1CA240210020F7F712D86F
:1016C00001A928460AF0A2FB00281DD01AA2402139
:1016D0000020F7F707D89DF80A2001A92846FFF750
:1016E0001BFF044684B118A240210020F6F7FADF60
:1016F000207A0090E3791AA240210020F6F7F2DF69
:10170000214601A854F4A0D1284600F067F82846E5
:1017100063F4FAD6034B1BA240210020F6F7E2DF68
:101720003EBD0000E8120201523A333A5B25735D78
:1017300020656E7465720A00523A333A626F6E64C5
:101740006564206465760A00523A333A73617665BF
:10175000206363636420696E206E7664730A000000
:10176000523A333A7570645F666C6167203D20259C
:10177000642C20636363645F6E756D203D20256477
:101780000A000000523A333A5B25735D20657869A0
:10179000740A00000249014808607047B11601014F
:1017A000D822800030B58BB004460D460A4B00228B
:1017B0001A70FF22282101A8F0F7B4FC40F2016260
:1017C000ADF80420ADF806408DF80A5001A8F8F7EE
:1017D00003F90BB030BD0000D092003070B5044664
:1017E0000BA240210020F6F77DDF104800788442EC
:1017F0000DD20F4D04EB4404C021286800EB841087
:10180000F0F797FC2968002001EB8411087070BD87
:10181000523A333A676174742072656D6F76652051
:101820006974656D20656E7465720A00E42380003A
:10183000DC22800070B58AB006460D461446FF22B1
:1018400028216846F0F76EFC40F20452ADF8002003
:10185000ADF802508DF8046034F8040BADF80800C0
:1018600003946846F8F7B8F80AB070BD70B58AB04E
:1018700006460D461446FF2228216846F0F752FC22
:1018800040F20352ADF80020ADF802508DF804602C
:1018900034F8040BADF8080003946846F8F79CF898
:1018A0000AB070BD2DE9FF5F0D4602984FEA10297E
:1018B00002214846F6F778DF002876D0017815290E
:1018C00001D0162971D14FF000088088C0B10021E5
:1018D0008A46604E56F8292034321068002430B110
:1018E0008788A7F540631A3B01D10C30044628785D
:1018F000801E062819D2DFE800F011111316180611
:101900004FF0440890E03CB11046F6F73DDF20462A
:101910001EF492D4002401E04FF04108012104E0BC
:101920004FF0050A01E04FF0070AE9BB5FE0F6F768
:101930002BDF0746B888A0F54061043905D04FF089
:10194000410838461EF46ED451E03D460C35688897
:101950002988401A86B2642E00D9642606EB460018
:1019600000EBC601162000EB4100834602211DF466
:101970006BD748B302214846F6F718DF01461FFA35
:101980008BF340F61A40029A1EF40AD404462888C3
:1019900060826888A082287920702A79691D601C7D
:1019A000F0F7AEFB384601E018E04CE01EF43AD404
:1019B00086B121460C39274850F829003430F6F713
:1019C000F7DE4FF0040A12E04FF04B0838461EF4E1
:1019D00029D40CE020461EF42FD400241D4850F8D2
:1019E000290034300168D9B1002100299FD0BAF113
:1019F000000F19D0B4B1029A0A23114640F60340F1
:101A00001EF4CED380F800A0618A491C8180A18A8F
:101A1000C18002214170002101811EF40DD403E038
:101A20000121E2E74FF04108B8F1000F06D1094863
:101A300050F82900406B50B1002020B142460221ED
:101A40004846F6F7B7DE04B00020BDE8F09F01205D
:101A5000F3E70000C40E800070B5054605488468B1
:101A600004E0E16809B1284688472468002CF8D1D1
:101A700070BD0000D092003070B5054605488468FE
:101A800004E0E16809B1284688472468002CF8D1B1
:101A900070BD0000D092003070B58AB006460D4689
:101AA0001446FF2228216846F0F73CFB40F2025220
:101AB000ADF80020ADF802508DF8046034F8040B46
:101AC000ADF8080003946846F7F786FF0AB070BDCA
:101AD00030B58BB005460C46FF22282101A8F0F74F
:101AE00021FB40F20752ADF804200022ADF8062099
:101AF0008DF80850D4E901022168CDE90402039170
:101B000001A8F7F769FF0BB030BD70B58AB0064683
:101B10000D461446FF2228216846F0F703FB40F2E9
:101B20000552ADF80020ADF802508DF8046034F88D
:101B3000040BADF8080003946846F7F74DFF0AB0B0
:101B400070BD70B58AB006460D461446FF222821A6
:101B50006846F0F7E7FA4FF4A061ADF80010ADF871
:101B600002508DF804601622214602A8F0F7C8FA48
:101B7000163408946846F7F72FFF0AB070BD0000CE
:101B800070B50546002D12D0FAF758FF0C4884684E
:101B900005F1090609E020792A7A904204D13146FC
:101BA000A068F0F7FEFA18B12468002CF3D170BDDC
:101BB000E1680029FBD02846BDE8704008470000D6
:101BC000D092003070B58AB006460D461446FF220A
:101BD00028216846F0F7A6FA40F20152ADF800203D
:101BE000ADF802508DF8046034F8040BADF808002D
:101BF00003946846F7F7F0FE0AB070BD70B58AB07E
:101C000005460C461646FF2228216846F0F78AFA58
:101C100040F20653ADF80030ADF802408DF80450A4
:101C2000ADF808606846F7F7D7FE0AB070BD00004F
:101C30002DE9FF410D460027D6B2140A002002907C
:101C4000039000900190E0B2694668F497D3304663
:101C500066F4E6D2804600205EF412D3B8F1000F9D
:101C60003AD0D8F80420002A36D0E0B2294690476E
:101C7000288802A953F446D100282DD142F602113A
:101C800002A853F445D138B330465AF459D38046AC
:101C90009DF80620E0B26946FFF73EFC0646DEB13D
:101CA000A879E979434640EA01222988304662F45E
:101CB00055D5E0B269460AF0A9F868B109A24021F9
:101CC0000020F6F70FDD5EF411D33146684653F479
:101CD000BBD600205EF4D4D25EF408D304B03846FC
:101CE000BDE8F081523A333A636F6D6D6F6E2073C9
:101CF0006572766963653A207065657220777269EE
:101D000074657320636363642C2073617665206956
:101D10007420696E206E7664730A000070B58AB014
:101D200006460C461546FF2228216846F0F7FAF9C8
:101D300040F20443ADF800300023ADF802308DF8D6
:101D40000460FF22072102A8F0F7ECF9ADF810407B
:101D5000ADF812506846F7F73FFE0AB070BD0000BC
:101D600070B505460548446804E0E16809B12846B5
:101D700088472468002CF8D170BD0000D092003054
:101D800010B504460846FAF789FF0146002903D03A
:101D90002046BDE81040084710BD30B58BB0044662
:101DA0001546FF22282101A8F0F7BCF940F20341B3
:101DB000ADF804100021ADF806108DF80840286831
:101DC000039001A8F7F708FE0BB030BD30B58BB01B
:101DD00004460D46FF22282101A8F0F7A3F940F29E
:101DE0000242ADF804200022ADF806208DF808402C
:101DF0002888ADF80C0001A8F7F7EEFD0BB030BD58
:101E000030B58BB004460D46FF22282101A8F0F71B
:101E100089F94FF48062ADF804200022ADF8062065
:101E20008DF808402888ADF80C0001A8F7F7D4FD1C
:101E30000BB030BD30B58BB005460C46FF222821D3
:101E400001A8F0F76FF940F20141ADF8041000214C
:101E5000ADF806108DF8085020680390A088ADF802
:101E60001000A41D059401A8F7F7B6FD0BB030BD16
:101E7000017882781144C9B201710846704730B5C3
:101E800000224271438805E044798D5C2C44447102
:101E9000521C92B29342F7D8407930BD0748C169CD
:101EA000C1F31401026AC2F314030068C0F3C11243
:101EB000581A034951F8221048437047802001B056
:101EC0002C95003030B585B00446002C03D0FBF7CC
:101ED0007BF978B11DE051A19D22CDE900214BA0F5
:101EE0000290574B57A25FA10020F3F7C9FA0020D8
:101EF00005B030BD5DA1A322CDE9002143A0029031
:101F00004F4B50A257A10120F3F7BAFAFBF76CFD33
:101F100060B12046FBF77EF8002819D004225EA1AC
:101F20002046F0F754F9002824D030E05CA1A52227
:101F3000CDE9002135A00290414B42A249A10020E9
:101F4000F3F79EFA62A12046F0F738F90020CFE7B8
:101F500063A1AD22CDE900212CA00290384B39A21B
:101F600040A10020F3F78CFA67A12046F0F726F98C
:101F70000020BDE768A1B42224A0CDE90021CDE96D
:101F800002042F4B2FA237A10120F3F779FA204644
:101F9000F0F7F2F805460E2D29D0CDE903541BA029
:101FA0006BA1CDE90110BA200090254B25A22DA1EF
:101FB0000120F3F765FA0E2D04D309E073A1204642
:101FC000F0F7C2F82046F0F7D7F80E28F6D301E074
:101FD0000020A0736EA1C7220CA0CDE90021CDE99D
:101FE0000204174B17A21FA10220F3F749FA6FA1B1
:101FF000CA2206A0CDE90021CDE90204104B11A2AE
:1020000018A10220F3F73CFA012071E75B34475F27
:1020100050524F544F434F4C5D00000025732049F0
:102020006E76616C69642074696D657374616D703E
:102030002062756666657220706F696E74657200E5
:10204000FB0302012E2E5C5372635C757365725C38
:10205000626C655F34675F70726F746F636F6C2E54
:10206000630000004E4F5F5441470000257320522B
:102070005443206973206E6F742072756E6E696EA2
:10208000672C20617474656D7074696E6720746F5D
:102090002073746172740000323030300000000030
:1020A0002573204661696C656420746F20737461C8
:1020B0007274205254432C207573696E67206465D6
:1020C0006661756C742074696D657374616D700000
:1020D0003230323430313031303030303030000056
:1020E0002573204661696C656420746F2067657490
:1020F000205254432074696D6520666F7220344706
:102100002075706C6F6164003230303030313031A6
:10211000303030303030000025732052544320746A
:10212000696D652069732064656661756C7420282B
:102130002573292C207573696E6720646566617547
:102140006C742074696D657374616D7000000000BB
:10215000257320496E76616C69642074696D6573BE
:1021600074616D70206C656E6774683A2025642C0C
:102170002065787065637465642031342E2054695D
:102180006D657374616D703A202573003000000036
:10219000257320436F727265637465642074696D82
:1021A000657374616D703A202573000025732043B8
:1021B0006F6C6C656374696F6E2074696D657374A0
:1021C000616D7020666F722034473A2025730000DD
:1021D00030B50246002400200021084B53F820505F
:1021E0002DB1914201D1044605E0491CC9B2401C01
:1021F000C0B20A28F2D3204630BD0000CC0D8000CA
:1022000070B506462DED068B88B00D469FED368BDA
:1022100020216846EFF78DFF0024102269463046E2
:10222000F2F720FA0020694600F1080231F8122086
:10223000224494B2401CC0B20828F5D3E408052E0D
:1022400002D0062E24D046E06888F0F7F6FC41EC78
:10225000180B2888F0F7F1FC41EC190B2046F0F739
:10226000ECFC53EC192BF0F7F0FB53EC182BF0F7C8
:1022700064FC9FED1F1B53EC112BF0F75EFC9FEDF0
:102280001E1B53EC112BF0F7E3FB41EC180B22E083
:102290009FED1B0B51EC100B81F0004141EC190B31
:1022A0006888F0F7CAFC41EC1A0BA888F0F7C5FC67
:1022B00041EC180B2046F0F7C0FC53EC182BF0F75C
:1022C000C4FB53EC1A2BF0F738FC53EC192BF0F746
:1022D000C2FB41EC180B08B0B0EE480AF0EE680AF9
:1022E000BDEC068B70BD0000000000000000000087
:1022F00079E9263108AC5CBF0000000000003940DD
:10230000B76DDBB66DDB0E402E20704710B5024670
:1023100000200021064B53F821401CB1914205D00A
:10232000401CC0B2491CC9B20A29F4D310BD000038
:10233000CC0D80001CB542680121117000214FF4C2
:102340008A2205E012F8013B4468491C6354C9B273
:102350000829F7D3094906C9CDE900124168009A56
:1023600041F8092F019A4A600288406811215DF402
:10237000BDD30349002008701CBD000058120201A3
:102380004825800070B50D46002803D015B184683B
:102390001AB90CE0002070BD24687CB1216A69B1D3
:1023A0002846EFF7F0FE0028F6D107E024682CB1AC
:1023B0002846216AFBF7F2FD0028F7D11CB1206AFC
:1023C00008B1204670BD002070BD0000024600210B
:1023D0000BE0084850F83130501E834204D10548C4
:1023E00000EBC10040687047491C1029F1DB002058
:1023F000F9E70000A4530130002101E0491C400826
:10240000C207FBD008467047014617480068C0F372
:10241000C220DC2901DA06207047A1F1DC020A2A79
:1024200003D20428F8D006207047A1F1E602142A4E
:1024300001D804207047A1F1FB02092A03D2032826
:10244000F8D004207047A1F58272282A01D8032011
:102450007047A1F22D11092903D20228F8D00320D8
:10246000704702207047000010C500A001461E48BA
:102470000068C0F3C220DC2901DA07207047A1F10F
:10248000DC020A2A03D20528F8D007207047A1F100
:10249000E602142A01D805207047A1F1FB02092A9F
:1024A00003D20428F8D005207047A1F58272282AAB
:1024B00001D804207047A1F22D12092A03D2032863
:1024C000F8D004207047A1F59B723C2A01D8032064
:1024D0007047A1F27311092903D20228F8D0032012
:1024E000704702207047000010C500A010B50028FA
:1024F00009D0012204210320F2F75AFFBDE8104061
:10250000322069F4779300220421BDE810400320B3
:10251000F2F74EBF2DE9F04704460D464FF0000894
:1025200000BFF1F715FB81460120F1F734FC30487C
:102530000068102802D34FF0FF384BE048222D49A5
:102540002D48EFF7DDFD48222C492A48EFF7D8FD4A
:102550002B482749096840F831402549096800EBB4
:10256000C100456027884DF6FF7624F0010425F070
:10257000010504F0030080B1A01E40F001011D48D8
:1025800008301B4A126840F8221007EB06401D492C
:10259000174A126841F822000CE044F00101154886
:1025A0000830134A126840F822101648104909688A
:1025B00040F8216048220F491048EFF7A1FD48225A
:1025C0000D490C48EFF79CFD09480068401C08497C
:1025D000086000BFB9F1000F03D10020F1F7DBFB69
:1025E00002E00120F1F7D7FB00BF4046BDE8F087CD
:1025F00004910030002000E05C530130145301309E
:10260000A4530130005B013070B5044600BFF1F700
:102610009FFA05460120F1F7BEFB0020144908701F
:10262000144815490860154815490860482215499D
:102630001548EFF765FD154812494860032008600A
:1026400048221348EFF75CFD48220F490D48EFF789
:1026500057FD882C01D00BF03DFA1DB90020F1F791
:102660009AFB02E00120F1F796FB00BF70BD00006D
:102670000091003039F50001EC268000A5F500013D
:10268000E8268000002000E05C530130005B013050
:102690001453013000281ED0028800F10801B2F561
:1026A000806F0CD0A2F58062013A0BD0022A0CD0C8
:1026B000032A10D1428A018A007900F04DB90079CD
:1026C00000F05CBA007900F065BB83780A460079B7
:1026D000194600F03FBA70471CB58DF80000002085
:1026E0008DF80100104A8888538998420DD1886876
:1026F0000078012801D020B112E008208DF80100F7
:102700000EE007208DF801000AE09288904207D180
:1027100005208DF80100886801904888ADF8020016
:10272000684600F05BF81CBDACA200301CB58DF80B
:10273000000000208DF801001548C388934206D19F
:1027400019B10A208DF801001CE00320FAE7838903
:10275000934206D119B10A208DF8010012E004203D
:10276000FAE70389934206D119B10A208DF80100D6
:1027700008E00620FAE74089904203D131B10A20EF
:102780008DF80100684600F029F81CBD0920F7E724
:10279000ACA20030002819D0028800F10801B2F57F
:1027A000A06F08D0A2F5A062063A0AD0012A0DD186
:1027B0000079FFF791BF83780A460079194600F047
:1027C0003DB8028981780079FFF7B0BF70470000FB
:1027D0000149F7F745BD0000848C003004490969C0
:1027E000002903D04278002A00D008477047000033
:1027F000ACA200301CB5019106498989002906D098
:1028000001AA009202230022F7F739FD1CBD042023
:102810001CBD0000ACA2003003B581B00649498957
:10282000002906D002AA009201230022F7F727FD13
:102830000EBD04200EBD0000ACA200302DE9FC4707
:1028400014468DF800004FF0020A8DF801A05729B8
:1028500058D0C1BB2078102851D110222A49601CC1
:10286000EFF79FFC78BBDFF8A490608AA9F800001E
:10287000A08AA9F80200002639E0711C084485B23C
:1028800006EB4601A06901EBC60710F817100329F3
:1028900028D11D490AEB4708404410221031EFF7B8
:1028A00080FC88B1A0691849404410222031EFF71C
:1028B00078FC60B1A0691449404410223031EFF730
:1028C00070FC50B10EE01AE0A9F808500AE0A9F82F
:1028D00004506D1CA9F8065004E0A9F80A506D1CBC
:1028E000A9F80C50A06910F8170028B1761CA18A2D
:1028F000608A091AB142C0D801208DF801006846EB
:10290000FFF76CFFBDE8FC878C8C0030ACA2003078
:1029100008B51346064A1289002A05D031B1009144
:102920000021F7F7BDFC08BD042008BD022008BD4A
:10293000ACA200301CB501910649C988002906D017
:1029400001AA009202230022F7F799FC1CBD042083
:102950001CBD0000ACA20030FEB505460F46144673
:10296000204607F0C4FD00282CD0184E184B092231
:10297000B188384607F0A1FD01468DF801500020CE
:102980008DF80000304600EB4500032902D00829ED
:102990000FD108E0012C04D004218DF80010C48070
:1029A00007E00321F9E7012C0DD006218DF8001076
:1029B00044839DF80000002804D03168002901D02C
:1029C00068468847FEBD0521F0E7000050A20030B0
:1029D000ECFF010110B50446002C0BD01421064871
:1029E000EFF7A7FB04480461BDE810400349044821
:1029F000F7F70EBC022010BDACA2003095270101F4
:102A0000848C00307CB504462D4D6078092856D260
:102A1000DFE800F0550555172C3D4F43490029A02C
:102A20004FF48371CDE90010314B32A237A102205F
:102A3000F2F726FD012129702078BDE87C40FFF7E0
:102A400079BF34A04FF48671CDE90010284B29A23C
:102A50002EA10220F2F714FD297801200BF06EFB65
:102A60002078BDE87C400121FFF7C4BE30A04FF4C0
:102A70008971CDE900101E4B1EA224A10220F2F79D
:102A8000FFFCBDE87C40012102200BF057BB6188B0
:102A90006068BDE87C40FAF77BBABDE87C40002165
:102AA00003200BF04BBBBDE87C40012103200BF061
:102AB00045BBBDE87C40012100200BF03FBB7CBD45
:102AC0003C8D0030476F6F646978205561727420C7
:102AD0005365727669636520646973636F766572A6
:102AE0007920636F6D706C6574656C792E000000E1
:102AF0000F0102012E2E5C5372635C757365725C6C
:102B0000757365725F6170702E6300004E4F5F5485
:102B100041470000456E61626C6564205458204E48
:102B20006F74696669636174696F6E2E00000000DE
:102B3000456E61626C656420466C6F7720436F6EF2
:102B400074726F6C204E6F74696669636174696F2B
:102B50006E2E00000EB5084B1B68002B0BD08DF8B5
:102B60000100002907D11078002804D102208DF837
:102B70000000684698470EBD50A200303EB505469D
:102B80000C881648164B09228188204607F095FCD0
:102B9000ADF8004000228DF804201049022301EB1B
:102BA000450103280BD0082810D0ADF802200120E1
:102BB0008DF8040069462846F7F7BAFB3EBDADF82C
:102BC0000230891D02918DF80420F3E7ADF8023040
:102BD0001A3102918DF80420ECE7000050A2003079
:102BE000ECFF010113B584B0044600200C4901EB51
:102BF0004402528B012A11D18DF804008988094AB8
:102C0000072007F03FFCADF806000120ADF80800F2
:102C100005A8039001A92046F7F753FB06B010BDA5
:102C200050A20030ECFF010170B5002822D0124CF8
:102C30000068206004F130002C210546EFF779FA96
:102C40000020A080211D21630C486063801EA063CA
:102C5000092084F83C00402084F85A00012084F8C0
:102C60005B000648103020642846BDE870400449E7
:102C7000F7F736BB022070BD50A20030EEFF010115
:102C80009526010110B5C0B00446207809280AD263
:102C9000DFE800F0091042050B474C5156000121B6
:102CA00008460BF04BFA40B010BD002101200BF09C
:102CB00045FAF8E7032225A16068EFF772FA38B108
:102CC000606801787B2923D02189FAF761F9EAE766
:102CD000228968466168EFF713FA20896168014428
:102CE00011F8022C0D2A03D111F8011C0A2907D072
:102CF0000D210DF8001022890DF101000A21115457
:102D000020896946801C82B20220F3F773FECAE76D
:102D10002189F8F705F8C6E7012100200BF00EFA2B
:102D2000C1E7012102200BF009FABCE700210220D3
:102D30000BF004FAB7E7002103200BF0FFF9B2E72C
:102D4000012103200BF0FAF9ADE7000041543A00ED
:102D5000FEB504460D4616461A200C4901EB440206
:102D6000D288012A10D100208DF800008988084AF5
:102D7000022007F087FBADF80200ADF80460029571
:102D800069462046F7F79DFAFEBD000050A20030CC
:102D9000ECFF01012DE9FF4106460C4625782D4F39
:102DA0002D4B0922B988284607F087FB8DF805606E
:102DB000ADF8005000218DF80210394601EB4605B0
:102DC000032821D00121052816D0072834D008284F
:102DD00026D08DF802109DF80200012806D09DF83B
:102DE000040018B1396809B101A88847694630461E
:102DF000F7F7ADFABDE8FF818DF80410A0680290E6
:102E0000A088ADF80C00E6E7A06802F099FC012864
:102E100004D004218DF80410E880DCE70321F9E7F1
:102E2000A06802F08DFC012804D006218DF8041062
:102E30006883D0E70521F9E7A068007828B1012868
:102E4000C9D108208DF80400C5E707208DF80400DB
:102E5000C1E7000050A20030ECFF01010548006806
:102E6000C00F002804D00448007908B10120704741
:102E70000020704740C500A018930030FEB50546FD
:102E8000002403208DF8000000260B4FE8070CD02B
:102E90000120A040019004EB440007EB8000816812
:102EA0000291416809B168468847641CA4B26D0864
:102EB000761C082EEADBFEBDC49A003010B5EFF395
:102EC0001084012181F3108800F004F884F3108845
:102ED00010BD00002DE9F0410446204602F0E2FC5E
:102EE000E0B2EFF31081012282F31088194A1368CF
:102EF00083430343136081F310881748446284635B
:102F00004FF6FF7000EA0421E0B2124B0C3B1A6846
:102F1000084382431A6019E094FAA4F0B0FA80F1F1
:102F200001208840611E0C40072290FAA0F1B1FAFE
:102F300081F18900094D2E680F278F40BE438A40DA
:102F400016432E60196821EA00401860002CE3D176
:102F5000BDE8F0815CC500A0002001A090E200A0C7
:102F600070B505460648F5F727DCEFF3108401211C
:102F700081F31088284600F005F884F3108870BDAE
:102F8000E492003000B585B001680091017901F04C
:102F90000301019181680291C168039140680009B1
:102FA0000490684602F0F2FB05B000BD10B5FF20AA
:102FB000F1F78AFE80B2002821D011498863EFF32F
:102FC0001081012282F310880E4A6FEA00431360D9
:102FD00081F310886FF0040111600A4940390968D3
:102FE000C1F3001139B1202805D0BDE8104020F010
:102FF0002000F5F7E39BBDE81040F5F7DF9B10BD1F
:10300000002001A044C500A030B4002910D0EFF387
:103010001081012282F31088074B1A684FF6FF7463
:1030200004EA002002431A6081F3108830BC704724
:1030300030BC02F037BC00005CC500A030B58DB0DC
:103040000446002C04D094F82900002518B111E0A2
:1030500001200DB030BD84F828501948416821F096
:1030600080014160016821F080010160816821F0E8
:1030700004018160022084F8290001A821F4E4D62B
:1030800060680A90A0680B902069059060690690BE
:10309000A0690790E0690890E0680390206A0490B6
:1030A000606A0C90217801AA064802F0C5FD2564EB
:1030B000012084F8290084F828500020C9E7000086
:1030C000A0E200A0003001A0EFF31081012080F306
:1030D000108808480268521E02600268002A05D162
:1030E0008268054B1A604068044A106081F31088BA
:1030F0007047000050910030001000E0FCED00E04F
:1031000010B5EFF31081012080F310880B4802689E
:10311000002A0DD10A4B1A6842600A4A146884607A
:10312000446844F080741C60836843F001031360BA
:103130000268521C026081F3108810BD509100306B
:10314000FCED00E0001000E010B50446002C1DD09E
:10315000207A01281CD0012020721A48006818B17A
:10316000416809B1204688471748016821F4806109
:103170000160EFF31081012080F31088134802688A
:1031800022F002020260006820B114E0012010BDAC
:10319000022010BD0E48426842F001024260C2683F
:1031A00042F00072C260026842F001020260C2682E
:1031B00042F08072C26081F310880020E06060728B
:1031C000207210BD8403800014C500A05894003004
:1031D000A0E200A070B50446002C03D0234920686B
:1031E000884201D0012070BD207A012805D0012538
:1031F0002572607A002610B11EE0022070BD267292
:103200001B48016821F001010160816821F0007113
:103210008160EFF31080012181F3108815490A685D
:1032200042F002020A6080F310881348006818B167
:10323000016809B120468847022060720F48016882
:1032400041F4806101606068012809D0206801684C
:1032500021F4805101603046E6606572207270BDD5
:103260002068016841F480510160F4E7006401A026
:10327000A4E200A0589400308403800014C500A08C
:1032800010B50B46024600210348F3F78ADF08B168
:10329000002010BD012010BD641F800038B5022041
:1032A00000906846F0F72EFA114C206880B911485A
:1032B000206011490160012141608160EB21C16002
:1032C0000E499DF8002051F8221001610021416152
:1032D00068F44CD608B1012000E00020A072044838
:1032E000F5F76EDA08B1002038BD012038BD0000C6
:1032F000641F8000281F800000D000A09091003043
:1033000010B514460A46014623460448F4F7F2DD98
:1033100008B1002010BD204610BD0000641F8000D1
:1033200010B514460A46014623460448F3F72FDE3B
:1033300008B1002010BD204610BD0000641F8000B1
:103340002DE9F047C0B081468A4617463B465246B3
:1033500049461748F3F71BDE18BB00243D464FF4DF
:103360008078474501D9464600E03E4609EB040116
:1033700033466A460E48F4F7BDDD90B90AEB040007
:1033800032466946EEF70DFF58B9AD1B6DB13444B6
:103390004646B54200D82E46BC4202D2A019B842D9
:1033A000E4D9002040B0BDE8F0873846FAE70000D5
:1033B000641F800070B505460E460748F5F702DA2F
:1033C000EFF31084012282F3108831462846F5F786
:1033D000FBD984F3108870BDE89200302DE9FE43DC
:1033E00007460E463046FFF707F885B20024DFF89F
:1033F0005490DFF8548059F83400B8421DD105EBE1
:10340000041085B205EB450218F82200052807D004
:103410008DF800400D48874206D13004019004E049
:1034200005208DF80000F5E7019608EB8200816821
:10343000029142680AB168469047641C032CDADBAB
:10344000BDE8FE83B8FD010144990030001001A0E1
:1034500070B505460E460748F5F7B4D9EFF310846A
:10346000012282F3108831462846F5F7AFD984F35C
:10347000108870BDE892003010B50648F5F7A8D95D
:10348000EFF31084012080F31088F5F7A3D984F3BB
:10349000108810BDDC920030F0B54FF0F85000EA13
:1034A00001604FF4F81202EA0142254B1C68024306
:1034B000944304431C6001F01F00EFF310820124C9
:1034C00084F310881C1D256885430543256082F31D
:1034D00010884FF4F85202EA01221D6885431D60EE
:1034E000EFF31080012383F3108823689343236054
:1034F00080F3108820E091FAA1F0B0FA80F2012068
:1035000090404A1E1140072390FAA0F2B2FA82F2CC
:1035100092000C4E35680F279740BD4393401D43E2
:103520003560EFF31082012383F31088236823EAC8
:103530008050206082F310880029DCD1F0BD0000AB
:103540003CC500A094E200A0084602F019BC084661
:10355000F5F7429908461146F5F7409970477047CC
:10356000012080F310880F48016821F0807101600C
:1035700001210C4A38321160016841F0007101608C
:10358000084A6FF04001143A11600021026861F3AB
:10359000DF620260054A04491160016841F08071F0
:1035A0000160FEE758C500A0646F6F67007080007F
:1035B00070B504460D460448F5F712D92946204651
:1035C000BDE87040F5F70E99CD3501012DE9F041C8
:1035D000EFF311870220F0F71CFA0446F0F744FAE3
:1035E000401C012181406018C0B280F31188002086
:1035F000F2F788F90546254ED5E90412C6E902120C
:103600002348081A72F11E0019D306F110000EE0CB
:10361000DCE90412D6E90234B1EB030872EB0408CA
:1036200004D3C91A62EB0402CCE90412006AD0F890
:1036300020C0BCF1000FEBD10021B160F160A8788F
:1036400001280AD1D6E90230D5E9021259185041B1
:10365000C5E904102846F2F719F9F8B280F3118889
:10366000F2F7C2F9706840B1D0E90421D6E902034B
:10367000101A61EB030104F073FFE96909B1A8694D
:103680008847BDE8F041F2F779B90000A09B00300F
:103690000010C32C70B50446002C1ED0207D0128DC
:1036A0001DD0012626751E4D286820F001002860D7
:1036B000A86820F00070A860A5F52975206822F49C
:1036C000D9D4EFF3108186F310881648026822F0EF
:1036D00010020260006820B115E0012070BD0220D8
:1036E00070BD05F52875686840F001006860E868FD
:1036F00040F00070E860286840F001002860E86849
:1037000040F08070E86081F310880748006818B1C5
:10371000416809B12046884700206075207570BD5A
:10372000A4E200A058940030AC0380002DE9F74FCC
:1037300086B004460D46142101A8EEF7FAFC4FF0BE
:103740000008207D01280ED04FF0010A84F814A053
:10375000607D0027012808D04FF0010827754046FA
:1037600009B0BDE8F08F0220FAE7022060756068BA
:103770000190A0680290E06803902069049005978A
:1037800001A9206822F489D44FF0040B20B16068AD
:10379000B0F5C05F05D01FE084F815B02775012093
:1037A000DEE7CDB1A06870B329882068016269881E
:1037B00020680162A98820680162E98820680162A6
:1037C000298920680162698920680162A9892068C5
:1037D0000162E989206801622068016841F0010105
:1037E00001604FF0E029D9F81460D9F81850EFF7CC
:1037F000C3FF1A484FF47A710068B0FBF1F1C8209A
:103800004143174B1EE0FFE7298820680162698861
:1038100020680162A98820680162E9882068016245
:10382000DAE7D9F81800854201DB2A1A01E0321ADA
:103830002A44891A0546002904DC84F815B0277546
:1038400003208DE75868C0F300000028E9D098688D
:10385000A0610899086084F815A07FE70889003006
:10386000007801A070B50446002C08D0207D012806
:1038700007D001252575607D002620B128E00120B4
:1038800070BD022070BD26751748416821F0010106
:103890004160C16821F00071C160016821F001013F
:1038A0000160C16821F08071C160EFF310800121D7
:1038B00081F310880D490A6842F010020A6080F313
:1038C00010880B48006818B1016809B12046884784
:1038D000022060752068016821F0010101606575B2
:1038E0002675002070BD0000A0E200A058940030B2
:1038F000AC03800010B5032806D0FFF759FE03493A
:1039000001200870002010BD012010BD5D91003025
:103910000E488178002909D10D49096801F040510C
:1039200001228270B1F1805F00D14270407858B1BD
:103930000848F6EE000A90ED000A30EE200ABCEED0
:10394000C00A10EE100A704768F464925D9100306E
:1039500050C500A06491003008B500200090694671
:103960004FF00040F0F784DD08B1002008BD00985A
:1039700008BD000001480078704700005D910030EC
:1039800010B500210320FFF713FE02490020087044
:1039900010BD00005D9100301CB50BF0D7FC052177
:1039A0008DF800100649002251F8203083F80021DC
:1039B00051F820000168002901D0684688471CBDE5
:1039C000CC8A00301CB50BF0C1FC04218DF800102E
:1039D0000649002251F8203083F8002151F82000D8
:1039E0000168002901D0684688471CBDCC8A003098
:1039F0001CB50BF0ABFC03218DF80010064900222A
:103A000051F8203083F8002151F820000168002986
:103A100001D0684688471CBDCC8A003070B5054689
:103A20000648F4F7E1DEEFF31084012181F31088FA
:103A30002846F4F7DBDE84F3108870BDEC9200308A
:103A40001CB5044620460BF081FC00228DF80020B6
:103A5000E16B0191064951F8203083F8002151F8BB
:103A600020000168002901D0684688471CBD00007D
:103A7000CC8A0030002804D010F8371F4078084363
:103A8000704700207047000070B505460648F4F7FF
:103A9000ABDEEFF31084012181F310882846F4F7A0
:103AA000A7DE84F3108870BDEC9200307047704739
:103AB00070B504460E46154694F83800102801D01B
:103AC000022070BDF6B3EDB3206BD8B32F4BA069C5
:103AD000C8B320680121C0F89C10206B4FF400424D
:103AE0000178184602F01EF9666225856585002179
:103AF000E163122084F83800012084F83500226B3D
:103B000023481063226B23489063206BC1632068B5
:103B10004269920703D502680222C0F8882084F81F
:103B2000361021682B46626A206BF4F763DEEFF3F0
:103B30001081012080F310882068426842F004025E
:103B4000426001E006E007E081F31088A0690128E7
:103B50000DD018E0012070BD20680021C0F89C1035
:103B6000206B00220178184602F0DCF8BCE7EFF386
:103B70001081012080F310882068426842F0010221
:103B8000426081F31088002070BD0000003001A069
:103B9000BDC0050075C0050090F83830102B01D06D
:103BA0000220704721B31AB3416202854285002387
:103BB000C363122180F8381001680222C1F89C20EA
:103BC00001684A69920703D50A680222C1F8882071
:103BD00080F83630EFF31081012282F310880068FC
:103BE000426842F00502426081F31088002070476D
:103BF000012070471CB5044620460BF0A7FB0221AC
:103C00008DF80010218D628D891AADF804100449D9
:103C100051F820000168002901D0684688471CBD82
:103C2000CC8A00307CB5054628460BF08FFB044655
:103C300001208DF80000288C698C401AADF8040032
:103C40000C4D55F8240090F8040118B12046F2F705
:103C500041FA02E02046F2F7E5FB55F8240090F81F
:103C60000011002904D10168002901D06846884765
:103C70007CBD0000CC8A003005F08ABA70B50C46D5
:103C8000154628461CF476D32D0A3F281DD0284619
:103C9000F4F7B2DD0346A27821792846F4F7AEDDC9
:103CA0000B4850F825008289FF2A09D0207808B1F6
:103CB000903000E00020C3B201212846F4F7A0DDD7
:103CC000227961882846F4F79DDD002070BD000050
:103CD000CC0D80002DE9FC4104460F4621780026DA
:103CE0000025601C3DF48ED7142808D20C4900EB47
:103CF000800001EB400090F82903C0F34005CDE9B6
:103D00000065237804F11702E11D601C37F412D519
:103D1000014638463DF448D70020BDE8FC8100004C
:103D2000A41480002DE9F04104460E460C2504F051
:103D3000B7FBB0B32178012903D9FF2901D012259F
:103D400038E0601C3DF45ED705461E4F142D09D2A5
:103D500005EB850007EB400090F82903800706D5A6
:103D6000122527E03DF43CD70546142D1AD005EB6B
:103D7000850007EB400000F54870D4F801100160A1
:103D8000B4F80510818021780172417A41F0010177
:103D900041F0020141722178601C3EF4C3D018B199
:103DA00007E007E0072505E02278611C28463BF480
:103DB000F1D40025294630463DF4F6D60020BDE872
:103DC000F0810000A414800010B50C4637F486D5AD
:103DD000002120463DF4E8D6002010BD70B50E4607
:103DE0000C2404F05DFBF8B10024124D04EB8400B8
:103DF00005EB400191F82903C20710D020F0020022
:103E000081F82903420703D420F0010081F8290337
:103E100091F8282301F5487120463BF409D5641C2C
:103E2000E4B2142CE2D30024214630463DF4BCD643
:103E3000002070BDA414800038B504460D4621460C
:103E40006846F4F7E1DCB0B10098C17B022904D0E8
:103E5000032907D004290ED109E02A46214600F0A3
:103E600007FF08E02A46214611F414D203E02A464F
:103E7000214611F405D3002038BD38B504460D465F
:103E8000FCF7ACFD21466846F4F7BEDC78B100983B
:103E9000C17B022902D0042909D104E02A46214627
:103EA00007F072FE03E02A46214611F4F1D2002009
:103EB00038BD00002DE9F84F06460C4693464FF0FA
:103EC0000008DFF82CA15AF8267001210C2E07D229
:103ED000384628B190F85000C043800704D0002134
:103EE00021B14FF00C087AE00121F9E700214FF0F1
:103EF00001090C2E09D2384638B190F83C0010F078
:103F0000020F01D0012100E0002119B997F84E00FD
:103F1000C00706D097F85100C00605D54FF03A0803
:103F20005DE04FF01A085AE020890090E38862882B
:103F3000A188304623F4ACD248B92E49C6EBC6005E
:103F400011F81000800702D44FF0120847E009EB87
:103F5000062130230A4640F20B101CF421D10546FD
:103F60000520287100223146284625F457D72248DB
:103F70002860A188A0894900884200D30846688249
:103F8000618860894900884200D308462882A08859
:103F900068816088288160882885E088A8812089D8
:103FA000E88100210C2E0AD25AF8260038B190F888
:103FB0003C0010F0020F01D0012100E0002181F04F
:103FC000010085F82C0085F82D9085F82E90284664
:103FD0001CF432D117F8510F40F0100038704246EF
:103FE0005946304623F456D10020BDE8F88F000032
:103FF0003812800040088000B58B03002DE9F34F94
:10400000A9B004464FF000090C2700260096602155
:1040100001A8EEF78EF8DFF8108398F8A9040128BC
:104020001CD0022088F8A90400969DF8000008EB37
:10403000801191F84410052904D0401CC0B20090B2
:104040000C28F2D39DF800000C2807D3207830B953
:10405000A178E01C3DF466D708B10B275BE112277D
:10406000617A11F0050FF9D0B04801F00F02825CBF
:1040700000EB111000781044C5B2002010E08A0750
:1040800003D501F00102824209D004EB00129389AA
:104090005289934206D8042B04D3042A02D3401C2D
:1040A000A842ECDBA842D9DB002127E004EB011099
:1040B000B0F80EC0028A944522D8C38AB0F818A07E
:1040C00053451DD8DFF868A2838ABAF800A053458B
:1040D00016D8BCF1060F13D3DFF858C2BCF800C0E5
:1040E00062450DD80A2B0BD3408AB0F5FA7F07D270
:1040F000401C5043B0EB830F02DA491CA942D5DBC8
:10410000A942ABDBA0780128A8D860780328A5D8FD
:104110008DF87800207850B9A178E01C26F463D798
:1041200028B99DF8780020F002008DF878006078BA
:10413000C00705D080498148F4F768DB00288DD19D
:1041400068463DF411D20746380087D1824601AF58
:1041500025E004EB0A11CA89C88A5200904200D3B4
:10416000104680B20222022800D8104682B2088A85
:104170000B8B4FEA400C604607EB4A10C0F804C0B6
:10418000C989490001608260C2608674C6749DF866
:104190000010018241F4CAD318B90AF1010AAA45F4
:1041A000D7DBAA4501DA3B27B5E09DF8000008EB14
:1041B0008010806828B14FF4D37261A164A0F4F735
:1041C0008BDA607868B3012837D0022829D0032819
:1041D00033D040F2BB135AA20021F4F719DB9DF84B
:1041E00000E008EB8E1BCBF808404FF001090520DA
:1041F0008BF84400D4F80300CDF86A00B4F8070047
:10420000ADF86E004848D0F819131C9190F81D03C2
:104210008DF87400607A8DF8760000200DF1640A44
:1042200030E09DF80000404908EB8010D1F80823E9
:10423000C260B1F80C130182D1E79DF800003A4941
:1042400008EB8010D1F80E23C260B1F8121301827E
:10425000C5E704EB001200EB40010AEB8101538932
:104260000B8393894B8307EB4013D3F814C04FEAB9
:104270005C0CA1F81CC01B8BCB83538A0B84928AE5
:104280004A84401CA842E4DB9DF876100520884350
:1042900013D16D1E05EB45000AEB80011831BDF806
:1042A0007E004A881044BDF87C20824201D2ADF8DD
:1042B0007C000A88824200D208808DF877E0A078DE
:1042C0008DF8790020788DF87A00DBF80C001990D1
:1042D000BBF81000ADF8680001208DF8750098F863
:1042E00012048DF8A000264919A8096888470746D6
:1042F000380010D003279DF8000008EB801080F8EC
:104300004460806838B10C381BF48CD79DF80000ED
:1043100008EB8010866039462A983DF453D42BB0C0
:104320004846BDE8F08F0000A4148000B4D005001A
:104330008206800080068000D4D00500B21780007D
:104340006C6C6D5F6863695F70617463682E630095
:104350006C6C6D5F656E762E6163745F696E666FFF
:104360005B6163745F69645D2E686F73745F706115
:1043700072616D73203D3D204E554C4C0000000095
:1043800048068000F8B50D4616466888F4F742DA0C
:104390000446FF2C4DD001212046F4F73DDA0A28CF
:1043A00013D0082040EA04211E23324640F616604E
:1043B0001BF4F6D60B210170A9894182696841611D
:1043C000A96881611BF438D733E0002000902046B3
:1043D00046F492D31849682290B151F8240090F81D
:1043E0004030302B01D0009216E0312280F840207E
:1043F00051F8240001210269204646F4DFD30BE086
:1044000051F8240090F84000412801D0009203E0C8
:104410000121204644F448D19DF8000048B1002213
:104420001146204646F4CAD36A460321204646F484
:1044300003D40020F8BD0000CC0D800070B5044608
:104440000E460C2504F02CF828B32178012903D955
:10445000FF2901D012251EE0601C3DF4D3D314289F
:1044600008D2104900EB800201EB420292F82913B6
:104470008B0701D412250EE021F0020182F82913E6
:104480004B0703D421F0010182F829132278611C23
:104490003BF4CED10025294630463DF485D300209B
:1044A00070BD0000A414800070B502460D4610785F
:1044B000012817D800B101200E4981F81204002408
:1044C000107850B1B1F81024642042430021062036
:1044D0001CF46ED237F4E0D205E0002106201CF473
:1044E000D7D100E01224214628463DF45DD30020B8
:1044F00070BD0000A41480002DE9F84F04468846E2
:104500000C2500270C200090804E96F8A904012865
:104510001CD0022086F8A904002000909DF800100D
:1045200006EB811090F84400062808D0072806D032
:10453000082804D0491CC8B200900C28EED320787B
:104540004FF0060B28B101282BD01225002F74D074
:10455000D4E09DF800000C28F8D206EB801090F80B
:1045600044000828F2D0062810D039F4A1D205461C
:1045700028000DD09DF8000006EB801080F844B0B4
:10458000002103201CF484D10025DFE70025DDE7AE
:104590009DF80010082006EB811181F844000127E6
:1045A000D4E7DFF86C91122560780228CED805D1C7
:1045B000A0880028CAD060880028C7D0A18819B177
:1045C0006088B0EBC11FC1D29DF80000DFF844A1A4
:1045D0000C2835D206EB801090F84400082802D051
:1045E000072802D032E00C25B0E799F800008007D8
:1045F00001D44FF0000A5246608837F4B1D796F8DC
:10460000A604617820F0010001B10121084386F879
:10461000A60420F00201607802280FD0002041EAB1
:10462000400086F8A6049DF80000618806EB801023
:104630000186A1884186002588E75BE00120EEE73E
:1046400068463CF491D7054628009ED19DF80000AD
:1046500006EB801080F844B099F80000C00705D040
:104660002D495046F4F7D2D800288ED199F8000091
:10467000032808D137F444D128B127495046F4F72C
:10468000C5D800288CD199F80100012801D0032851
:1046900003D13DF4DBD40028A6D196F8A6046178B6
:1046A00020F0010001B10121084386F8A60420F0A2
:1046B0000201607802281BD0002041EA400086F801
:1046C000A6049DF80010628806EB81100286A2887D
:1046D0004286012086F8A70408463DF483D69DF85B
:1046E0000010072006EB811181F8440000252DE71A
:1046F0000120E2E7294640463DF456D29DF80010DD
:1047000008463DF437D70020BDE8F88FA414800098
:1047100092068000B2178000D4D005002DE9F8433E
:1047200004460F4600260C21354D95F8A9040128B2
:104730005FD0022085F8A904002000909DF8002099
:1047400005EB821090F84400062808D0072806D010
:10475000082804D0521CD0B200900C28EED39DF84B
:1047600000000C2806D205EB801090F844000628C3
:104770003FD105E068463CF4F7D60146080038D141
:104780001221A078012804D0042802D0052803D0E3
:104790002FE04FF0010801E04FF00208002211E085
:1047A00002EB420004EB4003B3F808C0D88884450C
:1047B0000AD81B79012B07D8BCF1040F04D30428B5
:1047C00002D3521C4245EBDB424512DB2078032822
:1047D0000FD8607803280CD8102221460948EDF73D
:1047E0008FFC9DF80010062005EB811181F8440034
:1047F000002138463DF4D8D13046BDE8F8830000AA
:10480000A41480009206800010B50C46C279012ADB
:1048100007D80178012904D8401C37F4F7D00146A5
:1048200000E0122120463DF4BFD1002010BD000061
:104830002DE9F0478846132B40D11FF4A3D2074639
:104840000025DFF8809031E008EB45067088F3F72B
:10485000E1DF0446FF2C27D059F8240028B97088DE
:10486000422319A22146F3F7D3DF8FB959F8240068
:1048700090F8321004290BD8406810B1002010B114
:1048800006E00120FBE72046FDF740FD13490870D4
:10489000B08813490A891044088159F824003279F4
:1048A00010F8321F891A01706D1CADB298F8000023
:1048B000A842C9D817B909201BF42AD10020BDE8A5
:1048C000F0870000180F80006C3263635F746173BF
:1048D0006B5F70617463682E63000000E5940030C4
:1048E0004C0F80002DE9F047064634460C3CDFF8BB
:1048F00000A14FF030494FF002089AF83000FF282D
:1049000008D0D9F86410C20008FA02F081430143CC
:10491000C9F8641037480078B0B1A42236A139A094
:10492000F3F7DADE20461BF47DD49AF83000FF2836
:1049300008D0D9F86410C00008FA00F821EA08018C
:10494000C9F86410BDE8F087FF250A27A088A0F504
:104950008850053802D0012809D107E0208916F4D3
:1049600029D420B1807800F00F0700E003270A2F38
:104970002DD2DFE807F0050705072C2C2C2C2C2B5B
:10498000002524E03078717840EA0120C0F30B0064
:10499000A0F58071FF2901D8022518E00B2808D85E
:1049A00019490144097E21B1012101EB002085B2A2
:1049B0000DE0A088A0F58851063902D17068F3F7A0
:1049C0002DDF12480178491C017000E00225FF2DFF
:1049D00004D0E58030461BF42FD4A6E72189A088B7
:1049E0009A2305A2F3F71CDF20461BF41BD49CE797
:1049F00008088000A30680006863695F70617463C3
:104A0000682E630030000000501980000C960030C2
:104A10002DE9F04780468A461E464FF0000937468A
:104A200062F3070700240025F0B204281DD00628F1
:104A30001DD007281FD008281BD0A8F510600A2811
:104A400000D20E4D3CB1A2884046216861F42AD0C4
:104A5000FAF752FD05462DB133463A4651464046D7
:104A6000A84781464846BDE8F087054CEAE7054C73
:104A7000E8E7054CE6E7054CE4E70000ADC60600B4
:104A8000A8228000BC2280000022800098228000A2
:104A900038B500200090124C2078902808D015D20C
:104AA00094F8280000F07F0000F14600009012E02A
:104AB000684608F02DFF94F82800BDF800108842E1
:104AC00009D900F07F004630009004E0A07C00F09F
:104AD0007F0012380090BDF8000000F07F0038BD64
:104AE0001232800008B50020009003E000BF00985B
:104AF000401C009000985028F8D308BD70B50024E1
:104B000007F0D4F80025002007F0C4F8FFF7EAFF0B
:104B1000012007F0BFF86006040E07F0E1F808B1C5
:104B200044F00104FFF7DEFF6D1CEDB2082DEAD35F
:104B3000002007F0AFF8204670BD10B5002007F048
:104B4000A9F807F0C1F8002007F0D5F8FFF7CAFF71
:104B5000012007F09FF8FFF7C5FFBDE810400020D7
:104B600007F098B870B5054607F0AEF8002007F0DA
:104B700091F80024280603D5012007F0BCF802E0D4
:104B8000002007F0B8F86806050EFFF7ABFF01201C
:104B900007F080F8FFF7A6FF002007F07BF8FFF78B
:104BA000A1FF641CE4B2082CE4D370BD10B5002052
:104BB00007F070F807F088F8012007F09CF8FFF77D
:104BC00091FF012007F066F8FFF78CFFBDE8104069
:104BD000002007F05FB810B507F076F8012007F065
:104BE0008AF8012007F056F8FFF77CFF002007F055
:104BF00082F8FFF777FF002007F04CF8BDE810407F
:104C0000FFF770BF10B507F05FF8002007F042F81B
:104C1000002007F070F8FFF765FF012007F03AF871
:104C2000FFF760FF012007F066F8BDE81040FFF7CE
:104C300059BF10B5002407F039F8012007F05BF8E0
:104C4000FFF750FF012007F025F8FFF74BFF07E0C3
:104C5000641CE4B2FA2C03D9FFF7D4FF002010BD86
:104C600007F03EF80028F3D107F014F8012010BD3A
:104C700070B505461178002901D0903100E000217F
:104C8000CCB25CB1E88B20B1072140F6B1501BF4E7
:104C9000FFD5224600212846F3F768DD2146284645
:104CA000BDE87040F3F7BE9DF0B5BDB04FF4B571EF
:104CB0003148EDF73EFA48212BA8EDF73AFA2BA838
:104CC00050F442D530B12DA210210020F3F70ADDB7
:104CD0003DB0F0BD9DF8AC3030A210210020F3F7BC
:104CE00001DD00242BAF244E40E0AC216846EDF7F7
:104CF00020FAC4EBC40038440546401C694650F411
:104D0000DBD530B123462AA210210020F3F7EADCDC
:104D10002AE0307855F8011F00EBC00006EB800058
:104D2000C0F80210A988C180A97901729DF800001D
:104D300000070BD530781C2200EBC00006EB80008A
:104D40000A300DF14601EDF7DBF90AE030781C225C
:104D500000EBC00006EB80000A300DF12A01EDF7F0
:104D6000CFF93078401C3070641CE4B29DF8AC0080
:104D7000A042BAD8ACE70000D4550130523A313ADB
:104D8000696E69742067657420626F6E6420646563
:104D90007669636573206661696C0A00523A313A3C
:104DA000626F6E645F6E756D203D2025640A0000A1
:104DB000523A313A696E69742067657420626F6E89
:104DC000642073656320696E666F206661696C2C70
:104DD00020696E646578203D2025640A000000008B
:104DE000F0B585B00446224F21033868FEF748FA33
:104DF000204E4FF40045D8B11F4801680391406828
:104E00000490082203A93868FAF72AF808281ED067
:104E1000B069717A40F26A22CDE900210290174B05
:104E200017A229460020F3F75DDC092005B0F0BD8C
:104E3000B069717A4FF41572CDE9002102900F4BE1
:104E40000FA229460020F3F74DDC0920EEE71848B1
:104E5000082101606FF0130101EB043343604472D9
:104E600014A229460020F3F73DDC0020DEE7000015
:104E7000CC238000641F8000ACD50700DD0C02014C
:104E8000523A353A25732C204C256420666C6173A8
:104E900068207374617465203078253032582C2076
:104EA0006572726F72203078253038580D0A000014
:104EB000D8328000523A353A496E697469616C693A
:104EC0007A6520756E75736564206E7664732C2028
:104ED000617661696C5F73697A653D25640D0A00CE
:104EE0002DE9FC5F4A490C6808344A4F7872082162
:104EF00039606FF0130101EB003808F108007860A9
:104F00004FF001094FF0000ADFF80CB19BF80000E8
:104F1000002802D0002060F4C3D70422694620464E
:104F2000FEF7EEF9BDF80010A1F57F40FF3826D05E
:104F3000082269462046FEF7E3F9BDF8020000F1B9
:104F4000080560F439D4C6B2BDF8000000282BD0A3
:104F500068460AF029FDA8B17868A919401A786056
:104F600000281BDA2DA24FF400410020F3F7BADB32
:104F70009BF8000060F494D70120BDE8FC9F4FF03F
:104F8000010A1AE033A24FF400410020F3F7AADB34
:104F90009BF8000060F484D70920EEE74FF0000989
:104FA0002146684608F068FF3968A819014439604D
:104FB0000444374800688442AFD39BF8000060F493
:104FC0006FD7BAF1000F05D0B9F1000F04D0C7F8C0
:104FD00004800AE00120D0E77868082802D9083860
:104FE000786002E03872002078607B68434507D81B
:104FF00028A24FF400410020F3F774DB0020BCE747
:105000002FA24FF400410020F3F76CDB0120B4E73E
:10501000CC238000D8328000C9238000523A353A30
:105020004E56445320696E697469616C697A617483
:10503000696F6E206661696C656420666F722077A7
:10504000726F6E6720746167206C656E6774680D9F
:105050000A000000523A353A4E56445320696E69B0
:105060007469616C697A6174696F6E206661696CDC
:10507000656420666F7220696E76616C6964206475
:1050800061746120696E20466C6173680D0A0000CE
:10509000D0238000523A353A496E697469616C696F
:1050A0007A652075736564206E7664732C20617652
:1050B00061696C5F73697A653D25750D0A000000B2
:1050C000523A353A4E56445320696E697469616CA0
:1050D000697A6174696F6E206661696C65642066C7
:1050E0006F7220696C6C6567616C20617661696CB8
:1050F0005F73697A653D25750D0A000010B5044699
:10510000FFF7C6FCB4F5A37F10DA4FF48C718C4224
:1051100000DA0C46614201EB810140F6B24202EB3B
:105120004102112192FBF1F1401AC0B203490A6811
:1051300022F0FE4242EA0060086010BD0CC500A0EB
:105140002DE9F0410B3020F00706104D19E02068E2
:10515000B04215D3B0420AD9871B201DD4F8048071
:10516000ECF7CEFFA019C0E90078286004E0606881
:105170002860201DECF7C4FF201D2660BDE8F081EB
:10518000251D2C68002CE2D10020F7E7189600308E
:1051900070B503460E461546084804683246214657
:1051A0001846FEF7ADF8324629462046ECF7F9FFDF
:1051B00008B1002070BD012070BD0000A891003032
:1051C0002DE9F04705460E4617469846EFF3118441
:1051D0000220EEF71EFC8146EEF746FC401C012142
:1051E000814009EB0100C0B280F311880B48406890
:1051F00048B1E81B76EB08060AD2E0B280F31188CA
:105200000120BDE8F087E0B280F311880120F8E7C3
:10521000E0B280F311880020F3E70000A09B00308B
:10522000002805D0C16919B1807818B1012801D0D2
:1052300000207047012070472DE9F05FDFF818A1CA
:105240004FF030494FF002089AF80600FF2808D0C6
:10525000D9F86410C20008FA02F081430143C9F88A
:1052600064104FF0E027D7F80051D7F804B17E174B
:10527000C7F88061C7F88461BFF34F8FBFF36F8FAA
:105280003648F3F781DA0446C7F80051C7F804B18D
:10529000002C2DD0266020461AF40CD630B1E188BF
:1052A000A08847232EA2F3F7B3DA21E0E188A08893
:1052B0001BF46CD1FAF720F90546280005D1E188E6
:1052C000A088522326A2F3F7ABDA35B121460C3180
:1052D0002389E288A088A84700E0002078B301284D
:1052E00006D0022830D072221DA121A0F3F7F4D9F4
:1052F000D7F80041D7F80451C7F88061C7F8846136
:10530000BFF34F8FBFF36F8F1448006810B30020B6
:1053100010B103201AF456D3C7F80041C7F804515E
:105320009AF80600FF2808D0D9F86410C00008FADF
:1053300000F821EA0801C9F86410BDE8F09FFFE712
:1053400020461AF46FD7D3E7044821461430F3F708
:10535000E3D9CDE70120DBE7080880009009800051
:105360006B655F7461736B5F70617463682E63005B
:105370003000000030B58BB004460D46FF222821D6
:1053800001A8ECF7CFFE40F60202ADF8042000229F
:10539000ADF806208DF808402868039001A8F4F7BE
:1053A0001BFB0BB030BD70B58AB006460D461446E7
:1053B000FF2228216846ECF7B5FE40F60103ADF860
:1053C0000030ADF802508DF80460206802906068EB
:1053D0000390A06804906846F4F7FEFA0AB070BD26
:1053E00030B58BB005460C46FF22282101A8ECF70A
:1053F00099FE4FF40062ADF804200022ADF80620BB
:105400008DF80850206803906068049001A8F4F7B4
:10541000E3FA0BB030BD70B58AB005460C461646AF
:10542000FF2228216846ECF77DFE40F60603ADF822
:105430000030ADF802408DF80450ADF808606846C1
:10544000F4F7CAFA0AB070BD70B58AB005460C46CA
:105450001646FF2228216846ECF764FE40F6030357
:10546000ADF80030ADF802408DF80450306802907D
:105470006846F4F7B1FA0AB070BD30B58BB0054696
:105480000C46FF22282101A8ECF74CFE40F604014F
:10549000ADF804100021ADF806108DF80850206812
:1054A0000390A088ADF81000A41D059401A8F4F79E
:1054B00093FA0BB030BD70B58AB005460C4616465F
:1054C000FF2228216846ECF72DFE40F60503ADF8D3
:1054D0000030ADF802408DF8045030680290684604
:1054E000F4F77AFA0AB070BDF8B50C4616463046A5
:1054F0001AF440D707460025204B21A24021002066
:10550000F3F7F0D8202F35D0360A0096237A20A260
:1055100040210020F3F7E6D8207820B1342812D0BB
:105520003F2810D026E021463046F1F751FB0546D2
:10553000FF2D04D121463046F3F776D90546FF2DDD
:1055400018D1002516E0207A400613D40620002743
:1055500000EB062301220421304600971DF464D09D
:105560004780217A417021783F2905D004210171BB
:105570001BF48BD52846F8BD0621F8E7AA0C0201DA
:10558000523A333A5B25735D20656E7465720A008A
:10559000523A333A6F70636F64653D307825782CEA
:1055A00020636F6E6964783D307825780A000000CA
:1055B0002DE9F04709201AF405D2224E3568002D56
:1055C0003ED0DFF88480DFF8849098F86D0099F879
:1055D0000010B1FBF0F200FB1217002411E03919A2
:1055E000B1FBF0F200FB1210C0B2FCF7F1FD01219B
:1055F0008140294203D0164A317A12689047641CD0
:10560000E4B298F86D00A04202D931890029E6D1B0
:1056100099F80000401CC0B289F8000098F86D109D
:10562000814202D1002089F800003068002807D0AC
:105630003089002804D0BDE8F04709201AF46892A8
:10564000BDE8F0874C0F8000000E8000E59400302C
:1056500098058000014909201AF49691B15501017D
:105660007CB50446002000900190684608F0BEF921
:1056700000285ED108F0A6F980F0010020B308F000
:1056800081F902002B482C4909D090F828000830F5
:105690000A6822F0FE4242EA0060086014E090F8D6
:1056A0002800322C07DB08300A6822F0FE4242EA6A
:1056B0000060086008E0282C06DCC01C0A6822F0A4
:1056C000FE4242EA006008609DF8040000F01F02FC
:1056D0009DF8020000F01F050221042001233C2C4C
:1056E00002DD0421062007E0202C02DD0321052035
:1056F00002E01B2C00DB0023002B1AD029441F29B9
:1057000000D31F21824201D9101A00E000200B4A69
:10571000D072094A1832136823F41F0343EA014187
:1057200011600549091D0A6822F4780242EAC04066
:1057300008607CBD123280000CC500A018930030B8
:105740000178407841EA0020704700000448006872
:10575000C0F30170032801D109F0F4BE70470000C6
:1057600050C500A002680A6001607047EFF3108026
:10577000012181F3108804490A6822F000420A607E
:1057800080F310887047000040C500A02DE9F0416B
:10579000044620683B4D1FE090FAA0F1B1FA81F277
:1057A00001219140421E1040E26891FAA1F3B3FA40
:1057B00083F39B00DFF8D0C0DCF890720F269E4088
:1057C000B74302FA03F31F43CCF89072072A25D09F
:1057D0002A6842EA014129600028DDD12168A068D9
:1057E0004FF6FF7202EA0122C9B2B0F5807F1AD0EB
:1057F0000023012819D000202E6811438E4318433E
:1058000006432E606168022911D0206800F05EF81E
:1058100020681E494862606870B130E02A6822EA58
:1058200001412960D8E71346E3E70846E4E7002191
:10583000206800F04BF8EBE72068886320690128B6
:105840000CD0022804D003280ED0042817D111E070
:105850002068486388622068086210E02068086356
:105860008862206808620AE020680863C8622068CD
:10587000086204E020684863C8622068086201206A
:10588000BDE8F08150C500A000E000A0002001A00C
:105890000349096A884301D00020704701207047FE
:1058A000002001A010B5EFF31081012282F31088CF
:1058B000054B1A684FF6FF7404EA002082431A6011
:1058C00081F3108810BD00005CC500A010B5C0B207
:1058D000EFF31082012383F31088054B1C68844387
:1058E000002900D0002004431C6082F3108810BD02
:1058F0005CC500A00548016821F0404141F08041AD
:105900000160024838300068704700005CC500A0A4
:10591000EFF31080012181F31088034A6FF4807146
:10592000116080F31088704744C500A0EFF3108029
:10593000012181F3108805490A6822F040420A607B
:1059400080F3108801483830006870475CC500A0BB
:1059500003490A6822F4E06202430A6070470000CB
:1059600018C500A02DE9F04107460E46144622480E
:1059700050F82700002590F84E00C00701D02425DC
:1059800037E00121384624F4EDD108B1242530E078
:10599000F08847F6FF71201A80B2884201D228258C
:1059A00027E0012000EB072110230A4640F20D10EA
:1059B0001AF4F6D304460621384600F06FFC0620A0
:1059C000207103223946204624F428D20B48206057
:1059D000D6F80100A06070792073F088E08122463B
:1059E0000121384624F4D8D100220321384624F47A
:1059F0000DD32846BDE8F0813812800055680300B9
:105A0000F8B507460D46344850F82740012138467E
:105A100024F4A8D108B124265CE028890090EB8802
:105A20006A88A988384621F433D568B105203CF44A
:105A3000ABD358B194F84E00C00709D005213846C1
:105A400024F438D1064608E01E2643E01A2641E039
:105A50000521384600F022FC0646DEBB012000EBA3
:105A6000072130230A4640F20B101AF499D304465A
:105A70000520207107223946204624F4CFD117484B
:105A8000206068882081A8886081E888A0812889B2
:105A9000E081A87A84F82700A889A082E889E082BA
:105AA000288A2083688A6083A88AA083E88AE083A2
:105AB000288B2084002184F82D1084F82E10224693
:105AC0000121384624F468D1054B002207211B68C8
:105AD000384698473046F8BD38128000B1A203001E
:105AE000D40580002DE9F84380460C4617464E4801
:105AF00050F82850002620890090A188E3880A46A3
:105B0000404621F4C5D428B195F84E00C00703D013
:105B1000242664E0202662E0608947F6FF71381A87
:105B200080B2884201D2282659E00021404624F460
:105B300019D1052807D009270121404624F412D1A4
:105B4000052818D01FE00021404624F4F1D0A18898
:105B50000185E18881812189C18161898184618890
:105B60004184617880F82610304B324603211B684F
:105B70004046984733E00121404624F4D9D024F42C
:105B80004BD10A2809D00521404600F087FB0121AE
:105B9000404624F4E7D010B11AE024261FE0012289
:105BA0003023114640F20B101AF4FAD202460520B7
:105BB00010711F481060002182F82D1082F82E10FD
:105BC0004FF6FF70D0820121404624F4E5D007272C
:105BD0000121404624F4C6D0052803D024263046AF
:105BE000BDE8F8830121404624F4A2D005463A4698
:105BF0004146284624F412D1A0882885E088A8814F
:105C00002089E8816089A88460886884607885F844
:105C10002600012085F82C00064B002239461B681F
:105C200040469847DBE7000038128000D00580002E
:105C3000B1A20300D40580002DE9F04105460E46CF
:105C40001446D5F89803C0F300000127002859D066
:105C50003146284600F05CF850B106F10800874054
:105C6000C5F8A0733146284600F052F80028F9D153
:105C70004FF4606000EB461206EB460000EBC600F6
:105C800005EBC0010A6404224A6400228A61CA61E9
:105C90002369A2681A43D4E9053633431A43E369FA
:105CA0001A438B69194E334013438B610A6C22F4FB
:105CB00040620A64E2680B6C23F0404313430B64B8
:105CC000226845F8302060688860206ACA696FF3EE
:105CD0000B020243CA61606A4A6C22F4F06242EA33
:105CE000C0104864A06A4A6C22F4F04242EAC02024
:105CF0004864E06A0A6C22F0E00202430A64012070
:105D0000BDE8F081C5F89873B2E700004900CEFF06
:105D1000D0F8A00301228A40104201D00120704730
:105D20000020704701EB410303EBC10100EBC10010
:105D3000816921F4E03111438161704710B50E4B48
:105D4000984201D1002000E0102081400B4BD3F895
:105D500010428C43022A0DD000200443C3F81042A5
:105D6000D3F808028843012A00D000210843C3F871
:105D7000080210BD0846F0E7000001A000E000A006
:105D80002DE9F04104462168404D26E091FAA1F04A
:105D9000B0FA80F2012090404A1E1140226990FA28
:105DA000A0F3B3FA83F39B00394F3E684FF00F0C1A
:105DB0000CFA03FC26EA0C0602FA03F31E433E60CB
:105DC000072A19D0EFF31082012383F310882B6880
:105DD00043EA8050286082F310880029D6D1E16818
:105DE00020682A4E361F29B34FF4F85202EA0022E7
:105DF00001290DD000210CE0EFF31082012383F381
:105E000010882B6823EA8050286082F31088E4E72A
:105E10001146336800F01F0083433360EFF31080B6
:105E2000012383F310882B6893430B432B6080F38B
:105E3000108804E0316800F01F0001433160A16860
:105E4000206800F027F8208862684FF0F85101EAD6
:105E500000614FF4F81303EA004082B1032A09D02D
:105E6000336840EA0104A343012A00D108460343F2
:105E7000336008E0326808438243326003E03268EE
:105E80000843024332600120BDE8F08140C500A014
:105E900094E200A010B500F01F00012901D00021FC
:105EA00000E00146EFF31082012383F31088044BD6
:105EB0001C6884430C431C6082F3108810BD0000F2
:105EC00040C500A02DE9F04107460C46284850F88F
:105ED00027500121384623F445D708B1242644E051
:105EE000A07858B1607848B195F84E00C00707D047
:105EF0000921384623F4DED6064606E01E2634E0A5
:105F00000921384600F0CAF9064676BB012000EBAD
:105F1000072114230A464FF487701AF441D105462D
:105F20000920287105223946284623F477D71148DD
:105F300028606078E872A078A872A07861788842BA
:105F400006D10D4A105C012802D1505C012800D016
:105F50000020E8732A460121384623F41DD7074B59
:105F6000002205211B68384698473046BDE8F0817D
:105F700038128000C5A90300B4D00500EC058000EC
:105F80002DE9F0410646140A002000250C2C0BD206
:105F9000094F57F824403CB194F83C4014F0100FDE
:105FA00001D0012500E00025002D03D0304620F46B
:105FB000F5D3C0B2BDE8F081381280002DE9F04180
:105FC0000646140A002000250C2C0BD2094F57F866
:105FD00024403CB194F83C4014F0100F01D001254E
:105FE00000E00025002D03D0304620F409D4C0B2D3
:105FF000BDE8F08138128000044903480860054973
:1060000003480860704700006D610101D8058000F9
:1060100001630101D405800070B505460B4850F8B6
:1060200025400021284623F49DD607280DD10021C4
:10603000284623F47DD6002807D08189E182018992
:10604000A182C18961834089208370BD381280009C
:106050000249014808607047F5640101E0058000CD
:106060002DE9F0410F461A46002000240E4960C970
:1060700015E035F83410914210D13B78042101EB42
:10608000C401695800290CD0084600F00FF80446F6
:106090003946A446BDE8F04118466047641CA64254
:1060A000E7D8BDE8F08100009002800002498842F4
:1060B00000D1024870470000A5540200B53E01011E
:1060C00010B50446204601210C2809D20D4A52F889
:1060D00020202AB192F85000C04380070ED0002142
:1060E00000290DD1204601F0C3F8002808D1204630
:1060F0000122BDE81040222121F4F0910121EFE7B7
:1061000010BD0000381280000B780C2B01D10A233F
:106110004B7022F4AB9100000249014808607047BF
:1061200009610101E8058000024B0A4606211B684F
:1061300018470000D005800010B5100AFFF7C0FF17
:10614000002010BD024B0A4600211B6818470000C2
:10615000F005800030B4044C2588CD8164888C81A2
:1061600030BC23F49D930000389100302DE9F041BC
:106170008CB007460C4638462FF4CAD52189490011
:106180000491618949000591218A0222022900D8DF
:10619000114606910699079194F8271049008DF849
:1061A0002210ADF8207000F001018DF8231094F852
:1061B0002D1029BBE18AA1F57F42FF3A20D0DDE90D
:1061C000041291421CD12189490000910699019144
:1061D000BDF82010ADF80C10E18A00EB41062089D3
:1061E000450025B980222A492A48F2F775DAB6FB1C
:1061F000F5F005FB1060029068463FF437D180B19E
:1062000004A83FF493D34FF00008A8B1A4F82A8063
:1062100060892085F8F7A2FB84F827000CB0BDE860
:10622000F081E08A60850098C0F34F002085F8F780
:1062300095FB84F82700F1E70A9D174850F82700DE
:1062400090F84E00C0070BD1099E6D1C26B9802224
:106250000F491048F2F740DAB5FBF6F006FB10558F
:106260000998CDF80080C0F34F02ABB2A18A38463E
:106270002EF46CD240F2E24190FBF1F06085099877
:10628000C0F34F002085F8F769FB84F82700C5E7C5
:10629000041F0201101F02013812800070B505466C
:1062A0000C460021284623F45DD5A04201D12324C9
:1062B00000E02A24232C02D02A2C16D01BE005282B
:1062C00002D009280FD107E0284600F0E7FF214659
:1062D0002846FFF729FF06E0284600F0DFFF2146A9
:1062E0002846FFF72FFF002070BD052805D006289F
:1062F00003D0092801D0002070BD204670BD0000E9
:106300002DE9FE4F81468A4617460026B0460121F8
:10631000484623F40DD504466E4850F82950BAF18A
:106320000B0F08D10B224946204623F477D5E98983
:10633000484631F433D0204623F46ED5504508D07A
:10634000204623F469D59F2363A25146F2F768DA09
:10635000A7E0204623F460D5C01F4FF0010A0528AE
:106360007AD2DFE800F00D40039292000FB10126CF
:1063700097E000220121484623F4ACD584F82CA0F4
:10638000B5F84E0040F01000A5F84E0094F82C002F
:10639000B8B1E189A08CA289CDE900210290238DBA
:1063A000628C94F8261048462FF4C0D50746380072
:1063B00001D0012675E00A224946204623F42ED555
:1063C0006FE02189E889814217D86289824214D31B
:1063D000A2892B8A9A4210D1E2896B8A9A420CD107
:1063E0002081E8896081BFB100233A460F214846E9
:1063F00021F462D70126B04653E0E0890090A389DA
:106400006289484621F47ED208224946204623F478
:1064100005D584F82EA044E095F84E00C0071CD0A6
:106420000AEB092130230A4640F20B1019F4B8D6C2
:106430000646302221463046EBF762FE2B4830609C
:1064400001224946304623F4E9D4304619F4F4D603
:106450004FF00108012624E019E0254A214648466C
:10646000126890472146484621F494D509224946AE
:10647000204623F4D3D401221146484623F42AD5DA
:106480002189484630F48AD70BE0012609E02046EE
:1064900023F4C2D4014640F217130FA24846F2F784
:1064A000B7D9002E13D0B8F1000F04D122463946D7
:1064B000484621F443D235F84E0F20F010002880D2
:1064C00003B04846BDE8F04F012123F45D95BDE8D7
:1064D000FE8F0000381280006C6C635F636F6E5F2C
:1064E0007570645F70617463682E6300B58B030020
:1064F000D80580002DE9F047804689461546AB480F
:1065000050F828700121404623F412D40446002696
:10651000204623F481D448450CD0B9F1140F00D0A3
:106520003D253D2D04D101222946404620F4D6D7F1
:10653000012630E1204623F46FD40A380A287DD2A0
:10654000DFE800F0054A596C99A5CCEAFCFB002174
:1065500040462EF4A7D201220021404623F460D405
:1065600097F84E1094F83A00C1F3401188420AD0CF
:106570008F4B24220321404621F49ED6132241460C
:10658000204623F44BD494F83A00B8B10021404699
:1065900030F438D001220221404621F4C7D700212F
:1065A000404621F431D60B224146204623F436D40E
:1065B00001221146404623F48DD4ECE0022211461C
:1065C000404621F4B3D7404621F484D30D224146FE
:1065D000204623F423D4DEE00021404630F42CD6BC
:1065E0000C224146204623F419D40122114640468C
:1065F00023F470D4CFE002221146404621F496D70E
:10660000404621F467D30D224146204623F406D4A8
:1066100000220121404623F45DD4BCE004203BF479
:10662000B3D578B1634B04F1240204F13001404644
:1066300021F436D50E224146204600E0A0E023F4A6
:10664000EDD3A8E05A4B06220321404621F434D66C
:10665000002140462FF4D6D70021404630F4ECD537
:1066600000220221404621F461D7132241462046F0
:1066700023F4D4D38FE0218F04F10802404621F4A3
:1066800093D20F224146204623F4C8D383E0C5B1FC
:10669000474B06220321404621F40ED600214046F6
:1066A0002FF4B0D70021404630F4C6D50022022195
:1066B000404621F43BD713224146204623F4AED373
:1066C00069E004F1280204F11001404624F414D2D8
:1066D00010224146204623F4A1D35CE004F12002BD
:1066E00004F1100140462EF48BD3012140462FF4D3
:1066F00089D7404621F40ED611224146204623F484
:106700008DD301221146404623F4E4D337F84E0FCF
:1067100040F4007038803EE000220121404623F41E
:10672000D9D30121404630F487D512224146204674
:1067300023F474D32049404601E01EE01BE021F41D
:1067400009D600220221404621F4F0D61B4901203F
:1067500001F8080002220121404621F4E7D6D4B115
:1067600015B194F83A00B0B194F83A202946404661
:1067700021F492D10FE001260DE0012606250AE062
:106780001F25204623F448D301464FF4C6730CA2BC
:106790004046F2F73DD8002E05D029464046BDE8D8
:1067A000F04700F017B8BDE8F0870000381280000D
:1067B00091820300798003002D8303003E5701304E
:1067C0006C6C635F656E63727970745F7061746323
:1067D000682E63002DE9F04105460E46214F57F81B
:1067E00025400121284623F4A3D21F4A00215155F8
:1067F000002833D001200C2D08D257F825202AB1CB
:1068000092F85000C043800702D0002010B11CE075
:106810000120FBE7012128462EF444D10022022169
:10682000284621F483D6B4F84E0020F02001BEB1F2
:10683000002041EA4010A4F84E00284621F4F4D28A
:1068400000221146284623F4EBD20121284623F4E6
:106850009BD334F84E0F20F400702080BDE8F08107
:106860000120E6E7381280003E57013010B5100ACB
:10687000FFF726FC002010BD10B50A4C4FF4D27271
:1068800009482168EBF73CFC07480849C160084902
:1068900001600849C0F8B4100749C0F80811206029
:1068A00010BD00002003800024540130655901010F
:1068B000E55A0101015A0101C55E01012DE9F041CE
:1068C00007460C46164698460025300A00F0D0FCD4
:1068D00028B12088F1F7AADF2846BDE8F0814346B9
:1068E00032462146384624F4F7D20546F4E7000044
:1068F00003460846114600290AD001290DD0022975
:1069000013D004290ED040F2E72308A2F1F7809FAC
:10691000C0B20022194600F011B8C0B201221946D7
:1069200000F00CB8194626F42B9270476C6C645F2B
:106930006164765F70617463682E63002DE9F74FC0
:106940000E469146D8484FF0200A90F82000FF28C4
:1069500008D04FF03042516EC3000AFA03F0814371
:1069600001435166D148009950F82140002C7DD058
:1069700004F1380594F89D0038B16868B04204D13C
:10698000012128463EF470D403E0012120463EF464
:106990006BD494F88E00401CC0B284F88E0094F83A
:1069A0009110022907D0B4F88010C1B1884202D2F8
:1069B00015E035F4A7D1009835F48AD10028F8D134
:1069C000B4F8800028B194F88E10814201D343229C
:1069D00000E000220121009824F4EAD553E194F864
:1069E0008F0000F079F948B194F88F0001F01AFC9B
:1069F00000221146009824F4DBD544E1228D4FF0AB
:106A0000000862B1B4F87C00C10601D5400706D485
:106A1000A18D0123009824F4EFD2A4F82880628D80
:106A200082B1B4F87C00C10601D4810703D44107C8
:106A300008D4C00606D5E18D0123009827F430D094
:106A4000A4F82A8094F87C0010F0130F21D194F858
:106A50009C00F0B1206FB0B1EBF740FBC0F30B0727
:106A6000380B09D040F2262391A200E005E1394617
:106A700040F6FF70F1F7CCDEB4F87E006FF30B0048
:106A80003843A4F87E0094F88F0025F49BD184F855
:106A90009C80B4F87C008A4FDFF828B201071FD52C
:106AA000B9F1000F03D0A07DF97B084400E0B87B6A
:106AB000A075F87B00F00F0040F42041A182216E08
:106AC000E1606660DBF800102046884728B13C2270
:106AD0000121009824F46CD5D5E084F89180D2E0AF
:106AE000C00609D494F89D0010B16968B14200D085
:106AF00010B9009824F412D394F89D00B0B16868DE
:106B0000B04213D1B9F1000F0DD0A06E301A20F0B1
:106B10007041E06EB1EB400F03D3A87D797C08444F
:106B2000A875A66612E0387CA875FAE7B9F1000FDF
:106B300022D0606E301A20F07041E06EB1EB400F51
:106B400003D3A07D797B0844A07566665C4894F801
:106B50009D20407B00F00F0040F420417AB1626834
:106B6000B2420CD1A182E06E6968404201EB400064
:106B700020F07041E1600CE0397BA175E5E7226E01
:106B8000521C03D0A182216EE16002E040F4C041BA
:106B9000A182EBF7A3FA1121B0FBF1F201FB120085
:106BA0004FF6FF7101EA400094F89D1031B110B129
:106BB000202802D002E0012000E01F20E16E06EB59
:106BC0004101084420F070416160DBF8001020466C
:106BD000884798B194F89D0020B14FF0FF31616073
:106BE00084F89180206E411C3DD0E16881424AD1F9
:106BF0003C220121009824F4DBD444E084F8918005
:106C000094F89D0070B36868B0423CD194F8970046
:106C100061684200E06E02FB001020F070402849DD
:106C2000226E497C521C01F00F010ED041F420412C
:106C3000A982216EE960216E6FF07843421A22F03A
:106C400070429A4204D2084602E041F4C041A9824F
:106C50006860DBF800102846884718B184F89D80EA
:106C6000286920610FE094F89D0060B940F2C122CC
:106C70000FA115A0F1F730DD05E040F2CB220CA109
:106C800011A0F1F729DD084890F82000FF2808D06E
:106C90004FF03042516EC0000AFA00FA21EA0A01B0
:106CA0005166BDE8FE8F0000080880008413800054
:106CB0006C6C645F6164765F70617463682E6300FE
:106CC00083DB0500D4068000300000000149087015
:106CD00070470000E69400302DE9F04F91B0064671
:106CE000002010906C2106FB01F0FE494FF00009D6
:106CF00000EB0108A5E1FC4890F8E800F94C00EB36
:106D0000800004EB8005B5F86E0810F03D0F08D048
:106D1000F648B0F86011491CA0F8601134F4F2D7BD
:106D20008FE1DFF8C8A3BAF86201401CAAF862013B
:106D3000B5F8700800F00F07052F7DD1F2F734FE8B
:106D4000EB490978884277DABAF86401401CAAF85E
:106D5000640107ABB5F87E08222201191846EBF74B
:106D6000CFF907A8F1F764DD002866D0B5F87A08F6
:106D700080B3A0F5FA613422B1FBF2F1CFB2183042
:106D800005AB80B2062201191846EBF7B9F9342099
:106D900017FB00F000EB040ABAF8D00700F0010777
:106DA000BAF8D007C0F3400048B1BAF8D007C0F332
:106DB000C00020B105A907A8F1F728DD58B1BAF83D
:106DC000D007C0F3400098B1BAF8D007C0F3C02094
:106DD00040B10DE011E047F00207DDE90701CDE920
:106DE000030116E040F22112C2A1C648F1F774DC9B
:106DF000CDF80C90CDF810900BE0B5F87008C0F30A
:106E00008017DDE90701CDE90501CDF80C90CDF83B
:106E10001090B8F85E01C0F38000002845D0B8F8A3
:106E200080A15FEADA3005D040F69702B649B7484C
:106E3000F1F752DCB64801E0F4E0C1E000EB4A01B2
:106E40003420B1FBF0F000F0FF0ABAF1030F05D3D4
:106E50004FF49C72A7A1AFA0F1F73EDC34200AFBEF
:106E6000004BBBF8D007C0F3401028B940F23912EC
:106E7000A0A1AEA0F1F730DCBBF8D007C0F3C01082
:106E800028B94FF49D729BA1B4A0F1F725DC0AEB61
:106E90008A0101EBCA0140F2FE7202EB810101A8F6
:106EA00006222144EBF72CF903E0CDF80490CDF84D
:106EB0000890394605A83BF435D08D494978884378
:106EC0007ED13C23FF22002140F2072019F468D133
:106ED0000446B5F874B8B5F876A85FEA1A3005D05C
:106EE00040F61B02A949AA48F1F7F6DB4BEA0A4231
:106EF000B5F87808C0F30900C0F51C70B5F8721831
:106F0000890BA44B33F81110494200EB410000B249
:106F1000002806DA00F2712000B2521E22F0704200
:106F200008E0B0F51C7F05DDA0F2712000B2521C14
:106F300022F07042267084F80190012184F8351007
:106F4000954B53F8261091F87C10C90604D5B5F876
:106F50007018C1F3401101B1012184F83610DFF837
:106F60003CC29CF800C011EA0C0100D0012184F859
:106F7000361053F82610B1F8803013B191F88E1006
:106F800000E00021183484F820100A9944F8161CF7
:106F9000BDF82C1024F8121C9DF82E1004F8101CBB
:106FA0009DF82F10E170BDF83010A180BDF83210AF
:106FB000E180BDF834102181BDF83610618100E018
:106FC0003DE00E99E1609DF83C1021749DF83D1064
:106FD00001F01F0161749DF83D104909A1740199E8
:106FE00044F80F1CBDF8081024F80B1C039944F852
:106FF000091CBDF8101024F8051C059944F8031C61
:10700000BDF81810A4F80110E777A261A082B5F8C6
:107010007208800B2077183C204619F40DD101200E
:1070200010900CE05C4850F8260090F8920008B1EF
:10703000032F10D0BAF86801401CAAF8680134F494
:1070400061D6304634F444D600287FF454AE10980C
:1070500011B0BDE8F08FBAF86601401CAAF86601CD
:107060000DABB5F87E080C2201191846EBF748F86D
:10707000B5F87A08E0B1A0F5FA613422B1FBF2F17B
:10708000CDB218300BAB80B2062201191846EBF7CF
:1070900037F8342015FB00F02044B0F8D01701F089
:1070A0000101B0F8D007C0F3400041EA400407E016
:1070B000B5F87008C0F38014DDE90D01CDE90B01CE
:1070C0000823FF22002140F2022019F469D0067043
:1070D00044700B99C0F80210BDF83010C18019F44B
:1070E000ABD0ACE7008000B074128000400C800090
:1070F000E69400306C6C645F6164765F7061746309
:10710000682E630088230201CC1F0201DC230201E8
:1071100030F8FFFF72616C5F696478203C20424C5C
:10712000455F52414C5F4D4158000000656D5F6204
:107130006C655F72616C5F696E666F5F6C6F6361D7
:107140006C5F69726B5F76616C69645F67657466BA
:107150002872616C5F69647829000000656D5F6268
:107160006C655F72616C5F696E666F5F6C6F6361A7
:107170006C5F7270615F76616C69645F676574668D
:107180002872616C5F69647829000000501F020159
:10719000A01F0201040680008413800010068000F6
:1071A0000249014808607047F16801011406800037
:1071B00070B50546284626F427D506460A480178C4
:1071C00001290ED04478A00905D040F2CA320749FF
:1071D0000748F1F781DA6C20454306482844A0F8B7
:1071E0006041304670BD000078940030CC1F020131
:1071F000681F0201008000B02DE9F047074688466D
:10720000164699460025300A01240C2809D20D4A59
:1072100052F8201029B191F85010C943890702D0C3
:10722000002414B10BE00124FBE700F021F830B991
:107230004B463246414638462AF446D30546284650
:10724000BDE8F08738128000034A52F82000B0F8F9
:107250007800088000207047B4138000034951F87B
:10726000200090F8940000F001007047B4138000F3
:10727000044951F82000002801D000207047012067
:1072800070470000B413800010B504462046FEF796
:10729000C3FE2046BDE810402EF49891034951F8F2
:1072A0002000002180F8561070470000B4138000C1
:1072B00070B51E4951F82040B4F88600002826D049
:1072C0001B48B0F8E410B4F88A201A4BA06F1A4D8E
:1072D000B3FBF0F3EB1A1144B3FBF1F56D1EE16F54
:1072E000814205D840F2362214A118A0F1F7F4D952
:1072F000D4E91E10B0FBF1F1491E8D4200D30D46BA
:10730000B4F88600854200D22846A4F88600B4F876
:107310008600B0F5FA7F07D3BDE8704040F23E2208
:1073200006A114A0F1F7D89970BD0000B413800035
:107330007412800000730A0020A107006C6C645F67
:10734000636F6E5F70617463682E6300636F6E5F5E
:107350007061722D3E74696D656F7574203E206397
:107360006F6E5F7061722D3E696E74657276616CCE
:1073700000000000636F6E5F7061722D3E6C61747F
:10738000656E6379203C3D20434F4E5F4C41544530
:107390004E43595F4D4158002DE9F0470746884656
:1073A000164699460025300A01240C2809D20D4AB8
:1073B00052F8201029B191F85010C943890702D022
:1073C000002414B10BE00124FBE7FFF751FF30B9B3
:1073D0004B463246414638462EF4E2D4054628460E
:1073E000BDE8F087381280002DE9F04106460F46CF
:1073F000154698460024280AFFF73AFF30B943465D
:107400002A46394630462EF431D504462046BDE89A
:10741000F081000009495A2008700A4908480860AC
:107420000A49094808600B49094808600B490A489D
:1074300008600C490A480860704700001E0680007A
:10744000BD6480003006800069740101340680004C
:107450007D69800024068000897201012C0680006D
:10746000A57401012806800070B5044620462FF45B
:1074700035D30546084804EB440100EB81020023A4
:10748000537000F821309360044850F8240008B18C
:107490000349C161284670BD34580130B4138000DF
:1074A0008B6980002DE9FE4F9D4951F820409D4891
:1074B00090F83000FF2808D04FF03042516EC300E2
:1074C00008209840814301435166206C38B9E06A36
:1074D000206420B1C088C0F30900A4F89200256C94
:1074E00094F89400C00607D535B1B4F8920008B9F5
:1074F000286808B1012700E00027A66A56EA0700BD
:1075000025D094F8A980B8F1020F78D1A534E0789D
:10751000401C0221B0FBF1F201FB12012078C0EB0C
:10752000C0000844C0B2C0EBC00041007E4808441F
:10753000B0F8E418C90B002909D17C490978002961
:10754000FAD1B0F8E61841F01001A0F8E618D8E03A
:1075500046B1B079B6F804B04FF003090021A1623A
:10756000002630E0002F7CD0B4F8920040B92868A3
:1075700030B105462064E888C0F30900A4F8920001
:10758000E988A888C1F309020244B4F89200121AEB
:107590001FFA82FBC1F30132012A02D04FF0020927
:1075A00001E04FF0010994F8A320904200D3104667
:1075B00080B221F4405141F48051E980B4F8921036
:1075C000091AA4F892109434617CC1EBC107217DA3
:1075D0007A18D3B2491C0222B1FBF2FC02FB1C1147
:1075E0003944C9B2029134F89419CA0608D53DB19C
:1075F000B4F892200AB92A6812B1012701E07CE0B0
:1076000000274A0601D5001D80B2484A1278012A97
:1076100005D0890406D42FB14FF0010A04E04FF0E1
:10762000000A01E04FF0000AC0B2CDE900306FF06F
:10763000100010EA0A1F04D090223D493D48F1F79E
:107640004BD85FEA990004D0932239493A48F1F7C0
:1076500043D80198000240EA0A1141EA0901009862
:1076600000E04EE0304AC0EBC00002EB4000A0F862
:10767000E618A0F8E8B8B4F89410890411D4029977
:10768000C1EBC10102EB4101B1F8E428D20B42B9D0
:10769000264A12782AB9B1F8E62842F01002A1F879
:1076A000E628B0F8E41821F40041A0F8E41814F832
:1076B000A80F401C0221B0FBF1F201FB1200207068
:1076C0006078401CC0B26070A83C1649497DFF2913
:1076D0000FD04FF0304CDCF864204FF03009C90077
:1076E00009FA01F309EA00109A4388400243CCF8F2
:1076F000642008F1010808F0FF08B8F1020FFFF458
:1077000027AF084890F83000FF2807D04FF03042EC
:10771000516EC3000820984081435166BDE8FE8F3A
:10772000B413800008088000008000B0E4940030AA
:1077300040210201DC1F02011420020170B5074D37
:1077400000EB400405EB84000126467005F8241088
:107750008280C3800248017070BD0000345801303F
:10776000E49400302DE9F04105460E461746984650
:1077700000F038FC18B1064C012084F81E03434683
:107780003A4631462846BDE8F04130F4899200007F
:10779000A414800010B5044600F0DAFC2046BDE8D1
:1077A000104030F4BB960000024901480860704761
:1077B000957701010C0680002DE9F04FA7B0044633
:1077C0000C202690E07CC0EBC000C0B2099044F6CB
:1077D0002870089033F4A2D70790EAF77FFC20F0D6
:1077E0007F460027002006900490FE48C07FFF28B7
:1077F00008D04FF03042516EC300012098408143C1
:1078000001435166F84D286800287DD100215C2095
:1078100018F45AD32860002877D0F448006B00B1E0
:107820008047F14805685C212846EAF782FCE07C45
:1078300005F82C0F207DA871607DE871A07D85F88A
:1078400023004FF0000885F8248085F82C802068FC
:10785000C5F81200A088E882D4F80600A861608903
:10786000A883E068C5F80100207C68712C3DE17CAC
:1078700005F1340023F4F0D205F138000680801CB5
:10788000310C0170022085F83B000C20B6FBF0F1B2
:1078900000FB1160401DC6B2042E01D9112E05D384
:1078A00040F28112D2A1D7A0F0F716DF34352E7244
:1078B000DA4890F8E600687228680A90A888ADF85F
:1078C0002C00A8798DF82E00E8798DF82F00ADF8FE
:1078D0003080E0680E90207C8DF83C00687A343D62
:1078E00046EA40108DF83D00002101EB810005EBD8
:1078F0004000A28B8281E28BC281228C0282628C48
:1079000042820022027501E014E31EE3491C0329B0
:10791000EBDB05F10C0BA07CDFF80493C107C14839
:107920004FF07F0AC07900F00F0040F4C04854D0F7
:107930000021582018F4C8D22860E0B30646582128
:107940003046EAF7F6FBB8487062B848F0610023A9
:107950003362B4488079B075B36007EB470004EB3D
:10796000800040F2E242418B5143B9F80420914239
:1079700000D311463161A6F814802836018B31817D
:10798000418B71813373316086F82D3086F818A0F1
:1079900073760121B176E17C86F82E10818BABF8ED
:1079A0000010C18BABF80210018CABF80410408CB6
:1079B000ABF8060000E00AE08BF8087095F82B00A1
:1079C00040F0010085F82B007F1CFFB205E04FF46A
:1079D000F27287A196A0F0F77FDEBBF80000ADF849
:1079E0003200BBF80400ADF83400BBF80600ADF877
:1079F00036000AA910A830F4B9D0089810A91622A8
:107A00008C4E3044EAF77CFB05F11600A17C890717
:107A10000ED507EB470104EB81018A8B0280CA8BEC
:107A200042800A8C8280498CC18007727F1CFFB221
:107A30000188ADF832108188ADF83410C088ADF8F7
:107A400036000AA910A830F491D0089810A9223065
:107A500080B21622774B1844EAF752FB05F1200B4F
:107A6000A07C40075AD50021582018F42DD2686018
:107A7000F0B3064658213046EAF75BFB6A4870626D
:107A80006A48F0610023336266488079B07507EB7D
:107A9000470004EB800040F2E242418B5143B9F8C9
:107AA0000420914200D311463161A6F81480028B64
:107AB0003286418B71864FF0030C86F834C0B16278
:107AC000012286F8552086F840A086F8413086F8D5
:107AD000353086F842200C2186F856100222327684
:107AE0007176818BABF80010C18BABF8021000E00F
:107AF0000EE0018CABF80410408CABF806008BF85C
:107B0000087095F82B0040F0020085F82B0005E086
:107B100040F2492236A146A0F0F7DEDDBBF80000B6
:107B2000ADF83200BBF80400ADF83400BBF8060035
:107B3000ADF836000AA910A830F418D0089810A99A
:107B4000443080B216223B4B1844EAF7D9FA607CE5
:107B500085F82A00207D800702D494F83C0018B1F3
:107B6000A07DE8B301200490207DC0F34000059083
:107B7000069800B1012085F84A004FF0000955F839
:107B80002980B8F1000F7CD098F856B016492A48E1
:107B9000096890F8350081F859006C211BFB01FA47
:107BA00024490AEB010606F5B476318821F0FF017D
:107BB00001433180A889F081E88AB084288C30851F
:107BC0000998C0EBC00140F6E40000EB410040081A
:107BD000B0803084A6F5B476607C10B10F2741E008
:107BE0002CE03EE00808800044068000841F8000EE
:107BF0006C6C645F696E69745F70617463682E6336
:107C00000000000028686F70203E203429262628B6
:107C1000686F70203C20313729000000741280000A
:107C20001007800083DB05000D800400BD6D80001F
:107C300030000000008000B0BC0B8000617DA01D02
:107C400033F43CD503288FD200EB800101EBC00058
:107C50004FF4FA6101EB8000400806900120049087
:107C600082E70E27780904D03F22C449C448F0F7C0
:107C700033DD06F5A476002137804BF6D660F0811F
:107C800000E0ECE048F68960308245F255507082A1
:107C90005520B082A6F85210A6F5A476A07D0190DA
:107CA0000598029095F84A00049F03900298491F96
:107CB00011EA800F05D040F23332B049B148F0F7F5
:107CC0000BDD03996FF0020010EA410F05D04FF46D
:107CD0004D72AA49AC48F0F7FFDC780805D040F2B5
:107CE0003532A649A948F0F7F7DC0198029900025D
:107CF00040EA8101039841EA40003843A6F85E015A
:107D000095F84A0050B1069FF80B05D040F69D0249
:107D10009A499F48F0F7E0DCA6F88071A07D10BB7F
:107D200095F84A00F8B9002704EB47008179C0793B
:107D300041EA00200390022F05DD40F65D028F49E5
:107D40009448F0F7C9DC94490AEB470211440398C0
:107D5000A1F880017F1CFFB2032FE5D3607D00F006
:107D60000100A6F8860148F22700A6F860018B48BA
:107D7000007801280BD08A480778B80905D040F26E
:107D8000CA327E498748F0F7A7DCA6F86071002068
:107D9000A6F87C01A6F87E01207D00F001076FF4B3
:107DA000784010EACB2F04D0B42274497E48F0F713
:107DB00093DC780804D0BA2270497C48F0F78CDC58
:107DC0004FEACB2040F0200038437349A6F84A011F
:107DD0002078627840EA0220A6F85001A078E27884
:107DE00040EA02200AF102020A44A2F85001207976
:107DF000627940EA02200AF1040A5144A1F85001D4
:107E000098F834706FF00C0010EA870F05D040F23C
:107E1000D5125A496648F0F75FDCB80805D04FF430
:107E2000EB7256496348F0F757DC4FF4005040EAD4
:107E300087003843A6F84E01B8F82800A6F8740168
:107E4000B8F8280087B2F80B05D04FF4AE624B4962
:107E50005948F0F741DC47F40040A6F86A0109F1FF
:107E6000010909F0FF09B9F1020FFFF488AE099882
:107E70000027C0EBC000410047480E1806F6E40694
:107E8000708820F00F0040F0050070800898B080E6
:107E90002220718860F31F21718030886FF30E00FB
:107EA0003080A6F6E406607D00F00104434890F8B7
:107EB00000806FF0800010EAC41F05D04FF490726C
:107EC0003F494048F0F708DC6FF0200010EA481FF7
:107ED00005D04FF491723A493B48F0F7FDDB4FF47F
:107EE000085040EAC41040EA481006F6E40640F0A4
:107EF00005007080308820F400403080AF6000269C
:107F000055F8260090B10446204607994160E16289
:107F10002E490968884770B140F20B32AFF2303118
:107F2000AFF2F420F0F7D8DB00202690761CF6B2F2
:107F3000022EE5D311E084F85470618E079800EBAF
:107F4000410020F070400790EEE740F21332AFF2AC
:107F50006031AFF22430F0F7BFDB1D48C07FFF284F
:107F600007D04FF03042516EC3000120984081434A
:107F70005166269827B0BDE8F08F0000CC1F0201A3
:107F8000FC220201BC2202018022020148220201DD
:107F90003823020178230201008000B07894003079
:107FA00079940030681F0201582102010C2202015D
:107FB0008C200201502002010421020138068000B9
:107FC00040210201D021020194210201D406800047
:107FD000080880000249014808607047B97701012C
:107FE000480680000148407870470000E89400305F
:107FF0002DE9F0478CB081460C4617469A4600267C
:108000004FEA1728A18803A82222304B1944EAF727
:1080100077F89DF80C50202D02D0212D18D044E087
:108020009DF80D109DF80E009DF80F2040EA0222E9
:108030009DF810009DF8113040EA03234046FFF7F9
:108040007DFBA088F0F7F2DB00200CB0BDE8F087E4
:108050009DF80D009DF80E1040EA01219DF80F00DB
:108060009DF8102040EA02229DF811009DF814307E
:108070009DF8125040EA03639DF81300000440EAA3
:10808000052003439DF815009DF8165040EA052091
:108090009DF817509DF818C045EA0C2C0C4D2D6822
:1080A0001DB1CDE9000C4046A8474046FFF7E0F877
:1080B00048B94046F7F736FA53463A46214648460D
:1080C00031F4D4D406463046BFE70000008000B04B
:1080D000249100302DE9F04106460F46154698469A
:1080E0000024280AFFF7C4F830B943462A46394627
:1080F000304631F4CFD504462046BDE8F08100007B
:108100002DE9F04707468846164699460025300A6D
:1081100001240C2809D20D4A52F8201029B191F8F7
:108120005010C943890702D0002414B10BE0012488
:10813000FBE7FFF79DF830B94B46324641463846DB
:1081400033F49CD205462846BDE8F08738128000FB
:108150002DE9F0414FF0E024D4F80061D4F8045147
:108160006017C4F88001C4F88401BFF34F8FBFF3D8
:108170006F8F0949A1F5B2700F468046F0F75ADBC0
:1081800018B139464046F0F757DBC4F80061C4F82F
:108190000451BDE8F0810000D0108000054904487A
:1081A00008600649044808600649054808607047A9
:1081B0001764800058068000C981010168068000AC
:1081C000B17101011806800070B50546284635F4E6
:1081D000C7D106460D48017801290ED04478A00980
:1081E00005D040F2CA320A490A48F0F775DA6C2025
:1081F000454309482844A0F86041084800680068E1
:1082000008B10749C161304670BD00007894003064
:10821000CC1F0201681F0201008000B060068000D0
:108220002D5880000D4951F82010B1F87C1011F044
:108230000C0F12D1C906C0EBC00001D5C0B201E0DD
:10824000401CC0B20649C0EBC00001EB4000B0F8D2
:10825000E808002801D0F0F7F19A704784138000F5
:10826000008000B010B5002000F002F8002010BD22
:108270002DE9F84F07464FF00008C14633F44ED2BF
:10828000824600200090724D6C1F27F479D6034679
:1082900000200126C0F3C70100F0070214F801C056
:1082A0002CFA02FC5FEACC7C1FD0DFF8A8C19CF856
:1082B000ABC4BCF1000F38D053F820C0AAEB0C0CB3
:1082C0002CF0704CBCF5C85F18D203EB000C9CF985
:1082D00094C01CF1020F28DC15F801C006FA02F266
:1082E0002CEA020C05F801C01FE015F801C006FADF
:1082F00002F22CEA020C05F801C016E003EB000BB9
:108300004FF0000C8BF894C053F820C0AAEB0C0C73
:108310002CF0704CBCF5FA4F07D915F801C006FADD
:1083200002F24CEA020C05F801C0401C2528B1DB22
:108330000020494A295C135C19402954401C052837
:10834000F8DB2846F0F77CDA0246022A1AD200202F
:10835000C0F3C70100F0070314F801C02CFA03FCB6
:108360005FEACC7C0BD015F801C006FA03F34CEAA7
:10837000030C05F801C0521CD2B2022A02D2401CE2
:108380002528E5DB284629F46FD20024DFF8CCB09D
:10839000304800EB841A9AF8440009282ED19AF844
:1083A000300058BB1BF80400401C0BF80400E0B27E
:1083B0002CF4FED5052800D2EFB169462046FEF721
:1083C00043FF1BF804004FF47A6110FB01F1BDF884
:1083D0000000800800EB80008008B1FBF0F0252849
:1083E00009D906EB042081B20022022017F442D7FB
:1083F00000200BF804000FB94FF001099AF844006F
:108400000C2802D0142805D006E0E0B2294631F449
:10841000A3D401E04FF00108641C0C2CB8DBB8F1C8
:10842000000F04D002210022084617F423D7B9F127
:10843000000F07D04FF4C8720021042018F4B8D2FE
:10844000BDE8F88F0349002081F81E03F8E700001B
:10845000BD178000A41480003C910030C855013045
:1084600070B50E461D46002300210C4814C811E0CB
:1084700032F83100A8420CD1042000EBC1001058A2
:1084800050B1F7F723F80246294630469047034695
:1084900002E0491C8C42EBD8184670BD980280005F
:1084A00070B501200021114A114E547806EB81135A
:1084B00093F84420022A01D0032A04D19D68ED7C60
:1084C0000DB1002070BD072A04D11CB1022C01D0CF
:1084D000002070BD052A04D19A6812780AB10020E4
:1084E00070BD491CC9B20C29E0D370BD9206800052
:1084F000A414800070B5FBF72FFA0446601C24D04A
:10850000FBF706FA00EE100A9FED131AF8EE400A88
:1085100000EE104AB8EE400A20EE011A81EE200A61
:1085200010EE100AEAF7A2FB0C4A536883B1D3E9B4
:108530000463D2E90254721B63EB0403141A73EB55
:10854000010401D21046194670BD0020014670BDDD
:108550000020014670BD000000247449A09B00303B
:1085600070B505462DED028B82B00E460024FBF758
:10857000CFF9EAF762FB41EC180B28463146EAF7DF
:1085800069FB53EC182BEAF766FA9FED1C1B53ECC2
:10859000112BEAF7D2FA9FED1B1B53EC112BEAF7D4
:1085A000B3F9EAF798FB01460120FBF7A3F9174D51
:1085B00017E017A003C8CDE900011748006800F0D4
:1085C00007001DF80060FAF79BFD68686968091AE2
:1085D000B142FBD3FAF778FD2046641CB0F57A7FF0
:1085E00007D2FBF7C7F90028E3D0FBF7B5F9401C29
:1085F000DFD002B0BDEC028B70BD000000000000B7
:1086000080842E41000000000000E03F001000E0E8
:10861000403010181020000004C500A07CB50024D4
:10862000FBF7AEF90F4D17E00F4803C8CDE9000185
:108630000E48006800F007001DF80060FAF760FDC2
:1086400068686968091AB142FBD3FAF73DFD204614
:10865000641CB0F57A7F03D2FBF78CF90028E3D1D4
:108660007CBD0000001000E01086010104C500A0E0
:1086700088B0ECF7EDFF7E497E48F4F7EBFBF3F7AB
:1086800071F97DA05321CDE90010824B82A287A110
:108690000220ECF7F5FEF4F7F1FC002830D085A0BD
:1086A0005A21CDE900107B4B7BA280A10220ECF780
:1086B000E7FE89A003C8CDE90601DFF82492D9F8C6
:1086C000000006A900F007000C5C86484443FAF756
:1086D00017FD854E70687168091AA142FBD3FAF73D
:1086E000F3FC82A05F21CDE900106A4B6AA26FA162
:1086F0000220ECF7C5FE002700240DF1100A89E0E6
:1087000085A05821CDE90010624B63A267A100202B
:10871000ECF7B6FECDE7651C87A0CDE90105642125
:1087200000915C4B5CA261A10220ECF7A9FE0FF264
:1087300020284046E9F720FD81B2404605F0E2FDE1
:1087400087A0CDE9010869210091524B52A257A19F
:108750000220ECF795FE60A003C8CDE90201D9F82C
:10876000000002A900F0070011F80080854808FB0E
:1087700000F8FAF7C5FC70687168091A4145FBD327
:10878000FAF7A2FC04A8F4F745FC00281FD0042245
:108790007DA104A8E9F71BFD60B101277CA0CDE90C
:1087A000010A742100913B4B3BA240A10220ECF74F
:1087B00067FE34E082A07721CDE90010CDE9025AAE
:1087C000344B35A239A10120ECF75AFE0AE08CA007
:1087D000CDE901057A2100912E4B2FA233A1012072
:1087E000ECF74EFE022C14DA3BA003C8CDE90201DF
:1087F000D9F8000002A900F007000D5C8D48454340
:10880000FAF77EFC70687168091AA942FBD3FAF77F
:108810005BFC641C032C02DA002F3FF47CAF4FB9E1
:1088200085488321CDE900101A4B1BA21FA100200F
:10883000ECF726FE81A08821CDE90010154B16A289
:108840001AA10220ECF71CFE03F04CFFEFF7C4FC6A
:10885000F0F784FCF0F704FDECF7FEFDEEF752F9BB
:1088600005F072FC06F00EFEE9F7C4FCF4E7000028
:10887000048D0030019A0001424C452070726F74E3
:108880006F636F6C20696E697469616C697A656485
:10889000000000000A0102012E2E5C5372635C7519
:1088A0007365725C6D61696E2E6300004E4F5F549C
:1088B00041470000525443206368697020696E6923
:1088C0007469616C697A6564207375636365737339
:1088D00066756C6C790000004030101810200000A4
:1088E00004C500A0C0C62D00001000E053746172E2
:1088F00074696E672074696D652073796E63687240
:108900006F6E697A6174696F6E207769746820444C
:1089100054552E2E2E0000004661696C656420744B
:108920006F20696E697469616C697A65205254437D
:10893000206368697000000054696D652073796E6A
:108940006320617474656D70742025642F3300009A
:1089500061646D696E41542B43434C4B3F0D0A00DB
:1089600053656E742074696D652073796E6320633E
:108970006F6D6D616E6420746F204454553A2025EC
:108980007300000080969800323030300000000004
:1089900054696D652073796E6368726F6E697A6170
:1089A00074696F6E207375636365737366756C218C
:1089B000205254432074696D653A202573000000ED
:1089C00054696D652073796E6320617474656D7090
:1089D00074202564206661696C65642C20525443C0
:1089E000207374696C6C2073686F7773206465669C
:1089F00061756C742074696D653A20257300000000
:108A000054696D652073796E6320617474656D704F
:108A100074202564206661696C65642C2063616E36
:108A20006E6F742072656164205254432074696DC6
:108A30006500000080841E00141A020152756E6EDB
:108A4000696E672073656E736F7220636865636B10
:108A500073756D2076616C69646174696F6E2074E2
:108A60006573742E2E2E000010B560F441D010B145
:108A700006F0C8FFFEE7BDE81040E9F7E1BA0000E4
:108A80002DE9FF41044600200090019002900390E0
:108A900021482249B0F1807F02D9B0F1887F08D304
:108AA000C0F31300C1F3130100F060F8216808431C
:108AB000206000251A4F1B48C61B10E007EB05116C
:108AC00010226846E9F71CFB0198C0F313000299D5
:108AD000014400F04BF82168084320606D1CB5EBA1
:108AE000161FEBD31048C0F313001049C1F3130154
:108AF00000F03CF82168084320600D48C0F31300E3
:108B00000C49C1F31301884204D000F02FF821680A
:108B100008432060BDE8FF8100200001F427020126
:108B2000A0270201F027020100C00330000004303A
:108B300000B0033000C0033038B50B490091012864
:108B400008D04FF0FF342046ECF789DA2046ECF7E6
:108B5000A8DA38BD6846FFF793FF0098ECF77FDA94
:108B60000098ECF79EDA38BD0F00C03FF0B5024622
:108B700000200025002300260024124F57F824C0AF
:108B80006544AA4201D2234603E0641CE4B20B2CE4
:108B9000F4D30024002257F822502C44A14201D8DB
:108BA000164603E0521CD2B20B2AF4D3032405E08C
:108BB0005A0004FA02F108435B1CDBB2B342F7D956
:108BC000F0BD00005C0D0201024A1268002A00D0CC
:108BD00010477047FC9000307CB504460D460020DD
:108BE00001900090694601A85DF400D15DF454D174
:108BF00005FB00F11CB90098441A04F1807420466A
:108C0000FAF73EFB08B100207CBD09207CBD0000C6
:108C100070B588B00546012027490978002921D080
:108C200007A92846F6F7DAFB002843D00026069667
:108C3000A0F10804022206A92046F6F711F980B235
:108C4000022811D01D488169407A40F20722CDE9FF
:108C5000002002911A4B1BA24FF400410020EFF7B5
:108C600041DD092008B070BD082204A92046F6F7AE
:108C7000DDF8204C606878B1BDF812005CF49CD53A
:108C8000BDF812206168083011440844606028462D
:108C900005F00EF90020E5E7207A6060BDF81200CB
:108CA0005CF48AD5BDF81220616811440844606004
:108CB0002672ECE70220D5E7C8238000641F8000FD
:108CC000D40C0201523A353A25732C204C256420ED
:108CD000666C617368207374617465203078253028
:108CE00032582C206572726F7220307825303858D7
:108CF0000D0A0000D83280002DE9FF5F07460D46BF
:108D000016464A48007800280CD03DB12C882CB17A
:108D100026B11FB14FF6FF7A574505D1052004B0A3
:108D2000BDE8F09F0120FAE74FF00009A5F8009098
:108D300003A93846F6F752FB80465FEA08001FD0C9
:108D4000BDF80C20944219D33146FAF7D9FA83467C
:108D50000924082201A9A8F10800F6F767F80828F5
:108D60000FD101A806F020FE58B1314601A806F047
:108D700026FE30B1A5F800B0002402E0042400E093
:108D80000224022C50D1CDF80490CDF80890CDF8F3
:108D900000906FF44040381802D0B02844D134E03D
:108DA00001A804F0EDFC78BB9DF8040070B99DF8B3
:108DB000051059B99DF8061041B99DF8071029B959
:108DC0009DF8081011B99DF80910E9B1FF2813D1D9
:108DD0009DF80500FF280FD19DF80600FF280BD154
:108DE0009DF80700FF2807D19DF80800FF2803D150
:108DF0009DF80900FF2817D001983060BDF80800E1
:108E0000B0800620288000240EE0684604F0A8FC0C
:108E100050B9BDF8000038B1504505D0BDF800008C
:108E20003080022028800024204678E7C823800074
:108E300070B588B005460C46002C0AD006A907A8D4
:108E40005CF4D4D72C4E8DB1280504D0062008B090
:108E500070BD0720FBE7069805EB043100F1807038
:108E6000814201D8356008E00620F0E706996042AB
:108E700001EB003000F1807030604FF49E711F48AC
:108E8000E9F757F91E4D0020287030681D4900EBA6
:108E9000043008605CF4B6D71B490870082204A9A6
:108EA0003068F5F7C3FF082810D018488169407A68
:108EB0004FF48972CDE900200291154B15A24FF4B1
:108EC00000410020EFF70EDC0920C0E708221D4911
:108ED00004A8E9F766F928B12046FBF781FF0028CE
:108EE000B5D104E02046FBF7FBFF0028AFD10120FD
:108EF00028700020ABE70000CC238000D83280002F
:108F0000C8238000D0238000C9238000641F800014
:108F1000CA0C0201523A353A25732C204C256420A4
:108F2000666C6173682073746174652030782530D5
:108F300032582C206572726F722030782530385884
:108F40000D0A0000ACD5070010B5054C01212046E4
:108F5000FFF742FE2046BDE810400121FFF768BF41
:108F600000F00F012DE9FE4306460C461746F0F7C8
:108F7000FFFC2C48007878B37FB374B340F6EC70F4
:108F800084422BD84EB3A6F57F40FF3826D002A9E5
:108F90003046F6F723FA0546002D3DD008226946F3
:108FA000A5F10800F5F742FF684606F0FDFCC8B1E0
:108FB000BDF808004FF40048A04221D13A462146AE
:108FC0002846FCF7E5F878B117A241460020EFF7F4
:108FD00089DB0020BDE8FE8302E0FFE70520F9E71A
:108FE0000120F7E70920F5E716A241460020EFF738
:108FF00079DB3B4622463146284601F049FEE9E747
:109000001BA241460020EFF76DDB3B46224631466E
:10901000284601F03DFEDDE73A4621463046EDF7B1
:1090200063FAD7E7C8238000523A353A6E76647304
:109030005F70757428292073616D652064617461A7
:109040000D0A0000523A353A6E7664735F7075749B
:109050002829207265706C616365206461746120E9
:10906000776974682073616D65206C656E0D0A0008
:10907000523A353A6E7664735F707574282920729F
:1090800065706C61636520646174612077697468E0
:109090002064696666206C656E0D0A0010B50121BA
:1090A0000348FFF7C5FE002801D0FFF74DFF10BDB4
:1090B00000F00F012DE9F04107460C46002600257F
:1090C000E068B0F57A7F02D30020BDE8F081401C53
:1090D000E0602168A068095C5B2942D1401CA06067
:1090E0002046F4F767FD3CB1D4E90110884203D271
:1090F0002168085C5D283DD01CB1D4E9011088428C
:1091000003D3A068401EA0602BE0401EA06004F1C5
:1091100010084046F4F749FE18B346B3286045608E
:109120000546A068401CA0602046F4F743FD214698
:10913000284600F073FEA0B12046F4F73BFD3CB199
:10914000D4E90110884203D22168085C2C28E0D0C1
:109150003CB1D4E90110884203D22168085C5D2843
:1091600008D016B13046F4F7DFFD0020ADE7064623
:109170000546D6E7E068401EE06006B17560202035
:10918000F860BE60A068401CA06001209DE7000060
:109190002DE9F0412DED028B88B004460D46EBA180
:1091A000F422CDE90021E5A00290F04BF0A2F7A156
:1091B0000220ECF765F9CDE90354E0A0F5A1CDE973
:1091C0000110F5200090E94BE9A2F0A10220ECF794
:1091D00057F9002D78D00222F4A12046E8F7F7FFD6
:1091E000002871D00522F2A12046E8F7F0FF002800
:1091F0006AD02078002867D00322EFA12046E8F744
:10920000E6FF002871D00522ECA12046E8F7DFFF39
:109210000027EC4E00287AD00522EBA12046E8F783
:10922000D6FF4FF4007800286FD00722E8A120462F
:10923000E8F7CDFF002869D00422E7A12046E8F72F
:10924000C6FF002879D00622E5A12046E8F7BFFF37
:10925000002873D00722E4A12046E8F7B8FF0028D1
:109260006DD00622E2A12046E8F7B1FF002867D0C2
:109270000522E1A12046E8F7AAFF002870D00622C7
:10928000DFA12046E8F7A3FF00286AD0454515D2A4
:109290002A46214606F1C400E8F732FF06F1C40071
:1092A0004755D9A14FF4C672CDE90021A3A0029081
:1092B000AE4BAFA2B5A10220ECF7E2F808B0BDECCE
:1092C000028BBDE8F081FFE7CDE903549BA0D4A158
:1092D000CDE90110FB200090A44BA5A2ABA1032077
:1092E000ECF7CEF8EAE700E011E0CDE9035493A0F3
:1092F000D5A1CDE901104FF4817000909B4B9CA249
:10930000A2A10320ECF7BCF8D8E762E078E006AB56
:1093100007AAD5A1601DE8F7BFFF022822D007AA3F
:10932000D3A1601DE8F7B8FF0128C7D107981F280F
:109330003FD963283DD081A103E078E08EE0A2E030
:10934000B9E0CCA24FF49273CDE90032CDE902101E
:10935000864B87A28DA10120ECF792F83766ADE726
:10936000BEE082E207981F2811D963280FD073A1AD
:10937000C9A24FF48B73CDE90032CDE902107B4BCB
:109380007BA282A10120ECF77BF8376696E7306676
:109390006AA2C8A30699CDE90132CDE903014FF4D1
:1093A00089700090714B72A278A10220ECF768F8E6
:1093B00084E7306661A1CBA24FF49073CDE900320F
:1093C000CDE90210694B6AA270A10220ECF758F8AF
:1093D00074E77C48631DCFA24146C430EAF706FA21
:1093E000D2A140F22F12641D54A0CDE90021CDE995
:1093F00002045E4B5EA265A10220ECF741F85DE736
:109400007048E31DD1A24146C430EAF7EFF9D4A178
:1094100040F23712E41D49A0CDE90021CDE9020454
:10942000524B53A259A10220ECF72AF846E76548AF
:10943000231DD2A24146C430EAF7D8F9D5A140F2A3
:109440003F12241D3DA0CDE90021CDE90204474B88
:1094500047A24EA10220ECF713F82FE71F22A11D0F
:109460005848E8F77DFEF777D1A14FF4A37233A0F7
:10947000CDE90021CDE902063C4B3DA243A10220EB
:10948000EBF7FEFF1AE74F48E11D20301F2204468C
:10949000E8F766FE86F83F70CBA140F24D1227A098
:1094A000CDE90021CDE90204304B31A237A10220E1
:1094B000EBF7E6FF02E7A41D2046F4F7A9F8002821
:1094C00086D1C7A14FF4AD721CA0CDE90021CDE932
:1094D0000204264B26A22DA10020EBF7D1FFEDE6DA
:1094E000384BCBA15033A3F110021D469046601DAE
:1094F000E8F7D2FE022899D14046EAF72DFB51EC5D
:10950000100BE9F745FC08EE100A2846EAF724FBA1
:1095100051EC100BE9F73CFC00EE100AB5EEC08AE6
:10952000F1EE10FA08D1B5EEC00AF1EE10FA03D14F
:109530000120706601A073E183E100005B34475FA6
:1095400050524F544F434F4C5D0000002573205044
:10955000617273696E6720415420636F6D6D616E37
:109560006420726573706F6E73650000B70102014D
:109570002E2E5C5372635C757365725C626C655F02
:1095800070726F746F636F6C2E6300004E4F5F5488
:1095900041470000257320415420726573706F6E3F
:1095A00073653A20252E2A73000000004F4B0000FF
:1095B0004552524F5200000041542B002B4353514F
:1095C0003A000000E44C01302B5645523A000000AE
:1095D0002B4255494C443A002B534E3A00000000B0
:1095E0002B494D45493A00002B49434349443A0031
:1095F0002B43434C4B3A00002B4750533A0000009A
:109600002B435245473A000025732053746F72650F
:10961000642072617720726573706F6E73650000ED
:10962000257320536B697070696E6720656D707467
:10963000792F73746174757320726573706F6E73B4
:10964000653A20252E2A73002573205265636569CB
:1096500076656420636F6D6D616E64206563686F0D
:109660003A20252E2A73000025642C256400000072
:1096700025640000257320496E76616C696420734F
:1096800069676E616C207175616C697479207661AF
:109690006C75653A20256400257320496E76616CEF
:1096A000696420525353492076616C75653A2025D0
:1096B00064000000257320436F6C6C6563746564FF
:1096C000207369676E616C207175616C6974793A99
:1096D00020525353493D25642C204245523D256478
:1096E00000000000257320436F6C6C656374656433
:1096F000207369676E616C207175616C6974792083
:109700002873696E676C652076616C7565293A20EF
:1097100025640000226669726D776172655F766507
:109720007273696F6E223A222573220025732050CE
:109730006172736564206669726D77617265207607
:10974000657273696F6E3A20257300002262756935
:109750006C645F74696D65223A22257322000000F3
:10976000257320506172736564206275696C642092
:1097700074696D653A2025730000000022736572DC
:1097800069616C5F6E756D626572223A2225732283
:1097900000000000257320506172736564207365BA
:1097A0007269616C206E756D6265723A2025730076
:1097B000257320436F6C6C656374656420494D4567
:1097C000493A202573000000257320436F6C6C65B7
:1097D000637465642049434349443A20257300007B
:1097E0002573204661696C656420746F2073796EFF
:1097F0006368726F6E697A65205254432074696D94
:10980000652066726F6D204454553A202573000020
:109810002531355B5E2C5D2C253135730000000051
:10982000CDE903852BA1CDE90110324B40F269103F
:10983000AFF2C422AFF2AC2100900220EBF720FE81
:109840003CE57766AFF20C30CDE903852AA1CDE97E
:109850000110284B4FF4B770AFF2EC22AFF2D421D5
:1098600000900220EBF70CFE28E507AAAFF20021DA
:10987000A01DE8F711FD012812D0AFF2403027A15A
:1098800040F27F12CDE90204CDE90021194BAFF27D
:109890002032AFF208310120EBF7F2FDB7660DE59B
:1098A0000798B066012813D026A1AFF2703229A321
:1098B000CDE90132CDE903010E4B40F27910AFF250
:1098C0005032AFF2383100900220EBF7D9FDF5E4C9
:1098D0002DA1EAE7257320475053206E6F74207046
:1098E0006F736974696F6E65643A2025732C2573F4
:1098F00000000000B7010201257320436F6C6C6506
:1099000063746564204750533A204C41543D25739D
:109910002C204C4F4E3D257300000000257320463F
:1099200061696C656420746F207061727365204397
:1099300052454720726573706F6E73653A202573C8
:10994000000000004E6F7420726567697374657261
:1099500065640000257320436F6C6C6563746564F7
:10996000206E6574776F726B2072656769737472AD
:109970006174696F6E207374617475733A20256425
:109980002028257329000000526567697374657289
:10999000656400007FB50024009401940294039450
:1099A0000F2900D30F210D4601462A466846E8F7E5
:1099B000A7FB0DF805406846EAF7CEF851EC100B0E
:1099C000E9F7E6F900EE100A7FBD10B50446002065
:1099D0000022A15CA1F13003092B02D830380844E1
:1099E0000CE0A1F14103052B02D83738084405E00B
:1099F000A1F16103052B08D857380844032A00D287
:109A00000001521C042AE4D310BD002010BD7CB517
:109A1000002400940194072900D307210D46014634
:109A20002A466846E8F76CFB0DF805401022002135
:109A30006846E8F713FFC0B27CBD7FB500240094F0
:109A40000194029403940F2900D30F210D4601467F
:109A50002A466846E8F754FB0DF805406846E8F7E3
:109A600035FF04B070BD00002DE9F04707462DED2D
:109A7000028B82B00C464FF0000ACDF804A0F8F734
:109A800043FC81460020002580460CB122685ABB69
:109A9000002002B0BDEC028BBDE8F0871144435CAE
:109AA000342B1BD00ADCA3F12B03092B22D2DFE8D5
:109AB00003F015211517211515151500382B0DD09C
:109AC00006DC352B0AD0362B08D0372B12D105E017
:109AD000392B03D0452B01D0652B0BD16D1C02E037
:109AE0006D1C4FF00108401C24B1A16866680B187A
:109AF000B342D3D32169681C8847064630000DD095
:109B0000A16820682A4601443046E8F7F9FA06F8C9
:109B100005A0B8F1000F0BD0002007E00020B8E747
:109B2000315C2E2901D106F80090401CA842F7D3E1
:109B300001A93046EAF7A8F8B0EE408AF0EE608A54
:109B40000198864204D16169304688470020A0E729
:109B500087ED068B9FED150B51EC180B53EC102B7A
:109B6000E9F7FEF803D86FF00040786111E09FED4F
:109B7000110B51EC180B53EC102BE9F7D9F803D863
:109B80004FF00040786104E051EC180BE9F784F8DD
:109B900078610820F8600199A068891B0844A060DA
:109BA000616930468847012073E700000000C0FF6C
:109BB000FFFFDF41000000000000E0C12DE9F0419F
:109BC00007460C4600260025E068B0F57A7F02D3F0
:109BD0000020BDE8F081401CE060002C66D0D4E994
:109BE0000110884262D22168095C7B295ED1401C49
:109BF000A0602046F3F7DEFFD4E90110884203D2CB
:109C00002268125C7D2A57D0884202D3401EA06091
:109C10004CE0401EA06004F110084046F4F7C5F87F
:109C2000F0B30EB3286045600546CCB3A068616808
:109C3000401C88423AD2A0602046F3F7BBFF214681
:109C4000284600F046F858B32046F3F7B3FF2869DA
:109C5000286200202861D4E90110884226D22168B8
:109C6000095C3A2922D102E006460546DDE7401CA0
:109C7000A0602046F3F79EFF2146284600F0CEF86C
:109C800070B12046F3F796FFD4E90110884203D261
:109C90002168095C2C29C0D0D4E90121914200E05F
:109CA00004E003D22168085C7D2805D016B1304657
:109CB000F4F73AF800208CE7E068401EE06006B157
:109CC00075604020F860BE60A068401CA060012064
:109CD0007FE72DE9F84F80460E46D6F808A0306899
:109CE00000EB0A04651C641C4FF00009CDF80090DD
:109CF0000027D6F800C01CF80A0022287DD10020D9
:109D0000716807E05C2B04D1521C8A427CD2401C53
:109D1000641C641CA4EB0C028A4202D22378222B1E
:109D2000F0D1A4EB0C028A426ED2217822296BD1A9
:109D30000CEB0A01611A081A3169401C8847074672
:109D4000380061D000974CE029785C2905D0009854
:109D50006D1C00F8011B009043E00220611B0129EB
:109D600052DB6A78662A18D008DC222A2DD02F2AE6
:109D70002BD05C2A29D0622A46D108E06E2A12D064
:109D8000722A16D0742A1AD0752A3DD122E0009981
:109D9000082201F8012B009122E000990C2201F821
:109DA000012B00911CE000990A2201F8012B00917F
:109DB00016E000990D2201F8012B009110E00099A6
:109DC000092201F8012B00910AE0009901F8012B0A
:109DD000009105E06A462146284605F061FD60B124
:109DE0000544A542B0D3009880F800901020C8F830
:109DF0000C00C8F81070306800E005E0201A401C24
:109E0000B0600120BDE8F88F17B171693846884706
:109E100015B13068281AB0600020F3E770B5054628
:109E20000C46002C3CD02168D1B3A0686368021DA9
:109E30009A4205D80844042235A1E8F7C8F988B346
:109E4000A0686268411D0126914206D8216805225A
:109E5000084431A1E8F7BBF960B3A0686268011D4E
:109E6000914206D82168042208442DA1E8F7AFF9F1
:109E700030B3D4E90101814203D22268525C222A24
:109E800026D081422AD22268525C2D2A02D0303A52
:109E9000092A23D821462846BDE87040FFF7E4BDD3
:109EA000002070BDFFE70420E860A068001DA060EE
:109EB0000120F6E7EE60A068401DA0600120F0E7F9
:109EC0000220E8606E61A068001DA0600120E8E744
:109ED00021462846BDE87040FFF7FBBE814203D211
:109EE0002268525C5B2A07D0814203D22068405C22
:109EF0007B2807D00020D4E721462846BDE87040E3
:109F0000FFF7D8B821462846BDE87040FFF756BE97
:109F10006E756C6C0000000066616C73650000007B
:109F200074727565000000000220F8F76DBB000038
:109F30002DE9F04104460D4616461F4603F0ACFDE0
:109F4000384601F0B5F93146284600F077F9284641
:109F500000F0C4F900F014F80648074910F824206E
:109F6000486962F3030064F34710486103480470D2
:109F7000BDE8F08184FD0101101F80000C930030CA
:109F800010B5EAF714DD0128FBD0BDE8104013201E
:109F9000EAF7049D10B50549EB20086104490968FA
:109FA000C8600348EAF7F9DD10BD0000101F80000B
:109FB000641F80007CB5484C2068000602D42068ED
:109FC00040061FD5206820F480502060206820F4CF
:109FD00000602060206840F040002060206840F46D
:109FE00080702060206820F040002060206840F0F1
:109FF00080002060206840F400702060206820F01D
:10A0000080002060344840300168C1F3801121B1E4
:10A0100032490A7842F004020A7031490160002096
:10A02000012341B2002909DB01F01F0503FA05F203
:10A030004909890001F1E021C1F88022401CC0B229
:10A040002228EED3002005F0E5FC00252846F2F793
:10A05000CDFF01462846F2F7D3FF0120FEF76CFD45
:10A06000FFF71CF8642000F061F900234FF4FA7246
:10A0700001211846FFF75CFF00F096F803F0DAFDC7
:10A080000020E9F747FB002003F0DAFD15A003C824
:10A09000CDE90001206800F007001DF800401348DA
:10A0A0004443F9F72DF8124841684268521AA24217
:10A0B000FBD3F9F709F8EAF711DA01F001FAF5F73D
:10A0C000D9F847F2305003F09BFD002000F04AF928
:10A0D000BDE87C40EBF76ABB04C500A000890030F6
:10A0E000A0FEFFFF4030101810200000A0860100E5
:10A0F000001000E02DE9F04100242A4EDFF8A08096
:10A10000274F08F17C0806F150053868C0F301704C
:10A11000012833D004EB84007179B37905EB80001A
:10A12000194401EBC103C26803EB011102EB810288
:10A13000C260026902EB41010161D8F80000C0066B
:10A1400016D547F6122061F46BD604EB840005EBBC
:10A1500080004FF47A6101614900C1600221817180
:10A16000418801F57A714180818801F57A71818099
:10A17000641CE4B20C2CC8D3BDE8F08104EB84006D
:10A1800005EB80007179B379C2681944C1EB4111C4
:10A1900002EB4102C260026911440161CDE7000097
:10A1A00050C500A01893003008B51A49192003F0D3
:10A1B00053FA03F0B5FDF4F741FA184916488862DE
:10A1C0001748C8621749086003F098FCFFF792FF30
:10A1D00056F48CD014480178104850305EF492D474
:10A1E000002056F44DD011494FF47A70088011497F
:10A1F0000F480860002000906A4601214CF21500CB
:10A20000FEF7B0FEF4F7EAFBBDE808400A485FF449
:10A21000C7940000D1370600F97E80001893003003
:10A220003F7F80006C0780000C9300304624800044
:10A2300045C30700A8268000C1E90001FEB50D4610
:10A2400002264FF4FA7102911F4A116821F0405121
:10A2500001280BD0106808431060002D05D002AA19
:10A2600031464CF20700FEF77DFEFEBD0295164812
:10A270003038036843F08003036041F08050106081
:10A2800011482838016841F0800101600F4840887A
:10A290004FF47A7148430EA106C9CDE900120A496C
:10A2A0004C39096801F007011DF8014044430028BA
:10A2B000D3D0F8F725FF0848426843689B1AA342A9
:10A2C000FBD3F8F701FFC8E750C500A00C9300309E
:10A2D0004030101810200000001000E010B51249A6
:10A2E000096801280AD0022811D0EAF760DB0128AA
:10A2F000FBD0BDE810400620EAF7509BEAF757DB99
:10A300000128FBD0BDE810400720EAF7479BEAF799
:10A310004EDB0128FBD00820EAF740DBBDE8104007
:10A3200046F2905061F47C9550C500A0642801D39A
:10A3300001494880704700000C93003010B500F0D0
:10A3400011F8064906480A680068824204D008608D
:10A35000BDE8104001F0B4B810BD0000D48A003050
:10A36000489300302DE9F04F87B0182101A8E7F796
:10A37000E0FEEFF311853C4801783C480068C0F3EB
:10A380000220401C012282408818C0B280F311884C
:10A39000F8F764FD002860D1DFF8D4A0DAF8006097
:10A3A000DFF8CCB00BF1380BDBF8000000F07047A1
:10A3B000DFF8C090D9F8008101A803F061F998BBDB
:10A3C000BDF8040080B35FF4B7D208B1F4F748FBDE
:10A3D00000F01BFD01A90520F7F712FF51EC100B4F
:10A3E000E8F75AFC244C206300F136019A2902D286
:10A3F00003F042FE02E0607B401C607301A906206E
:10A40000F7F7FEFE9FED1D1B51EC100B53EC112BCB
:10A41000E8F721FBE8F740FC6063A0F1AB01E52918
:10A4200003D205F0A8FA03E005E0607B401C6073EE
:10A43000A06B401CA063C9F80081CAF80060EFF36C
:10A440001080012181F31088DBF8001021F07041A9
:10A450003943CBF8001080F31088E8B280F31188FC
:10A4600007B0BDE8F08F000002E400E00CED00E072
:10A4700008C500A000E000A0189300300000000014
:10A480000000594070B5044600200B46002C01D056
:10A4900001210FE0084670BDCD0801F00706555DAB
:10A4A000F540ED0704D05B1C9BB2A14200D11846D9
:10A4B000491CC9B2A142EFD970BDF0B50646491C8E
:10A4C00089B2002701200EE0C40800F007051C5DDA
:10A4D000EC40E40705D0B14201D1074605E0491C34
:10A4E00089B2401CC0B29042EED33846F0BD00287D
:10A4F00005D0012803D0022801D000207047012098
:10A500007047F0B589B007460E46144624216846C8
:10A51000E7F70FFE4FF480752268284690470090B9
:10A520000195059694E8070006AB07C3009800263E
:10A5300078B36946384600F06FFA50B3684605F0C4
:10A540000FF8A26842B102990098491C904705464D
:10A5500028001FD0009619E002982168401C884707
:10A560000546280016D0DDE90110401C814201D2C9
:10A57000019A01E0029A521C28460099E7F7C0FDB3
:10A5800002982E546168009888470096284609B0C2
:10A59000F0BDFFE7009810B1616888470096002081
:10A5A000F5E72DE9F0410C468568002C0ED001211D
:10A5B0002046F4F709FE60B15B210170A068401CE1
:10A5C000A060E068401CE060002727E00020BDE8B4
:10A5D000F0810020FBE72146284600F01DFA40B13B
:10A5E000204604F0BDFF2868B8B1606918B10226A2
:10A5F00002E00020EBE70126711C2046F4F7E4FDA1
:10A60000D8B12C2100F8011B616911B1202100F89B
:10A61000011B0770A0683044A0602D68002DDAD1BE
:10A6200002212046F4F7D0FD48B15D21017047704A
:10A63000E068401EE0600120C9E70020C7E7002075
:10A64000C5E70000F0B52DED028B8BB005460E4638
:10A6500095ED068B00241C2104A8E7F76AFDF7F7A7
:10A6600053FE07469FED3B0B8DED020B36B18DED92
:10A67000008BDDE9000130B1012005E000200BB0C6
:10A68000BDEC028BF0BD0020014321F000403349B6
:10A69000081AC00F50B98DED008B01984900B1EB3D
:10A6A000400F01D1009838B1002038B12CA104A886
:10A6B000E9F7B6F805462EE00120F6E76869E8F705
:10A6C000ABFA53EC182BE8F733FB06D126A104A80C
:10A6D0006A69E9F7A5F805461DE053EC182B23A19C
:10A6E00004A8E9F79DF8054602AA22A104A8E7F705
:10A6F000D3FD012808D1B0EE481AF0EE681A9DED9E
:10A70000020BF4F7C7F830B953EC182B1AA104A8C0
:10A71000E9F786F805461A2D01D30020AFE7691C3A
:10A720003046F4F751FD10B104AA2E2308E00020B2
:10A73000A5E7115DB94201D1035500E00155641C44
:10A74000AC42F6D300210155B0682844B060012026
:10A7500095E7000000000000000000000000F07F0E
:10A760006E756C6C000000002564000025312E31F0
:10A7700035670000256C670025312E3137670000F2
:10A780002DE9F0470C468568002C03D0606920B1A4
:10A79000022603E00020BDE8F0870126711C204658
:10A7A000F4F712FD88B17B2100F8011BE168491C18
:10A7B000E16061694FF00A0809B180F80080A06883
:10A7C0003044A0600027092661E00020E3E76069CB
:10A7D00090B12046E168F4F7F7FC08B1002104E0ED
:10A7E0000020D8E700F8016B491CE2688A42F9D8DA
:10A7F000D4E902010844A0602146286A00F06EF8FE
:10A8000038B1204604F0ACFE606920B14FF0020977
:10A8100003E00020BFE74FF0010949462046F4F766
:10A82000D3FCA0B13A2100F8011B616901B10670A7
:10A83000A0684844A0602146284600F0EDF840B1E9
:10A84000204604F08DFE606928B1012004E000205C
:10A85000A1E700209FE70020296809B1012100E05D
:10A86000002100EB010909F101012046F4F7ACFCDD
:10A87000A0B1296811B12C2100F8011B616909B14F
:10A8800000F8018B0770A0684844A0602D68002D77
:10A890009DD1606920B1E168491C02E000207AE79F
:10A8A00002212046F4F790FC18B1616951B10021F2
:10A8B00004E000206FE700F8016B491CE268521EBB
:10A8C0008A42F8D87D2101704770E068401EE06040
:10A8D000012060E7006900F001B800002DE9F047B1
:10A8E00005460A460024002A02D025B1294622E066
:10A8F0000020BDE8F08703211046F4F765FC20B185
:10A9000042A1E7F75BFC0120F3E70020F1E70C2808
:10A9100028D006DC082825D0092823D00A2806D10B
:10A9200020E00D281ED022281CD05C281AD0202818
:10A9300000D2641D491C08780028E8D1481B07197B
:10A94000F91C1046F4F740FC064630000CD04FF0DE
:10A9500000094FF022084CB186F80080741C4FF0BB
:10A960005C0A33E0641CE5E70020C2E786F800805B
:10A970003A462946701CE7F7C3FBF01980F80180BE
:10A9800080F802900120B4E71F2805D9222803D0BF
:10A990005C2801D0207017E004F801AB2A780C2A5B
:10A9A00027D006DC082A21D0092A2BD00A2A06D172
:10A9B00022E00D2A23D0222A15D05C2A10D014A11F
:10A9C0002046E8F72DFF241D6D1C641C2878002804
:10A9D000DAD1F01980F8018080F80290012088E730
:10A9E00084F800A0F0E784F80080EDE76220207092
:10A9F000EAE766202070E7E76E202070E4E7722027
:10AA00002070E1E774202070DEE7000022220000C1
:10AA1000752530347800000070B504460D46002CD2
:10AA20000DD065B1207B102851D00ADC01281CD044
:10AA3000022826D004280CD0082808D12DE00020B8
:10AA400070BD202849D040284DD080282BD0002030
:10AA500070BD05212846F4F7B7FB20B125A1E7F723
:10AA6000ADFB012070BD002070BD06212846F4F723
:10AA7000ABFB20B121A1E7F7A1FB012070BD0020B5
:10AA800070BD05212846F4F79FFB20B11DA1E7F713
:10AA900095FB012070BD002070BD29462046BDE811
:10AAA0007040FFF7CFBD206968B1E7F765FB461C32
:10AAB00031462846F4F788FB38B132462169E7F77A
:10AAC0001FFB012070BD002070BD002070BD294615
:10AAD0002046BDE87040FFF7FDBE29462046BDE890
:10AAE0007040FFF75EBD29462046BDE87040FFF785
:10AAF00047BE00006E756C6C0000000066616C73F0
:10AB000065000000747275650000000070B50125D5
:10AB10000024074E56F8241019B1096809B1884776
:10AB200020B1641C102CF5D3284670BD0025FBE72E
:10AB3000249B00300249014808607047A537003067
:10AB4000A026800010B505480078002802D0EAF75A
:10AB5000E0D910BDEAF7C7D910BD000080910030E0
:10AB600070B506460D461446EAF720FE102C02D2B8
:10AB7000681E022801D9102070BD044840F82460E6
:10AB8000204480F84050204670BD0000249B0030D7
:10AB9000102803D2024A002142F82010704700001A
:10ABA000249B003010B5002408480068C00600D57A
:10ABB000012400F073FDEDF745DE00F06FFD48F471
:10ABC000BBD32046BDE8104000F044BD589400308F
:10ABD0002DE9FC4700250024DFF85080DFF850A065
:10ABE000144EE946D8F8340205EB106512A003C8EC
:10ABF000CDE90001DAF8000000F0070019F80000C4
:10AC000000EB80004700F8F77BFA70687168091A5A
:10AC1000B942FBD3F8F758FA641C0A2CE2DB0A208D
:10AC2000B5FBF0F0C0B2BDE8FC87000000E000A07A
:10AC300004C500A0001000E04030101810200000F3
:10AC400070B504460D46164628682168002B03D0CF
:10AC50003246F4F7EBF802E03246F8F751FB286889
:10AC60003044286020683044206070BD014A506044
:10AC70001180704728910030014A5061518070471F
:10AC800008910030014A50601180704730910030C7
:10AC90002DE9F04387B00F4690469946002506956A
:10ACA000A0F108060324022206A93046F4F7D8F8DA
:10ACB000022803D0641E14F0FF04F4D1022812D03D
:10ACC0001B488169407A40F26932CDE90020029147
:10ACD000184B19A24FF400410020EDF703DD0920C5
:10ACE00007B0BDE8F083082204A93046F4F79EF8C7
:10ACF000BDF812005AF460D5C0B21B4A516871B158
:10AD0000BDF812300830194408445060384603F04A
:10AD1000CFF84A4641463846EBF7E6FBE0E7117AC2
:10AD2000BDF812301944084450601572EEE7000077
:10AD3000641F8000EE0C0201523A353A25732C2034
:10AD40004C256420666C617368207374617465209F
:10AD50003078253032582C206572726F722030782E
:10AD6000253038580D0A0000D8328000104A1049AA
:10AD70004832282808DD086840F4C0500860106890
:10AD800040F4706010607047002808DD086820F407
:10AD9000C0500860106840F4706010607047086828
:10ADA00040F4C0500860106840F470601060704754
:10ADB0000CC500A01048C16A21F00051C162C16AEF
:10ADC00021F40051C162C16A21F08051C162C16A9F
:10ADD00021F48051C162C16A41F40051C162C16A6B
:10ADE00021F40051C162C16A41F48051C162C16A5B
:10ADF00021F48051C1627047002001B010B55EF4AB
:10AE0000ABD3BDE810405EF4FB9310B55DF424D7DE
:10AE1000022804D0BDE8104001205EF4E79610BD82
:10AE200010B53C480168C1F38011002904D00168C5
:10AE3000C1F3C01100296CD1016841F400710160B7
:10AE4000016841F080010160016821F40071016036
:10AE5000016841F040010160016821F480710160E6
:10AE60002C4960310A6822F04C6242F04C620A6060
:10AE7000091D0A6822F04C6242F008620A60254906
:10AE80007C310A68C2F34002002AFAD1214B0A221F
:10AE900080331A600A6842F001020A600A68C2F34D
:10AEA0004002002AFAD1016821F4006101600168C2
:10AEB00021F480510160016841F400610160016882
:10AEC00041F480510160012060F499D6EFF31081C4
:10AED000012080F310880F483C30026822F4802261
:10AEE000026081F31088EFF31081012282F3108851
:10AEF000026822F48032026081F31088EFF310813F
:10AF0000012282F31088026822F40032026081F389
:10AF1000108810BD04C500A0044903480860054915
:10AF20000348086070470000B9AF01017823800032
:10AF3000AB7E80007C23800038B500240020009088
:10AF4000684602F03FFC9DF800001849022823D013
:10AF5000052821D006281FD007281DD005200870FD
:10AF60000978134A0B39105D8B2801D90844105514
:10AF7000641CE4B2282CF6D3F3F706F80D4970B13F
:10AF80000878C01C0870087BC01C087391F8270063
:10AF9000C01D81F8270006E00B200870E0E711F8DB
:10AFA000270F401D08705EF42FD438BD289500305F
:10AFB0003C3480001434800010B5044620465EF412
:10AFC0004BD3EEF7D5FC5EF413D41048016841F082
:10AFD0000C0101600E4BA02240F6D81140F638104B
:10AFE000F4F76CF900F01AF85EF4D2D45EF426D3CC
:10AFF0005EF414D6074860610748A061ECF747DFAC
:10B00000FFF79AFFBDE81040ECF7209F842001B0C5
:10B01000E45801303DB20101CDB101012DE9F04309
:10B020002DED028BA9B000250026A02101A8E7F78D
:10B0300080F83C48016821F4C07141F08001016052
:10B04000416821F480514160002400205EF4AAD2BE
:10B05000FFF7D4FEF6F722FF01900198064427205F
:10B060005EF4A0D2FFF7CAFEF6F718FF2890019908
:10B070002898401A0544641C072CE6DB2846E7F7AD
:10B08000DCFD9FED298B53EC182BE7F756FD41ECC7
:10B09000100BE8F789FD51EC100BE7F71CFE044696
:10B0A0003046E7F7CAFD53EC182BE7F746FD41ECB5
:10B0B000100BE8F779FD51EC100BE7F70CFE054695
:10B0C00000200090684602F06DFB0020184FDFF86A
:10B0D00064C0DFF86480194A01AB272600FB04F145
:10B0E000B1FBF6F1294443F82010B7FBF1F90CF855
:10B0F0000090B8FBF1F19DF800904944C9B2115499
:10B10000802901D90B311154401CC0B22828E5D345
:10B11000FFF750FE0A490520086029B0BDEC028BFC
:10B12000BDE8F083802001B00000000000001C405A
:10B1300000C0A832143480000080D7253C34800041
:10B1400000CD00A000B5F2F71FFF002806D005498A
:10B150000348086005490448C1F8840000BD0000A8
:10B1600088000280AC1101B0CF100C47002001B064
:10B17000012801D1192902D0022804D005E01D20A0
:10B1800010700E487047192902D0012804D005E03C
:10B19000102010700A487047642902D0022804D099
:10B1A00005E01520107007487047642902D0002080
:10B1B000107070470E201070034870476012020133
:10B1C000E8DA070028DB07007CDB070038B5044617
:10B1D0005EF442D505465EF4CFD3C1B26A4668B28A
:10B1E000FFF7C6FF70B11149097811B1104991F903
:10B1F000004000210F4AB2F9002002EB84039DF8C1
:10B20000002008E00C48007838BD30F921409C420D
:10B2100003DA491CC9B29142F7D3521E914200D3BE
:10B220001146C9B200EB8100807838BDFB23800055
:10B23000FA23800000248000F8238000F8B505463A
:10B2400000245EF409D506465EF496D3C1B26A4680
:10B2500070B2FFF78DFF1349097819B1124890F9C0
:10B260000000F8BD00219DF8002016E000EB8103EE
:10B270009B78AB420FD130F92100C11700EB9170E0
:10B2800081100A48B0F90000C21700EB9270A1EBE0
:10B29000A00044B203E0491CC9B29142E6D3204663
:10B2A000F8BD0000FB238000FA238000002480000A
:10B2B00011B583B00020029002210191BDF80C204D
:10B2C0004CF2B104002A03D003AA2046FDF74AFE3F
:10B2D00002AA01A92046FDF70FFD78B14FF48020A6
:10B2E0000B490A680B4B1A4002430A6008680A4976
:10B2F000C0F388200880E9F703DD1FBD9DF8080032
:10B300009DF8091040EA0120044901EA8020E7E79E
:10B3100038C500A0FF03F8FF28930030FFFF0700A7
:10B3200010B500290FD070B16AB1EFF3108301247A
:10B3300084F310880260416000218160C16083F362
:10B340001088012010BD002010BD10B50C4600F083
:10B350005FF8844201D3012010BD002010BD0028F9
:10B360000AD0EFF31083012181F310888168C2684D
:10B370008A4203D8881A04E0002070470068801AC7
:10B38000084483F3108870472DE9F04705468A4644
:10B390004FF00008EFF31089012080F31088AF68A8
:10B3A000EE68002D2ED0696861B3BAF1000F29D084
:10B3B000B74204D3BC1BA2420DD814460BE0286848
:10B3C000831BDC19A24200D814463219824202D3F0
:10B3D000A219A2EB0008A4EB080231445046E6F79C
:10B3E0008FFE0AEB0400A0EB080042466968E6F70E
:10B3F00087FE30192968814202D8B84200D9401A24
:10B40000E86000E0002489F310882046BDE8F0875A
:10B4100010B501460020EFF31084012282F310885A
:10B420008A68CB68002908D0934202D9981A401E36
:10B4300003E00868801A1844401E84F3108810BD89
:10B440002DE9F047044689460027EFF310880120D4
:10B4500080F31088A668E068002C2AD0636843B3A4
:10B46000B9F1000F25D0B04205D9851B6D1EAA4247
:10B470000CD815460AE021688D1B05446D1EAA42B2
:10B4800000D815467019884200D3471AEA1B98194C
:10B490004946E6F735FE09EB0500C11B3A466068F0
:10B4A000E6F72EFE70192168814200D8401AA0608C
:10B4B00000E0002588F310882846BDE8F0870000EA
:10B4C0002DE9F04F2DED028B85B00026B146002707
:10B4D00057480068C0F30060564C574D002818D0FC
:10B4E000FAF708FAB0F5967F7DD3206820B1686836
:10B4F0005249C043884276D3EFF310800490012074
:10B5000080F310884FF0000A00200390206818B1E3
:10B510000BE04FF00109EFE701264948D0F800A001
:10B520004AF08071016028680390B9F1000F34D0AF
:10B530004FF47A783E483830C0F800803C4C2068A0
:10B5400040F000702060FAF7D5F94045FBD1206843
:10B5500040F0807020603BA003C8CDE90101344871
:10B560005438006801A900F00700095C642011FB51
:10B5700000F1DFF8CCC0DCF8003043F08070CCF88C
:10B5800000002C6844F00100286068686A68121A9C
:10B590008A42FBD32C60CCF8003000244EB12868DE
:10B5A00020F00100286000206860286840F0010059
:10B5B0002860FAF79FF98046D5F804B0FAF79AF9AF
:10B5C000A8EB00006428F9D96868A0EB0B000744D9
:10B5D000641CA4B2002CE1D026B10398286018485E
:10B5E000C0F800A000E01EE0B9F1000F04D0104840
:10B5F000016821F080710160049880F3108838465A
:10B60000E7F71BFB41EC180B104864210068A0FB16
:10B610000101E7F71FFB53EC182BE7F78EFAE7F76A
:10B620005AFB0B49886005B0BDEC028BBDE8F08F7A
:10B6300058C500A050910030001000E000350C000B
:10B64000FCED00E0403010181020000008890030A8
:10B650006091003001281CD10E48416821F00101A1
:10B660004160C16821F00071C160016821F00101F1
:10B670000160C16821F08071C160EFF31080012189
:10B6800081F3108804490A6842F010020A6080F3CE
:10B6900010887047A0E200A05894003010B58EB01A
:10B6A00000240D94134890E80E00C068CDE90A23E9
:10B6B00009910C90202101A8E6F73BFD0E4801906E
:10B6C00005944FF480500290C01003900420049021
:10B6D00001A8F7F7DFFF01A8F8F7C4F80DAA09A938
:10B6E00001A8F8F723F801A8F7F7D4FF0D980EB0DA
:10B6F00010BD0000D4120201007801A002490148E7
:10B7000008607047C57980000005800030B591B0B1
:10B7100065A16622CDE900215FA002906A4B6BA271
:10B7200072A10220E9F7ACFEF1F74EFD04462000BD
:10B7300001D070A000E070A057A170A26A23CDE9EB
:10B740000032CDE90210604B60A268A10220E9F747
:10B7500097FE0FA8F1F7FEFD05460DB165A000E0CC
:10B7600065A04DA16BA26F23CDE90032CDE9021097
:10B77000554B56A25DA10220E9F782FE002D20D094
:10B780009DF840009DF843109DF842209DF84130FF
:10B79000CDE90632CDE90810BDF83C209DF83F0008
:10B7A0009DF83E10CDE904103BA362A07221CDE9C3
:10B7B0000232CDE90010444B44A24CA10220E9F72B
:10B7C0005FFE0BA8F1F726FC05460DB149A000E08D
:10B7D00049A031A166A27A23CDE90032CDE9021059
:10B7E000394B3AA241A10220E9F74AFE8DB10BA8DC
:10B7F000E6F7C2FC28A266A3CDE901320BA9CDE988
:10B8000003107D200090304B30A238A10220E9F7D0
:10B8100037FE002C31D167A18222CDE900211EA084
:10B820000290294B29A231A10220E9F729FEF2F763
:10B83000DBF808B167A000E068A017A169A2842323
:10B84000CDE90032CDE902101F4B20A227A1022032
:10B85000E9F716FEF1F7B8FC08B126A000E026A033
:10B860000DA166A28823CDE90032CDE90210164B66
:10B8700016A21EA10220E9F703FE67A18B22CDE9E3
:10B88000002105A00290104B10A218A10220E9F798
:10B89000F7FD11B030BD00005B34475F50524F548C
:10B8A0004F434F4C5D0000002573203D3D3D20522D
:10B8B0005443204465627567205465737420537443
:10B8C000617274203D3D3D00EC0302012E2E5C535D
:10B8D00072635C757365725C626C655F34675F7020
:10B8E000726F746F636F6C2E630000004E4F5F5475
:10B8F00041470000594553004E4F00002573205228
:10B9000054432069732072756E6E696E673A202504
:10B91000730000002573205261772074696D6520E3
:10B920007265616420737563636573733A20257370
:10B93000000000002573205261772074696D653A1C
:10B9400020253034642D253032642D25303264209A
:10B95000253032643A253032643A2530326420286A
:10B960007765656B6461793A2025642900000000E1
:10B97000257320466F726D61747465642074696DFF
:10B980006520737563636573733A20257300000047
:10B99000257320466F726D61747465642074696DDF
:10B9A000653A20257320286C656E6774683A2025F7
:10B9B00064290000257320417474656D7074696E8C
:10B9C0006720746F207374617274205254432E2E5A
:10B9D0002E00000053554343455353004641494C04
:10B9E00045440000257320525443207374617274DF
:10B9F00020726573756C743A20257300257320528C
:10BA00005443206973206E6F772072756E6E696E75
:10BA1000673A2025730000002573203D3D3D2052EC
:10BA20005443204465627567205465737420456EE5
:10BA300064203D3D3D00000000214FF03040026891
:10BA400042F080720260026842F0007202600348B5
:10BA5000C288521CC2804170704700005C94003064
:10BA60000249014808607047B35780008023800076
:10BA70002DE9FE4326484FF4A071C1604FF03046D7
:10BA8000306820F4807030600020224FE84600EBE0
:10BA9000800107EB8101B1F86C18C1F30E0128F8A1
:10BAA0001010401CC0B20628F1D30120316860F3A9
:10BAB000DF7131603068C00F0028FBD10024A1463F
:10BAC00038F81450E80B04D0552213491348ECF70A
:10BAD00003DE09EB890007EB8000B0F86C186FF308
:10BAE0000E012943A0F86C18641CE4B2062CE6D3BE
:10BAF0000120E9F739DB0A48F060306840F48070D3
:10BB0000306000F093F8BDE8FE4338F4059400007F
:10BB10005C940030008000B0501F0201141F02012D
:10BB20007E00010005490448086006490448086091
:10BB300005485FF40B970000597D80008024800049
:10BB40008D7A80006824800000C2EB0B074906480C
:10BB5000086008490648086008490748086009491C
:10BB600007480860EDF726BFD5CD0001802480008E
:10BB700063798000682480008F79800080238000B2
:10BB8000797980009C2380000B461178002901D030
:10BB9000903100E00021C9B229B10A4BFF2283F89D
:10BBA0007820ECF73F9E42F241018B4202D1012105
:10BBB000F5F790BAA3F50051423901D1ECF7329E66
:10BBC00070470000000E80000449002008800549ED
:10BBD000034808600549044808607047B2068000C1
:10BBE00035568000D406800019548000D8068000A5
:10BBF0000749064808600849064808600849074898
:10BC00008860094907480860704700008353800036
:10BC100004078000E95180000C078000C96E000114
:10BC2000B41A800035518000080780002DE9F041EA
:10BC3000154E96F8004100271BE0144800EB041055
:10BC4000028822F0380242F030020280491E86F853
:10BC5000021106EB04156B682BB1287B18B1042286
:10BC6000A968286898472F73641C04F00F0486F8AD
:10BC7000004196F802110029DFD105490888401CCF
:10BC80000880BDE8F0810000C01A8000008000B08C
:10BC9000E8068000002804D0012210210320E9F7E3
:10BCA00087BB002210210320E9F782BB1CB50548A1
:10BCB000C1688068CDE9000169460320E9F786FA8A
:10BCC0001CBD00000C0C02011CB5044803C8CDE9E2
:10BCD000000169460320E9F779FA1CBD0C0C02014A
:10BCE00010B520210320E9F72FFB012801D0002007
:10BCF00010BD012010BD002804D001222021032006
:10BD0000E9F756BB002220210320E9F751BB0000D0
:10BD1000014600200A2906D2044A32F83110A1F562
:10BD20007F42FF3A00D10320704700002A2780009D
:10BD30007FB5002000900190029003900024124DE6
:10BD4000124E05EB0410D0E905230169C0698DE8A6
:10BD50000E0003900198B04212D20D490398884218
:10BD600005D1DDE901020099E6F7CAF908E00849C2
:10BD700003981C31884203D1DDE90101E6F7D9F9C6
:10BD8000641C032CDDD37FBD80E9070000408000E8
:10BD9000042D06000020084940F6154231F83030E5
:10BDA000934204D101EBC000044A42607047401C3A
:10BDB000C0B20428F2D3704708238000311C01016F
:10BDC00030B5ADB0104DC0EB001000EB400428685A
:10BDD00000EB840050F8011F2B918188ADF8B01062
:10BDE00080798DF8B20069462BA849F465D5296899
:10BDF00001EB8401097AC90703D010B101202DB0ED
:10BE000030BD0020FBE70000E8238000F8B50C46B9
:10BE1000154EC0EB001202EB42053168034601EB00
:10BE2000850112A2097A009120210020ECF75ADC4A
:10BE3000306800EB8500017AC90713D0417A890781
:10BE400007D550F82B1F21608188A1808079A071CF
:10BE500006E050F8011F21608188A1808079A071DF
:10BE60000120F8BD0020F8BDE8238000523A323AA4
:10BE7000636865636B20626F6E6420636F6E6469D4
:10BE800078203D2025642C2061757468203D202594
:10BE9000640A000070B58AB005461646002902D033
:10BEA0006031CCB200E00C46FF2228216846E6F75C
:10BEB00039F940F20170ADF80000ADF802408DF89C
:10BEC00004508DF805606846EDF786FD0AB070BD38
:10BED00030B58BB004460D46FF22282101A8E6F7B5
:10BEE00021F94FF4E062ADF804200022ADF80620FD
:10BEF0008DF80840212229460DF10900E6F700F9E6
:10BF000001A8EDF769FD0BB030BD00002DE9F04749
:10BF10000E46994661A220210020ECF7E3DB4FEAB0
:10BF2000192812234B22494640F618604FF402D5D7
:10BF3000044620001CD0002020705D4D6870601CFD
:10BF400068601030A8604046F0F77AFE69784FEAE2
:10BF50001920C0EB0010DFF85C91012700EB4005D1
:10BF600049B155A220210020ECF7BCDB277071E01D
:10BF70000020BDE8F087D9F8000010F8251001294D
:10BF800041D100EB8500407AC0073CD040464CF4DC
:10BF900017D7000712D54EA220210020ECF7A2DB14
:10BFA0002770D9F8001001EB850191F868006074E2
:10BFB0004E311022601CE6F7A3F824E0D9F80010F7
:10BFC000082201EB85004430B11CE6F7EAF8D0B94D
:10BFD000D9F8001001EB85003188B0F842008842A2
:10BFE00011D141A220210020ECF77CDB2770D9F889
:10BFF000001001EB850191F84C0060743231102281
:10C00000601CE6F77DF8207820BB3DA220210020AF
:10C01000ECF768DBD9F8001001EB8500401CF3F762
:10C0200027FA0646DFF8F0A09AF80000B04211D9CE
:10C030003AA220210020ECF755DB277006EBC60062
:10C040000AEB800191F8240060740A311022601C10
:10C05000E6F756F820464FF4B3D42078B8B9D9F8AB
:10C06000000010F82510A1B100EB8500407AC00750
:10C0700011D00224002054F403D13048006820B1CC
:10C08000C26812B121464046904754F42FD1002097
:10C090006FE70024EEE70124ECE70000523A323A61
:10C0A000726376206C746B207265710A0000000068
:10C0B0006C910030E8238000523A323A6765742070
:10C0C0006C746B2066726F6D206170700A000000E6
:10C0D000523A323A73632066696E64206D6174630C
:10C0E00068206C746B0A0000523A323A6C65206624
:10C0F000696E64206D61746368206C746B0A000063
:10C10000523A323A66696E64206C746B20747279AC
:10C1100020616761696E0A00D4550130523A323AA3
:10C1200066696E64206C746B2073756363657373EA
:10C130002062792072657472790A0000EC23800015
:10C1400030B58BB004460D46FF22282101A8E5F743
:10C15000E9FF40F20472ADF804200022ADF8062099
:10C160008DF808408DF8095001A8EDF735FC0BB0AB
:10C1700030BD30B58BB004460D46FF22282101A802
:10C18000E5F7D0FF40F20372ADF804200022ADF8CD
:10C1900006208DF808408DF8095001A8EDF71CFC29
:10C1A0000BB030BD2DE9F0418CB01F0A0D78002492
:10C1B0002B462EA220210020ECF794DADFF8C8806D
:10C1C000C7EB071000EB4006D8F8001011F8260066
:10C1D000012808D101EB8600407AC00703D0384619
:10C1E000FFF7EEFD28B101243CB338465EF418D6C3
:10C1F00038E0D8F8000000EB8601087A25EA000054
:10C20000C207224804D0C27842F00102C270012461
:10C210000A7A520706D46A0704D5C27842F00402AB
:10C22000C2700124097A0907DED42907DCD5C17858
:10C2300041F00801C1700124D6E7D8F800001022AF
:10C2400000EB86014E310C460C316846E5F758FF8D
:10C2500021461C2205A8E5F753FF05A938460EC95B
:10C260005EF46ED00CB00020BDE8F081523A323A54
:10C2700072637620736563207265712061757468DE
:10C28000203D2025640A0000E8238000F023800080
:10C290001FB50446002C1BD0D1B118A240F22113C7
:10C2A000CDE9003211A0CDE90201184B18A220A15E
:10C2B0000220E9F7E5F8204601F0CCFF2046E7F739
:10C2C00019FC04B04FF49670BDE810405FF49294EE
:10C2D00019A140F21D12CDE9002104A002900B4BE0
:10C2E0000BA213A10020E9F7CBF81FBD5B34475F19
:10C2F00050524F544F434F4C5D0000002573205364
:10C30000656E64696E672025730000001B040201DE
:10C310002E2E5C5372635C757365725C626C655F34
:10C3200034675F70726F746F636F6C2E6300000010
:10C330004E4F5F5441470000257320496E76616C73
:10C34000696420706172616D657465727320666FD7
:10C3500072204A534F4E2073656E640030B591B021
:10C36000524840F2CD22CDE900204CA10291504B21
:10C3700050A258A10220E9F783F808A8ECF7EAF8E0
:10C3800000287CD0242208A95448E5F7B9FE04A867
:10C39000F5F798FD002819D050480F22113004A954
:10C3A0000446E5F7DDFE4D4A002182F820104CA13D
:10C3B00040F2DD2239A0CDE90021CDE902043C4B59
:10C3C0003CA244A10220E9F75BF80CE04FA140F247
:10C3D000DF22CDE9002131A00290354B35A23DA1ED
:10C3E0000120E9F74DF803F085F9554C3B490A2542
:10C3F0006078F0310A2823D2A078242200EBC00014
:10C4000001EB8000F039E5F77BFEA078401CB0FB23
:10C41000F5F105FB1100A0706078401CC0B260709F
:10C42000484A1EA140F2EE23CDE90032CDE90210C8
:10C430001F4B20A227A10220E9F722F811B030BD3E
:10C44000A078242200EBC00001EB80002349E5F72F
:10C4500057FEA078401CB0FBF5F105FB1100A07061
:10C4600039494FF43E72CDE900210CA00290104BE7
:10C4700010A218A10220E9F703F8DFE7FFE733A1D4
:10C4800040F2FD22CDE9002104A00290084B09A250
:10C4900010A10020E8F7F4FFD0E700005B34475F0D
:10C4A00050524F544F434F4C5D000000B81E0201E4
:10C4B000570502012E2E5C5372635C757365725CC6
:10C4C000626C655F34675F70726F746F636F6C2E40
:10C4D000630000004E4F5F5441470000A84F0130F9
:10C4E000257320436F6C6C656374696F6E2074698B
:10C4F0006D65723A2074696D657374616D70207535
:10C500007064617465643A202573000025732043CC
:10C510006F6C6C656374696F6E2074696D65723AD7
:10C52000206661696C656420746F206765742052B1
:10C5300054432074696D657374616D700000000070
:10C54000F0900030581D0201F41C020125732046B2
:10C5500061696C656420746F20636F6C6C656374D3
:10C560002073656E736F72206461746120776974E3
:10C570006820706F776572206D616E6167656D65AB
:10C580006E7400000149002088737047004C013030
:10C5900010B500280AD007498A7B4AB191E81C00EF
:10C5A000C96880E81C00C160012010BD002010BDDA
:10C5B000002010BD004C0130F0B591B006460D468C
:10C5C0001446002E05D024B11D2D04D2032011B035
:10C5D000F0BD0120FBE7701910F8021C0D2903D1F2
:10C5E00010F8010C0A2801D00120F0E7402101A831
:10C5F000E5F79FFDAA1E314601A8E5F781FD01A9D7
:10C600002944002001F8020C6A4634A101A8E5F78C
:10C6100021FE0546002D51D02846E5F7ADFD81B23B
:10C620002846FDF7B7F984ED000A01276A462BA1D9
:10C630000020E5F70FFE0546F5B32846E5F79CFD1B
:10C6400081B22846FDF7A6F984ED010A6A4623A1C6
:10C650000020E5F7FFFD05467DB32846E5F78CFD94
:10C6600081B22846FDF7E9F9A0606A461BA10020C7
:10C67000E5F7F0FD05463DB32846E5F77DFD81B2BF
:10C680002846FDF7C4F920736A4614A10020E5F797
:10C69000E1FD0546D5B12846E5F76EFD81B2284695
:10C6A000FDF7B5F9607319213046F1F72CFC617B79
:10C6B00081420DD002208AE702E003E0012086E7F4
:10C6C000012084E7012082E7012080E701207EE746
:10C6D000A7731ECC02481EC0002078E7200000008F
:10C6E000004C013030B593B01C221DA10CA8E5F719
:10C6F00007FD19210CA8F1F706FC04461C221FA116
:10C7000005A8E5F7FDFC192105A8F1F7FCFB054696
:10C7100021A040F20D11CDE90010254B25A22EA13C
:10C720000220E8F7ADFE2EA0CDE901044FF4877199
:10C7300000911F4B1FA2039427A10220E8F7A0FE3F
:10C7400033A0CDE9010540F20F110091184B19A259
:10C75000039521A10220E8F793FE13B030BD00003D
:10C760002B3031372E3332202B32342E35203030DF
:10C770003030303030203539200000002B3030335D
:10C780002E3237202D30372E3320303030303030BD
:10C790003020303020000000436865636B73756D96
:10C7A000205465737420526573756C74733A00007D
:10C7B0009D0102012E2E5C5372635C757365725C81
:10C7C00073656E736F725F646174615F70617273C1
:10C7D00065722E63000000004E4F5F544147000019
:10C7E00054657374313A2045787065637465643DAF
:10C7F00030783338283536292C2043616C63756CCA
:10C80000617465643D3078253032582825642900EC
:10C8100054657374323A2045787065637465643D7D
:10C8200030783334283532292C2043616C63756CA1
:10C83000617465643D3078253032582825642900BC
:10C840000348017A002901D0007870470120704721
:10C8500000520130FFF796BE08B5034800906846C5
:10C86000F6F7E2F908BD0000852C010110B50023A0
:10C87000002201090404A4EB015444EA0151174CBD
:10C880002160B0F5146F26D0B0F5156F23D0B0F548
:10C89000166F20D0B0F5176F1DD0B0F5186F1AD0F5
:10C8A000B0F5196F17D0B0F51A6F14D0B0F51B6F33
:10C8B00011D0B0F51C6F0ED0B0F51D6F0BD001225A
:10C8C00002EBC3000549E030091F08600349082056
:10C8D0001C39086010BD0123F2E700001CCD00A048
:10C8E00010B50020054A4FF48273002102E0545C29
:10C8F0002044491C9942FAD310BD00000C5201306B
:10C90000014890ED010A70470C5201300148B0F91E
:10C91000080070470C5201300148B0F90A00704716
:10C920000C5201300EB500F097F800281CD000F032
:10C9300049FC68B11EA15C22CDE9002118A002903B
:10C94000234B24A22AA10220E8F79AFD01200EBD64
:10C9500029A15F22CDE9002111A002901C4B1DA24C
:10C9600023A10120E8F78CFD4FF484722E492F4853
:10C97000E5F7C6FBFFF7B4FF2C49C1F8040100F04E
:10C98000DBF858B12AA16922CDE9002104A0029068
:10C990000F4B10A216A10220E8F772FD01200EBD78
:10C9A0005348415245445F504152414D53000000AD
:10C9B000257320506172616D6574657273206C6FB0
:10C9C000616465642066726F6D20466C61736800F7
:10C9D000BB0A02012E2E5C5372635C757365725C38
:10C9E0007368617265645F706172616D732E63005C
:10C9F0004E4F5F5441470000257320496E76616CAD
:10CA0000696420706172616D657465727320696E0E
:10CA100020466C6173682C207573696E67206465AD
:10CA20006661756C747300009C0902010C52013040
:10CA300025732044656661756C7420706172616D48
:10CA4000657465727320736176656420746F204627
:10CA50006C6173680000000010B586B04FF48474F8
:10CA6000224612492004F6F74BFCA04210D0CDE933
:10CA700003040FA112A2CDE90121932000901C4BC9
:10CA80001CA223A10020E8F7FBFC002006B010BD8B
:10CA900021A19722CDE9002105A00290144B15A2F7
:10CAA0001BA10220E8F7ECFC0120EFE70C5201305B
:10CAB0005348415245445F504152414D530000009C
:10CAC0002573204661696C656420746F207265610E
:10CAD0006420666C6173683A20726561643D256408
:10CAE0002C2065787065637465643D2564000000E2
:10CAF000EA0A02012E2E5C5372635C757365725CE8
:10CB00007368617265645F706172616D732E63003A
:10CB10004E4F5F5441470000257320506172616D94
:10CB20006574657273206C6F616465642066726FF2
:10CB30006D20466C6173680070B586B0FFF7D0FE5B
:10CB4000214DC5F804014FF4847426042146304673
:10CB5000F6F796FB002817D0224629463046F6F70E
:10CB6000DFFBA0421ED0CDE9030418A11BA2CDE932
:10CB7000012181200090264B26A22DA10020E8F75C
:10CB80007FFC002006B070BD2BA17922CDE90021E9
:10CB90000EA002901E4B1FA225A10020E8F770FCFA
:10CBA0000020EFE7D5F8040108A12AA28523CDE9EA
:10CBB0000032CDE90210164B16A21DA10220E8F7A3
:10CBC0005FFC0120DEE700000C5201305348415267
:10CBD00045445F504152414D5300000025732046AB
:10CBE00061696C656420746F207772697465206672
:10CBF0006C6173683A207772697474656E3D256460
:10CC00002C2065787065637465643D2564000000C0
:10CC1000CE0A02012E2E5C5372635C757365725CE2
:10CC20007368617265645F706172616D732E630019
:10CC30004E4F5F54414700002573204661696C6583
:10CC40006420746F20657261736520666C6173681F
:10CC500000000000257320506172616D657465727B
:10CC60007320736176656420746F20466C6173680D
:10CC70002028636865636B73756D3A2030782530C2
:10CC80003858290001B584B0BDF81000411EB1F537
:10CC9000B46F0FD312A116A2B423CDE90032CDE9AF
:10CCA00002101E4B1EA225A10020E8F7E9FB002080
:10CCB00005B000BD2349088009A123A2BA23CDE90C
:10CCC0000032CDE90210154B15A21CA10220E8F795
:10CCD000D7FB04A90120FBF777FFFFF72DFFE7E75C
:10CCE0005348415245445F504152414D530000006A
:10CCF000257320496E76616C696420636F6C6C6586
:10CD000063742074696D653A202564202872616E11
:10CD100067653A20312D313434302900280B020167
:10CD20002E2E5C5372635C757365725C73686172FE
:10CD300065645F706172616D732E63004E4F5F5466
:10CD4000414700000C520130257320536574206365
:10CD50006F6C6C6563742074696D653A202564207E
:10CD60006D696E757465730030B52DED028B8BB0F7
:10CD7000F0EE408AB0EE608A1548C0ED068A80ED7C
:10CD8000078A18EE100AE5F7BFFF04460D4618EEB5
:10CD9000900AE5F7B9FF04AA1D4B33C211A14FF465
:10CDA0009472CDE900210BA002901AA220A10220CA
:10CDB000E8F766FBCDED098A8DED0A8A09A90720FF
:10CDC000FBF702FFFFF7B8FE0BB0BDEC028B30BDE6
:10CDD0000C5201305348415245445F504152414D3D
:10CDE0005300000025732053657420696E737461CD
:10CDF0006C6C206C6F636174696F6E3A206C617447
:10CE00003D252E36662C206C6F6E3D252E36660035
:10CE1000E80B02012E2E5C5372635C757365725CC5
:10CE20007368617265645F706172616D732E630017
:10CE30004E4F5F544147000000B52DED020B87B007
:10CE40009DED070AB5EEC00AF1EE10FA04D310EE1C
:10CE5000100A1A49884214DD10EE100AE5F754FF53
:10CE6000CDE904011AA1DC22CDE9002114A0029031
:10CE7000244B25A22BA10020E8F702FB002009B0DB
:10CE800000BD2A4880ED010A10EE100AE5F73CFFCC
:10CE9000CDE9040126A1E222CDE9002108A00290FB
:10CEA000184B19A21FA10220E8F7EAFA07A90320EC
:10CEB000FBF78AFEFFF740FEE1E700000000C842F2
:10CEC0005348415245445F504152414D5300000088
:10CED000257320496E76616C6964206D65746861A4
:10CEE0006E65207468726573686F6C643A20252ED5
:10CEF0003266202872616E67653A20302D313030FD
:10CF000029000000650B02012E2E5C5372635C75D4
:10CF10007365725C7368617265645F706172616D84
:10CF2000732E63004E4F5F54414700000C52013096
:10CF3000257320536574206D657468616E65207477
:10CF400068726573686F6C643A20252E32662525F9
:10CF5000766F6C0030B587B004460D46AC420FDCEE
:10CF600002AA15A031C218A1F02001910090214B16
:10CF700021A228A10020E8F783FA002007B030BDE5
:10CF800026480481458102AA0BA031C224A1F720C2
:10CF900001910090174B18A21EA10220E8F770FA29
:10CFA000ADF81840ADF81A5006A90420FBF70CFEA6
:10CFB000FFF7C2FDE2E700005348415245445F508D
:10CFC0004152414D53000000257320496E76616C3B
:10CFD00069642074656D70207468726573686F6C25
:10CFE00064733A20686967683D25642C206C6F770C
:10CFF0003D256400890B02012E2E5C5372635C7523
:10D000007365725C7368617265645F706172616D93
:10D01000732E63004E4F5F54414700000C520130A5
:10D020002573205365742074656D70207468726573
:10D0300073686F6C64733A20686967683D2564C2E1
:10D04000B0432C206C6F773D2564C2B043000000D4
:10D0500001B584B0BDF81000411EB1F5B46F0FD317
:10D0600012A116A2C823CDE90032CDE902101E4B51
:10D070001EA225A10020E8F703FA002005B000BD9C
:10D080002349488009A123A2CE23CDE90032CDE96E
:10D090000210154B15A21CA10220E8F7F1F904A912
:10D0A0000220FBF791FDFFF747FDE7E753484152A8
:10D0B00045445F504152414D5300000025732049C3
:10D0C0006E76616C69642075706461746520746942
:10D0D0006D653A202564202872616E67653A2031BB
:10D0E0002D31343430290000470B02012E2E5C53C1
:10D0F00072635C757365725C7368617265645F709E
:10D100006172616D732E63004E4F5F5441470000A2
:10D110000C5201302573205365742075706461745E
:10D12000652074696D653A202564206D696E75749B
:10D130006573000001B584B00C49BDF8100088810A
:10D140000BA10FA240F20713CDE90032CDE9021086
:10D15000124B13A219A10220E8F792F904A90520A5
:10D16000FBF732FDFFF7E8FC05B000BD0C520130C3
:10D170005348415245445F504152414D53000000D5
:10D18000257320536574207761746572207468720A
:10D190006573686F6C643A2025640000AB0B020174
:10D1A0002E2E5C5372635C757365725C736861727A
:10D1B00065645F706172616D732E63004E4F5F54E2
:10D1C0004147000000B587B0FFF78AFB2F4AD2F82D
:10D1D0000411814210D02EA231A3CDE90132CDE954
:10D1E00003103C2000903C4B3CA243A10020E8F7F8
:10D1F00047F9002007B000BD10884FF4B463411E0A
:10D2000099420ED322A13EA24323CDE90032CDE9BB
:10D210000210314B31A238A10020E8F731F900208B
:10D22000E8E75088411E99420ED319A13BA248233A
:10D23000CDE90032CDE90210274B28A22EA1002013
:10D24000E8F71EF90020D5E792ED010AB5EEC00A15
:10D25000F1EE10FA04D310EE100A3749884213DDBC
:10D2600010EE100AE5F750FDCDE9040133A14D227F
:10D27000CDE9002106A00290174B18A21EA10020A4
:10D28000E8F7FEF80020B5E70120B3E70C520130C3
:10D290005348415245445F504152414D53000000B4
:10D2A000257320436865636B73756D206D69736DBD
:10D2B000617463683A2073746F7265643D307825D9
:10D2C0003038582C2063616C63756C617465643D03
:10D2D0003078253038580000A40A02012E2E5C5305
:10D2E00072635C757365725C7368617265645F70AC
:10D2F0006172616D732E63004E4F5F5441470000B1
:10D30000257320496E76616C696420636F6C6C656F
:10D3100063742074696D653A202564002573204983
:10D320006E76616C696420757064617465207469DF
:10D330006D653A20256400000000C842257320492D
:10D340006E76616C6964206D657468616E652074C9
:10D3500068726573686F6C643A20252E326600002F
:10D3600010B50446002C03D0206808B1A16809B1AB
:10D37000002010BD6168042907D9032204A1E4F745
:10D3800026FF10B9A068C01CA060204610BD000098
:10D39000EFBBBF0010B5054C2078002805D104492B
:10D3A0001A2000F059F90120207010BDD88A0030F1
:10D3B000013700012DE9F041044688461646002554
:10D3C000664F57F8240090F84000312819D04028C3
:10D3D00017D041287ED1002208212046EBF734DA0D
:10D3E00001212046EBF718DA0A2804D0A6225CA116
:10D3F0005FA0EBF771D957F82400006900286AD0C4
:10D400009AE020463DF478D350B901212046EBF74D
:10D4100003DA0B2804D03A2251A163A0EBF75CD9C0
:10D42000002208212046EBF70FDA062E13D0112E2A
:10D4300013D0222E13D00EB19036F5B2002685B14E
:10D4400057F8240080F840602A462046BDE8F041A5
:10D450000121EBF7FB992225F0E72325EEE72425B0
:10D46000ECE720463DF448D3082141EA042528B1E1
:10D4700057F8240090F84010312920D057F82400A4
:10D4800080F840602046EBF7B7D901462A460123D1
:10D4900040F6196012F484D605462046EBF7D8D939
:10D4A0004F492046096888472870284612F4C4D698
:10D4B00032462046BDE8F0410121EBF7C79980F8DC
:10D4C00040602046EBF7C4D957F8240010220169C8
:10D4D000444801E03FE02AE0E4F712FE2046EBF783
:10D4E0008BD901462A461E2340F6156012F458D601
:10D4F00005460720287057F824001C220169A81C43
:10D50000E4F7FEFD6E61AE616E82284612F494D699
:10D51000B8F1000F05D02046BDE8F04101213EF4EE
:10D5200035912046BDE8F04100213EF44390A7220A
:10D530000BA12DA0EBF7D0D8B8F1000F05D02046F5
:10D54000BDE8F04101213EF421912046BDE8F041C3
:10D5500000213EF42F90BDE8F0810000CC0D80004A
:10D56000736D70635F70617463682E630000000008
:10D57000676170635F6765745F6F7065726174691E
:10D580006F6E28636F6E6964782C20474150435F4B
:10D590004F505F534D5029203D3D20474150435F40
:10D5A000424F4E4400000000676170635F6765741E
:10D5B0005F6F7065726174696F6E28636F6E696406
:10D5C000782C20474150435F4F505F534D502920E6
:10D5D0003D3D20474150435F454E43525950540012
:10D5E000E0038000C4580130676170635F656E7648
:10D5F0005B636F6E6964785D2D3E736D70632E6939
:10D600006E666F2E7061697220213D204E554C4C24
:10D61000000000000249014808607047B5D30101CD
:10D620001405800010B501F065FFFCF77DFC00F0EB
:10D6300035FDF5F733FE50B1FCF7ACFCFCF7BAFC56
:10D64000F5F71AFF024800680249C86010BDFEE7FE
:10D650000020000100890030024A103042F82010FA
:10D6600070470000008A0030016048607047000089
:10D6700002484068002800D0004770470089003009
:10D6800070B50446002C05D000F0D4F806463000F2
:10D6900002D050E0022070BD284D688C2080A88CFC
:10D6A0006080E88CA080287813282AD8A88CE5F719
:10D6B000C4FA9FED231B53EC112BE5F73EFAE5F777
:10D6C0000AFBE080E88C2081A88CE5F7B6FA9FED94
:10D6D0001E1B53EC112BE5F730FAE5F7FCFA6081DD
:10D6E000E88CA081A88CE5F7A8FA9FED191B53ECF4
:10D6F000112BE5F722FAE5F7EEFAE081E88C2082BB
:10D7000015E0A889E0806889208128896081E888FF
:10D71000A0812889E5F791FA9FED0F1B53EC112B9F
:10D72000E5F70BFAE5F7D7FAE081E8882082288A46
:10D730006082E889A082304670BD0000123280000D
:10D7400098A432C51CC4F73F50340F60919FFD3F31
:10D750007F86376BF09E03406E693524EE31F53FCE
:10D7600010B50446002C07D000F064F8002802D160
:10D770000249498B218010BD022010BD1232800069
:10D7800010B50446002C09D000F054F8002804D14C
:10D7900003494A692260098BA18010BD022010BD97
:10D7A0001232800010B50446002C07D000F042F879
:10D7B000002802D10249C97C217010BD022010BD91
:10D7C0001232800010B50446002C09D000F032F867
:10D7D000002804D10349897801F01F01217010BD90
:10D7E000022010BD1232800010B50446002C08D073
:10D7F00000F020F8002803D103490968890F21703F
:10D8000010BD022010BD00008423800070B50546C5
:10D81000002D04D000F00EF8044614B106E00220FA
:10D8200070BD102202492846E4F76AFC204670BD0C
:10D830003E3280002DE9FF4100240025009501952E
:10D84000029503952F4F44F24478B88B00284FD1AE
:10D8500000950195029503952B48009001200190B9
:10D860006846F5F771FC6846F5F7B4FC0F233A46B5
:10D8700044216846EAF7EEDF0123244A5321684633
:10D88000EAF7E8DF6846F5F75FFC38784FF6FF7295
:10D89000E0B1B88B40452AD1BE1C002036F81010EC
:10D8A00021448CB2401C80B20928F7D3154920319D
:10D8B000002031F8103023449CB2401C80B206286E
:10D8C000F7D3F88BA04213D0BA8311E097F8280061
:10D8D00040B997F8290028B997F82A0010B997F8A5
:10D8E0002B0010B1A7F81C8002E0BA8300E0BA83D5
:10D8F000B88B404503D1002004B0BDE8F081BD8362
:10D900001020F9E712328000006401A08423800017
:10D9100030B587B00546002D0CD000242C80FFF7D1
:10D9200089FF002804D115480078902804D00120F0
:10D9300007B030BD0220FBE70394049405940694DD
:10D94000019402940E4803900120049003A858F417
:10D95000FDD103A858F406D2022301AA562103A838
:10D96000EAF778DF03A858F4F1D19DF80A009DF892
:10D970000B1040EA012028802046D9E712328000AF
:10D98000006401A008B5002000906846FFF71AFF68
:10D990000B48417801F001020078912801D2012161
:10D9A00000E000219DF80000042805D0082803D0DD
:10D9B000114203D0072801D0012008BD002008BD76
:10D9C0001232800008B5002000906846FFF7FAFE8A
:10D9D0000548407800F00101C0F3C00001B108B172
:10D9E000002008BD012008BD1232800010B5044699
:10D9F000002C04D0FFF71EFF014611B134E00220D5
:10DA000010BD1A4A5078C0F3400020705078C0070B
:10DA100002D0907C607002E092F82800607092F86A
:10DA20002900030606D500F01F03C0F34110181AA1
:10DA3000A07005E000F01F03C0F341101844A0706F
:10DA400092F82A00030606D500F01F03C0F3411028
:10DA5000181AE07005E000F01F03C0F341101844ED
:10DA6000E07092F82B002071084610BD1232800041
:10DA7000014906C906C0704764FD010110B5FFF7F2
:10DA8000D9FE08B1002010BDBDE810403C2101487E
:10DA9000F1F70CB9123280000A480021016040F60B
:10DAA000EB52026240F6AB42426207228262064AB1
:10DAB000C262016305490A6842F4F0620A60022109
:10DAC0000164704780E200A004FF010700D000A0BD
:10DAD00001F088BF10B505490548F4F71BFDBDE806
:10DAE000104004490448F4F715BD0000A3718000FC
:10DAF000F99001008F6F80006D97010070B54FF0B5
:10DB00004050416A41F0100141623148016801F022
:10DB10007F4101602E490020143908602C4D2D1FD3
:10DB2000286820F4FE0040F47C102860284C4C3C0F
:10DB30002068284E284930400843206064205EF465
:10DB40005ED02068254930400843206064205EF4A0
:10DB500056D0206822493040084320601C4838389D
:10DB6000016841F04071016064205EF448D0206893
:10DB70001C49304008432060206840F0F0002060DD
:10DB8000286840F47060286011493439086820F42E
:10DB900070421548437A42EA03320A60211D0A683E
:10DBA00042F480420A60017AC279090641EA0241E0
:10DBB0008279407941EA0221014305481038016029
:10DBC00003485438016841F40011016070BD000041
:10DBD00058C500A0FF0000FF00F70B0000EF0B008E
:10DBE00000FA0B0000FA03001893003010B501F0A2
:10DBF000CBFEFEF79DF8BDE81040FFF713BD000017
:10DC000010B500280DD004460848E7F715FE084A6D
:10DC100001210648E7F7E2FD002221460348E7F725
:10DC200033FFBDE81040F7F791BD0000789B00304E
:10DC30003DA3010110B5002000F002F810BD000066
:10DC40002DE9FC4115240E2607253148016821F4F1
:10DC5000706141F4407101600020009001906846BD
:10DC6000FFF7C4FE2B4FA8B9FFF7ACFE18B1F6F7CB
:10DC70000FFF054604E097F8280000F07F050835FF
:10DC80009DF8040030B19DF8021019B100F01F0496
:10DC900001F01F067878C0F3C00040B11E4801684B
:10DCA00041F48001016097F8280000F07F051A48D0
:10DCB0004838016821F0FE4141EA056101601648DB
:10DCC0003438016821F080610160361D1F2E00D3B9
:10DCD0001F26062C01D9A41F00E000240F48C4729F
:10DCE0000D484438016821F4780141EAC4410160DB
:10DCF00009483038016821F41F0141EA06410160FA
:10DD000005484038016841F400310160BDE8FC81FC
:10DD100020E200A01232800054C500A01893003009
:10DD200010B5484908684FF6FF021040464A40F4D3
:10DD30004070104308600024002208210320E5F70A
:10DD4000C5FC014660B2E5F7C1FE641C222CF3D38A
:10DD5000002211460320E5F7B9FC01466FF00400EC
:10DD6000E5F7B4FE002202210320E5F7AFFC0146EF
:10DD70000220E5F7ABFE002202210320E5F7A6FC16
:10DD800001461920E5F7A2FE002206210320E5F74F
:10DD90009DFC01460320E5F799FE00220A2103209D
:10DDA000E5F794FC01460C20E5F790FE00220A21DD
:10DDB0000320E5F78BFC01460D20E5F787FE0022E6
:10DDC0000C210320E5F782FC01460820E5F77EFEE2
:10DDD00000220C210320E5F779FC01460920E5F734
:10DDE00075FE00220C210320E5F770FC01460A2095
:10DDF000E5F76CFE00220C210320E5F767FC0146E5
:10DE00001A20E5F763FE0F2211460320E5F75EFCBA
:10DE100001466FF00100E5F759FE0F22114603207D
:10DE2000E5F754FC01464FF0FF30E5F74FFE0F22B7
:10DE300011460320E5F74AFC0146BDE810400120E9
:10DE4000E5F744BE0CED00E00000FA050249014888
:10DE500008607047E73500309C23800010B54FF410
:10DE600096710448E4F765F9024900200C3981F8FD
:10DE7000380110BDE432800010B50B4B93F8382107
:10DE80001E2A10D202EB820203EB42020468D46025
:10DE90004068106105480088081A908293F838019C
:10DEA000401C83F8380110BDD8328000CC2380009C
:10DEB0002DE9F047CAB04A4DA5F10C0797F8386133
:10DEC000002488E004EB840135F8111081427DD1F3
:10DED000701E81464FF6FF78844216DA301B401ED2
:10DEE00000EB800008EA400A601C00EB800005EBB4
:10DEF0004001524601A8E4F703F904EB840005EB66
:10DF00004000524601A9E4F7FBF809EB890005EB54
:10DF10004000002101604160018197F83801401EF6
:10DF200087F838011E2E4FD1D5F818014790D5F843
:10DF30001C014890B5F82001ADF824014899479894
:10DF400046914590BDF8160157F436D4254EBDF8DC
:10DF5000162131680844BDF82411114444180834CE
:10DF6000DFF8849099F8000010B1002057F498D79A
:10DF7000DFF878A0082245A92046F5F7C1F9BDF8D9
:10DF8000140140451CD070B105F591754598286085
:10DF9000469868603088201A288197F83801401C1C
:10DFA00087F838010CE0BDF8160157F405D4BDF828
:10DFB0001611083021444418DAF800008442D9D3FD
:10DFC00099F8000057F46CD74AB000E001E0BDE8D2
:10DFD000F087641CE4B2B442FFF474AFF4E70000CD
:10DFE000E4328000CC238000C9238000D02380004D
:10DFF0002DE9F04116461E4CA4F10C0292F838515E
:10E000000022002D02D000231A4F19E00A8032604E
:10E010000120BDE8F08103EB830C34F81CC084457B
:10E020000CD103EB830004EB400042880A80018995
:10E0300038680830084430600120EAE75B1CDBB236
:10E04000AB42E8D31E2D03D20A8032600120E0E704
:10E0500004F59174608857F4AFD339686288084436
:10E06000218911440844083030600020D1E70000C5
:10E07000E4328000CC23800010B504462046E6F749
:10E0800031FE2046F7F7ECFA2046FCF76FFE2046FB
:10E09000F0F720FE2046F0F7B1FA10BD0249034820
:10E0A000034AE4F72DB80000B8750201CC35003002
:10E0B0004006000010B50C494978C1F380010029E1
:10E0C00002D0F4F7A1F901E0F4F7D0F907490A68A2
:10E0D00022F4605242EAC0200860081D016841F441
:10E0E0000031016010BD00001232800010C500A098
:10E0F00010B50E494FF4A05201F52050FDF710F96C
:10E100000121002000F01AF80021012000F016F88B
:10E110000021022000F012F80121032000F00EF887
:10E120000121BDE81040042000F008B8E0230130D0
:10E130000149085C70470000E6900030014A115424
:10E1400070470000E690003010B50120FFF7F0FFA7
:10E1500020B31D48FDF703F980B2F8B11B481C49F4
:10E1600002881948D21EFDF70FF984B20021084633
:10E17000FFF7E4FF00F02CFC0A2804D000F028FC94
:10E18000052806D00AE0224611490020F4F7E0FDF8
:10E1900004E022460E490020F4F7BAFB0A4810308A
:10E1A000FDF7DDF880B200280DD009490648F422B9
:10E1B000F4391030FDF7E8F881B20548BDE81040A9
:10E1C000F43801F08FB910BDE04B0130E49000301D
:10E1D000EC2201304FF4A05201490248FDF7A0B8EB
:10E1E000E0370130F04B013010B51649144A0A608F
:10E1F0004FF480524A60144901220A7008640320D7
:10E20000486400238B64CB640B654A6505230B745B
:10E2100080244C6148740A760B7140238B604871EE
:10E220000A730120E7F784FE064A08490648E8F722
:10E2300053F8A200BDE8104005490120E8F7C4B832
:10E2400074C70030D88C003014C60030355C000133
:10E2500074D700303EB50446002C16D02046E3F7B4
:10E260008BFF85B20FA0CDE9010440F2232100917C
:10E27000164B17A21CA10220E7F702F903B02946AA
:10E280002046BDE8304000F03DB819A040F21E2104
:10E29000CDE900100D4B0EA213A10020E7F7F0F816
:10E2A0003EBD000053656E64696E67204A534F4E51
:10E2B00020746F203447206D6F64756C652076691B
:10E2C000612055415254313A202573004501020125
:10E2D0002E2E5C5372635C757365725C7573657228
:10E2E0005F6170702E6300004E4F5F544147000025
:10E2F000496E76616C6964204A534F4E20646174A4
:10E30000610000000A4601464FF47A730120E8F7E5
:10E31000C3B8000030B5C1B004464FF482716846FE
:10E32000E3F707FF2079002855D06179206C451864
:10E33000042241A12846E3F74AFF002852D00422D4
:10E340003FA12846E3F743FF00284FD005223EA116
:10E350002846E3F73CFF00284CD006223CA1284683
:10E36000E3F735FF002849D005223BA12846E3F713
:10E370002EFF002846D0052239A12846E3F727FFC3
:10E38000002845D0072238A12846E3F720FF0028BF
:10E3900042D0072236A12846E3F719FF00283FD0D4
:10E3A000062235A12846E3F712FF78B3062234A1EE
:10E3B0002846E3F70CFF50B333A10DF10100E8F755
:10E3C00087FBADF8020102208DF800006846E8F7EF
:10E3D0007BF941B030BD06208DF800006846E8F7B3
:10E3E00073F9F6E7204600F0D7FAF2E7204600F08E
:10E3F00051FCEEE7204600F003FDEAE7204600F07E
:10E40000D9FCE6E7204600F09FFAE2E70CE00FE0D7
:10E41000204600F0C1F9DCE7204600F057FED8E7BF
:10E42000204600F02DFFD4E7204600F08BF9D0E71E
:10E43000204600F08BFDCCE74353513F0000000025
:10E440004750533F00000000494D45493F00000040
:10E4500049434349443F0000435245473F000000C1
:10E4600043434C4B3F00000053454E534F523F0037
:10E470005354415455533F004255494C443F0000CA
:10E4800052554E53543F00004552524F523A556E2A
:10E49000737570706F727465642061646D696E204D
:10E4A000636F6D6D616E640030B5C3B004464FF4A8
:10E4B000827102A8E3F73DFE6179206C01AA08444D
:10E4C00094F82110E8F7E1F80625E8B1A179206C6D
:10E4D0006A46084494F82210E8F7D7F8D0B1BDF89E
:10E4E000040043F6E172A0F12001914205D2BDF88B
:10E4F000001044F25062914212D98DF8085002A8DF
:10E50000E8F7E2F843B030BD8DF8085002A8E8F70C
:10E51000DBF8F7E78DF8085002A8E8F7D5F8F1E73F
:10E520000C4A508190810C4801800021084647F434
:10E530007FD6E8F79EF88DF8080030B907A10DF1F5
:10E540000900E8F7C5FAADF80A0102A8E8F7BCF837
:10E55000D8E700009C2101303E8D00304F4B000079
:10E5600070B515460A4C2379002B10D100F0DAFB68
:10E5700000280CD02868C4F80500A888A4F8090071
:10E58000A879E07203A000F0BDFC0120207170BDED
:10E590007C8D0030546172676574204465766963D0
:10E5A0006520466F756E640D0A00000000B5C1B0AD
:10E5B0004FF482716846E3F7BCFD0021114A08461A
:10E5C00047F436D600211C230F4A084647F4A8D545
:10E5D0000E490020EBF712FCE8F74BF88DF800002D
:10E5E00020B16846E8F770F841B000BD08A10DF110
:10E5F0000100E8F76DFAADF802016846E8F764F843
:10E60000F2E700009C210130428D00303E8D003049
:10E610004F4B000000B5C1B04FF482716846E3F77C
:10E6200088FD002048F436D0E8F723F88DF8000084
:10E6300020B16846E8F748F841B000BD05A10DF1EA
:10E640000100E8F745FAADF802016846E8F73CF842
:10E65000F2E700004F4B0000F4F782BF10B5C2B0E4
:10E6600004464FF482716846E3F763FD6179206CDC
:10E6700041AA084494F82110E8F707F8062178B178
:10E680004198104B421E9A4207D800F0B9FE002074
:10E69000E8F72AF98DF8000004E08DF8001001E099
:10E6A0008DF800109DF8000030B907A10DF10100B0
:10E6B000E8F70EFAADF802016846E8F705F842B04F
:10E6C00010BD00007F841E004F4B000000B5C9B094
:10E6D0004FF4827106A8E3F72CFD47A847F468D4ED
:10E6E0009DF81E219DF81C019DF81D119DF81F31FC
:10E6F000CDE90132CDE903109DF8200100909DF88D
:10E7000021319DF8222106A10DF11900E8F7E0F969
:10E71000ADF81A0106A8E7F7D7FF49B000BD000021
:10E7200025642D253032583A253032583A2530327A
:10E73000583A253032583A253032583A2530325836
:10E740000000000000B5C1B04FF482716846E3F7E5
:10E75000F0FC07A309A20CA10DF10100E8F7B8F93C
:10E76000ADF802016846E7F7AFFF41B000BD000019
:10E7700031373A33373A3434000000004F637420A5
:10E7800020382032303235002B4255494C443A254E
:10E79000732025730000000000B5C1B04FF48271F2
:10E7A0006846E3F7C6FC06A20BA10DF10100E8F7ED
:10E7B0008FF9ADF802016846E7F786FF41B000BD6A
:10E7C00032342F30392F32342C31303A33303A3220
:10E7D000352B3332000000002B43434C4B3A2225AB
:10E7E0007322000010B5032908D301782B2905D125
:10E7F00041782B2902D180782B2801D0002010BD30
:10E8000000F008F9012010BD00B5C1B04FF48271CD
:10E810006846E3F78EFC48F49BD2E7F72AFF8DF8B1
:10E820000000002802D06846E7F74EFF41B000BD67
:10E8300000B5C1B04FF482716846E3F77AFC0C4929
:10E840000A480A6802608A88828089798171411E3B
:10E850000020EBF7DBFBE7F70CFF8DF8000000284A
:10E8600002D06846E7F730FF41B000BDB921013062
:10E87000818D003030B5C5B004464FF4827104A8D4
:10E88000E3F757FC6179206C03AA084494F821103F
:10E89000E7F7FBFE062500B3A179206C02AA084425
:10E8A00094F82210E7F7F1FEF0B1E179206C01AAAB
:10E8B000084494F82310E7F7E8FED8B1BDF80C003F
:10E8C00040F67B42811F914204D2BDF80410B1F59D
:10E8D000486F15D98DF8105020E08DF8105004A81D
:10E8E000E7F7F2FE45B030BD8DF8105004A8E7F709
:10E8F000EBFEF7E78DF8105004A8E7F7E5FEF1E727
:10E90000084A10815081BDF808009081D18106A18C
:10E910000DF11100E8F7DCF8ADF8120104A8E7F7F3
:10E92000D3FEDFE7B82101304F4B00000549002836
:10E9300004D0012801D10A20887070470520887012
:10E94000704700007C8D003000B5C3B04FF4827179
:10E9500002A8E3F7EEFB0022012341F2342107482D
:10E96000CDE9001006A10DF10900E8F7B1F8ADF806
:10E970000A0102A8E7F7A8FE43B000BD785634129A
:10E980002B435245473A25642C25642C25303458B6
:10E990002C2530385800000000B5C1B04FF482710A
:10E9A0006846E3F7C6FB1922002306A10DF101001A
:10E9B000E8F78EF8ADF802016846E7F785FE41B04A
:10E9C00000BD00002B4353513A25642C2564000000
:10E9D00001488078704700007C8D00300149C87084
:10E9E000704700007C8D003000B5C1B04FF48271DB
:10E9F0006846E3F79EFB002048F464D3E7F739FE4E
:10EA00008DF80000002802D06846E7F75DFE41B0AF
:10EA100000BD000000B5C1B04FF482716846E3F755
:10EA200088FB07490120087006A10DF10100E8F7F5
:10EA30004FF8ADF802016846E7F746FE41B000BD69
:10EA40007C8D00304F4B000000B5C1B04FF4827197
:10EA50006846E3F76EFB07490020087006A10DF138
:10EA60000100E8F735F8ADF802016846E7F72CFE3B
:10EA700041B000BD7C8D00304F4B000000B5C1B0EF
:10EA80004FF482716846E3F754FB4FF48070ADF8A1
:10EA900002010DF581710DF1010048F479D2E7F71B
:10EAA000E8FD8DF800006846E7F70EFE41B000BDB6
:10EAB00030B5C3B004464FF4827102A8E3F739FBC6
:10EAC00020790625022802D08DF8085018E06179D7
:10EAD000206C01AA084494F82110E7F7D6FD68B12C
:10EAE000A179206C94F8222001440198C0B2EBF780
:10EAF00019FBE7F7BEFD8DF8080001E08DF808501E
:10EB00009DF8080030B906A10DF10900E7F7E0FF14
:10EB1000ADF80A0102A8E7F7D7FD43B030BD000009
:10EB20004F4B000000B5C1B04FF482716846E3F767
:10EB300000FB1F4881786846052920D005DC49B1D3
:10EB400001290ED002292ED112E00A291ED00F2948
:10EB500029D122E017A1401CE7F7BAFFADF8020166
:10EB600021E016A1401CE7F7B3FFADF802011AE05F
:10EB700015A1401CE7F7ACFFADF8020113E015A1A9
:10EB8000401CE7F7A5FFADF802010CE013A1401C03
:10EB9000E7F79EFFADF8020105E013A1401CE7F77F
:10EBA00097FFADF802016846E7F78EFD41B000BD62
:10EBB0007C8D00304E4F4E45000000004F425345C3
:10EBC000525645520000000042524F4144434153C7
:10EBD0005445520043454E5452414C005045524911
:10EBE00050484552414C0000414C4C0030B5C1B03A
:10EBF00004464FF482716846E3F79BFA6179206C12
:10EC0000405C61282DD00EDC4E2820D006DC412847
:10EC100027D042281FD0432811D11EE04F2818D0FA
:10EC200050280CD11BE06E2811D004DC622812D0D1
:10EC3000632804D111E06F280BD070280FD0062074
:10EC40008DF800006846E7F73FFD41B030BD002475
:10EC500008E0012406E0022404E0052402E00A247E
:10EC600000E00F24094DE878012806D004208DF833
:10EC700000006846E7F728FDE7E705A10DF1010070
:10EC8000E7F726FFADF80201AC70F2E77C8D0030AB
:10EC90004F4B000000B5CBB04FF482710AA8E3F7E8
:10ECA00048FA01229FED0E0B9FED0F1B8DED080B17
:10ECB0009FED0F2B8DED060B9FED0F3B8DED041B94
:10ECC0008DED022B8DED003B0DA10DF12900E7F735
:10ECD000FFFEADF82A010AA8E7F7F6FC4BB000BD2D
:10ECE000000000000000000000000000000049409B
:10ECF000000000E0121A5D40000000E0BCF3434059
:10ED00002B4750533A25642C252E36662C252E365B
:10ED1000662C252E31662C252E31662C252E31664B
:10ED200000000000F0B589B005460022002D10D18A
:10ED300009B0F0BD501CAA5C80B262B1521ED2B2C2
:10ED4000431C285C9EB2072807D0062805D0B018BF
:10ED500082B28A42EED30020EAE7002005900690B6
:10ED6000079008900FA001AF90E81A00C0681AC77A
:10ED70000490170900240EE006EB0410411910223C
:10ED800005A8E3F7BDF9102205A901A8E3F709FAE0
:10ED900028B1641CE4B2BC42EED30020C8E70120D5
:10EDA000C6E700001BD790ECE8B975800A4644D34B
:10EDB0000102EDA600B5C1B04FF482716846E3F7D9
:10EDC000B8F906A20BA10DF10100E7F781FEADF83D
:10EDD00002016846E7F778FC41B000BD38393836A3
:10EDE00030313233343536373839303132333435E7
:10EDF000000000002B49434349443A2573000000BA
:10EE000000B5C1B04FF482716846E3F792F906A2EB
:10EE100009A10DF10100E7F75BFEADF802016846BC
:10EE2000E7F752FC41B000BD38363031323334356B
:10EE300036373839303132002B494D45493A257340
:10EE4000000000001FB50446094900912B218DF8F0
:10EE5000041008490291084903916846E7F780FDCC
:10EE600003490C398C700120C87048701FBD000028
:10EE7000888D00307DF8010145F8010100B5C1B071
:10EE80004FF482716846E3F754F90020EBF7B3F9C9
:10EE9000E7F7EFFB8DF80000002802D06846E7F79F
:10EEA00013FC41B000BD000070B50D46144621466C
:10EEB0002846FFF797FC08B1012070BD082C05D348
:10EEC00008220BA12846E3F782F940B1032C0BD3AB
:10EED00003220AA12846E3F77AF910B104E00020E2
:10EEE00070BD0748007808B1002070BD012070BDDA
:10EEF00061646D696E41542B0000000041543A007A
:10EF00007C8D00300FB400B5C1B043AA01A842996E
:10EF1000E4F7B4FC002000900B48407801280BD0A7
:10EF2000022806D101A8E3F727F981B201A800F071
:10EF3000D1FA41B05DF814FB01A8E3F71DF981B2E5
:10EF400001A8EEF725F8F4E77C8D003000B5C1B0DC
:10EF50004FF482716846E3F7ECF84FF4616206A162
:10EF60000DF10100E7F7B4FDADF802016846E7F7DF
:10EF7000ABFB41B000BD00002B52554E53543A2517
:10EF80007500000030B5C3B004464FF4827102A88A
:10EF9000E3F7CFF86179206C01AA084494F82110B6
:10EFA000E7F773FB0625D0B1A179206C6A460844C7
:10EFB00094F82210E7F769FBB8B1BDF8040043F6F6
:10EFC000FD72011F914203D20099B1F5803F12D327
:10EFD0008DF8085002A8E7F777FB43B030BD8DF8F5
:10EFE000085002A8E7F770FBF7E78DF8085002A871
:10EFF000E7F76AFBF1E70B4A908011811146002088
:10F0000049F458D2E7F735FB8DF8080030B906A16E
:10F010000DF10900E7F75CFDADF80A0102A8E7F77A
:10F0200053FBDAE7AE2101304F4B000000B5C1B011
:10F030004FF482716846E3F77CF80E49002049F4EA
:10F0400039D2E3F7FDF849F4A9D2E7F712FB8DF8BE
:10F05000000020B16846E7F737FB41B000BD06A1CC
:10F060000DF10100E7F734FDADF802016846E7F75E
:10F070002BFBF2E7AE2101304F4B000000B5C1B0D1
:10F080004FF482716846E3F754F8E3F7D9F849F48E
:10F09000CBD2E7F7EEFA8DF8000018B16846E7F733
:10F0A00013FB09E007A10DF10100E7F711FDADF831
:10F0B00002016846E7F708FB03490020087141B0E8
:10F0C00000BD00004F4B00007C8D00302DE9F04169
:10F0D0002DED028BCAB04FF4827109A8E3F729F82D
:10F0E00005A8FDF755FA0DF12408B8B39DF82200E4
:10F0F000A0B39DED058A9FED210AF2EE040A9DF86A
:10F10000206028EE000ABDEEC00A10EE100A9DED48
:10F11000060A60EE200AFDEEE00A10EE901A08449E
:10F120003044C7B210EE100AE3F7EEFD04460D4678
:10F1300018EE100AE3F7E8FD41EC100B0798CDE953
:10F140000367029053EC102B0DA1CDE9004508F1A7
:10F150000100E7F7BDFCADF8260107E0FFE712A1CB
:10F1600008F10100E7F7B4FCADF8260109A8E7F7BC
:10F17000ABFA4AB0BDEC028BBDE8F0810000C8429A
:10F180002B53454E534F523A2B2530372E326620A3
:10F190002B2530342E31662025303764202530323F
:10F1A00064202530325800002B53454E534F523ABD
:10F1B0002B303030302E3030202B30302E3020307D
:10F1C0003030303030302035362030300000000014
:10F1D00000B5C1B04FF482716846E2F7AAFFFDF7AF
:10F1E00039FB06A10DF10100E7F772FCADF8020151
:10F1F0006846E7F769FA41B000BD00004F4B0000D8
:10F2000070B5CAB04FF4827109A8E2F792FF05A861
:10F21000FDF7BEF909AEE0B10698E3F775FD0446C7
:10F220000D460598E3F770FD41EC100B9DF82100A9
:10F230009DF82010079ACDE902210490CDE9004500
:10F2400053EC102B0849701CE7F742FCADF826017F
:10F2500005E006A1701CE7F73BFCADF8260109A804
:10F26000E7F732FA4AB070BD0C1C020153454E5309
:10F270004F525F444154413A4E4F5F444154410024
:10F2800070B5C6B04FF4827105A8E2F752FF0026B0
:10F290000024012501A8FDF77BF938B19DF8120083
:10F2A00020B19DF8100010B1012400E00124234694
:10F2B000324606A10DF115000095E7F709FCADF8FF
:10F2C000160105A8E7F700FA46B070BD2B5354416C
:10F2D0005455533A4445563D25642C53454E534F9F
:10F2E000523D25642C434F4D4D3D256400000000E8
:10F2F00000B5C1B04FF482716846E2F71AFF06A16B
:10F300000DF10100E7F7E4FBADF802016846E7F70D
:10F31000DBF941B000BD00004F4B000000B5C1B0AB
:10F320004FF482716846E2F704FF06A10DF1010077
:10F33000E7F7CEFBADF802016846E7F7C5F941B043
:10F3400000BD0000312E302E300000000021074AA1
:10F35000006802EBC1035B68984202D112F83100E9
:10F360007047491C0229F4D3022070474CFE01016A
:10F370007CB505460C462148C1688068CDE900018E
:10F38000207A8DF8050003208DF804006068009055
:10F3900060788DF8060020786946E5F717FF0028A9
:10F3A0002BD1207D8DF8050020690090607B8DF8C1
:10F3B0000600207B6946E5F709FF00281DD1222DB4
:10F3C0001BD194F820008DF80500E0690090607E64
:10F3D0008DF80600207E6946E5F7F8FE00280CD17E
:10F3E0002434207A8DF805006068009060788DF8EC
:10F3F000060020786946E5F7E9FE7CBD3CFE010188
:10F4000070B51B49194A0A604FF400524A60194C02
:10F4100000252570206403206064A564E5642565EB
:10F4200001206065052121741022626165742076D7
:10F4300021710821A160657120730020E6F778FD35
:10F440000B4A0D492046E6F747FF6563A563E56370
:10F450000A48A06384F83D502046E6F7E3FDBDE886
:10F460007040F42206490020E6F706BE20A40030D2
:10F47000D08C0030C0A2003049610001003001A0F2
:10F4800020C500307047000070B50024104E56F8BB
:10F490002400B8B190F86C10012913D1001DF4F7C5
:10F4A000E9FA18B1102801D0002070BDEFF31085E3
:10F4B000012080F3108856F82400001DE9F7CCD90C
:10F4C00085F31088641C022CE1D3012070BD00007C
:10F4D000CC8A00300A4601460148FBF7B1BF000064
:10F4E000E04B01300A4601464FF47A730020E6F7FC
:10F4F000D3BF000010B50548006880B2A0F5714187
:10F50000753902D1F4F72CF8FEE710BD60C500A0F4
:10F510001CB504460020009001906846FEF766FA8C
:10F5200000280CD106484078C0F3C000002806D15E
:10F53000FEF748FA002802D02046F5F7DFFD1CBD93
:10F540001232800002488068002800D000477047CF
:10F550000C9300300149088070470000E4900030AF
:10F5600010B50446002C09D02068002806D0A168F8
:10F570000844E2F701FEA1680844A06010BD000045
:10F58000F0B52DED028B9FB000241B941C941D94AC
:10F590001E941BA8FCF7FCFF00286CD0142116A8B1
:10F5A000E2F7C7FD9DED1B0A8DED160AEDF748F950
:10F5B0008DED170A9DED1C0A8DED180A9FED308A1E
:10F5C0008DED198A64258DF868509DF87A008DF8C4
:10F5D000690016A8EDF72AF924210DA8E2F7A9FD84
:10F5E0009DED1B0A8DED0D0AEAF76AF88DED0E0A06
:10F5F0009DED1C0ABDEEC00A10EE100AADF83C00ED
:10F600008DED108A8DF844509DF87A008DF85500E4
:10F6100009A8F2F757FC01000DF1450006D00F22B2
:10F6200009A9E2F79DFD8DF8544002E015A1E2F72B
:10F63000C5FD0DA8E9F728FF0DA8EEF7F9FE18980B
:10F64000E3F762FB04460D461798E3F75DFB0646B9
:10F650000F461698E3F758FB02AA1D4BC3C2CDE92B
:10F6600006450CA040F28921CDE9001019A21FA186
:10F670000220E5F705FF1FB0BDEC028BF0BD0000D6
:10F68000333353403230303030313031303030303D
:10F6900030300000557064617465642073656E736A
:10F6A0006F7220646174613A204348343D252E32E4
:10F6B000662525766F6C2F252E326625254C454C08
:10F6C0002C2054454D503D252E316643000000004E
:10F6D0007E0102012E2E5C5372635C757365725C51
:10F6E000757365725F6170702E6300004E4F5F54DA
:10F6F0004147000030B589B0FDF7A2F808B10120FC
:10F7000000E00020214C607025A140F2C512CDE937
:10F7100000211FA00290314B31A239A10220E5F750
:10F72000AFFE0025089508A8EBF726FCE57036A18A
:10F730004FF4E772CDE9002115A00290274B28A2D3
:10F740002FA10220E5F79CFE9DF82000C0F3800168
:10F75000217100F001022270C0F34000A070E37834
:10F760006478CDE90631CDE90440354908A040F27E
:10F77000D913CDE90031CDE90202184B18A220A11E
:10F780000220E5F77DFE09B030BD0000F6900030A4
:10F790005B34475F50524F544F434F4C5D00000065
:10F7A0002573205573696E67204454552073706526
:10F7B0006369616C206669656C6420247B435351E6
:10F7C0007D20666F72203447207369676E616C20FC
:10F7D000737472656E677468000000006D04020146
:10F7E0002E2E5C5372635C757365725C626C655F30
:10F7F00034675F70726F746F636F6C2E630000000C
:10F800004E4F5F54414700002573203447207369F1
:10F81000676E616C2077696C6C2062652066696C2C
:10F820006C65642062792044545520737065636967
:10F83000616C206669656C6420247B4353517D00B4
:10F840009C1D020110B50B461146094A5070012853
:10F8500002D0022804D006E01846EDF799FB02E03A
:10F860001846FFF737FEBDE810400248E5F7E4BF51
:10F870007C8D0030D0210130E7F71EB810B5064A64
:10F8800000210648E5F7AAFFBDE81040002241F23A
:10F8900088310248E6F7F8B879F80101D021013043
:10F8A0002DE9F04780468A4614460026AAEB080058
:10F8B00006285EDB08F10200FAF787F80546A5F591
:10F8C0005C404FF48069484553D3A5F558404845FE
:10F8D0001AD208F106000C27AAEB0001062948DB22
:10F8E00001785C2945D14178752942D1801CFAF70D
:10F8F0006CF8A0F55C4149453BD2C5F3090161F3C1
:10F900009F2000F5803001E006272846802801D29C
:10F91000012310E0B0F5006F02D20223C0260AE0F6
:10F92000B0F5803F02D20323E02604E0B0F5881F43
:10F930001FD20423F026591EC9B208E0256800F042
:10F94000BF0242F080026A548009491EC9B20029F0
:10F95000F4D1012B03D921683043087003E02168FA
:10F9600000F07F0008702068184420603846BDE829
:10F97000F0870020FBE710B504462046FFF7C8FDDE
:10F980002046FEF797FB10BDBFF35F8F0448016868
:10F990000A6804490A600160BFF34F8F7047000096
:10F9A00008ED00E0008A0030017882781144C9B285
:10F9B0000079884201D1012070470020704730B59E
:10F9C00000230022448804E08D5C2B44DBB2521CEF
:10F9D00092B29442F8D84079984201D1012030BDCA
:10F9E000002030BD4FF48A204068A0F5306188398E
:10F9F00004D10349086820F40070086070470000D3
:10FA0000241F800010B5FFF7BFFFBDE81040FBF7D3
:10FA100099B80000014948607047000088910030A3
:10FA20002DE9F04385B00446DDE90C590F469046B8
:10FA30001E46CDF810804E48006800EB043003905D
:10FA40004FF48051F3F71CFC08B19CB11DE049480C
:10FA50008169407A40F2E932CDE900200291464BBB
:10FA600046A24FF400410020E8F73CDE092005B033
:10FA7000BDE8F0834D49002008600123082204A955
:10FA800003A800F095F80028F1D13EB101233246D9
:10FA900004A903A800F08CF80028E8D13DB10023A8
:10FAA0002A4604A903A800F083F80028DFD1002F1C
:10FAB0005CD000247F1E1CE0049D688855F47CD631
:10FAC000698846180123082204A903A800F070F8E9
:10FAD0000028CCD10023324604A903A800F068F81E
:10FAE0000028C4D10398811B08392846FEF7C4F9C1
:10FAF000641CBC42E0D3B9F1000F12D00498A8EB0B
:10FB0000000404F580540123224604A903A800F050
:10FB10004FF80028ABD10398011B4846FEF7ACF91B
:10FB200024E0049D688855F447D669884618012367
:10FB3000082204A903A800F03BF8002897D10498F4
:10FB4000A8EB000404F58054B44200D334463CB121
:10FB50000023224604A903A800F02AF8002886D131
:10FB60000398011B08392846FEF786F900207EE736
:10FB7000CC238000641F8000060D0201523A353A02
:10FB800025732C204C256420666C61736820737487
:10FB9000617465203078253032582C206572726F80
:10FBA00072203078253038580D0A0000D832800095
:10FBB00070B505460E46144628683168002B03D000
:10FBC0002246EFF74DF902E02246F3F7B9FBA042D7
:10FBD00001D0082070BD2868204428603068204487
:10FBE00030600348016821440160002070BD0000BE
:10FBF000D83280002DE9F74F86B004460D462846DE
:10FC000055F4DAD5C6B2ADF81040ADF8125004A8DC
:10FC1000F2F72EF904A80899F2F731F94FF000082D
:10FC2000ADF816800324DFF8FC903F4F0822D9F886
:10FC300000103868084404A9EFF712F9082803D027
:10FC4000641E14F0FF04F1D1384C4FF4004A082828
:10FC500026D0A169607A40F29232CDE9002002916B
:10FC6000334B34A251460020E8F73CDDADF810805C
:10FC7000ADF812808DF814808DF815803868D9F8A9
:10FC800000100822084404A9EFF7EAF838680830A1
:10FC90003860786808387860092009B0BDE8F08FCE
:10FCA00005F108001FFA80FBD9F800003968083018
:10FCB000354408442A460899F3F742FBA84208D184
:10FCC0003868D9F80010014404A8FEF7D5F80020E0
:10FCD00017E0A069617A4FF46C72CDE900210290BF
:10FCE000134B14A251460020E8F7FCDCADF810805D
:10FCF0003868D9F800100822084404A9EFF7B0F8D2
:10FD000009203A680BEB06010A443A607A68083227
:10FD1000511A082902D908397960BEE73972C7F843
:10FD20000480BAE7CC238000D8328000641F8000B2
:10FD3000FB0C0201523A353A25732C204C256420E5
:10FD4000666C617368207374617465203078253047
:10FD500032582C206572726F7220307825303858F6
:10FD60000D0A000002010000E70CEE020090D00333
:10FD7000006CDC020024F40000366E010024F40064
:10FD80000048E8010000000001000000040000003D
:10FD900003000000040000000200000051F1000117
:10FDA000D3428000010002000000010000010000B9
:10FDB0000000010002000000000001A00600000099
:10FDC000001001A00700000000000000000000007B
:10FDD0000000000001000200100020003000400080
:10FDE00000000000000001000200100020003000B0
:10FDF00040000000010001000100010001000100BD
:10FE00000100010000000000FFFF000000000000F2
:10FE10000000000007000000FF00000000000000DC
:10FE200000000000070000001F00000001000000AB
:10FE300001000000020000000700000089F4010139
:10FE400059438000FFFF000001020000000C000089
:10FE500000C600A0010D000000C700A00A000000BD
:10FE60000B00000000000000000000000000000087
:10FE70000000000000000000000000000000000082
:10FE8000D017020101000000C414020102000000AA
:10FE90000815020103000000E4150201040000003F
:10FEA00014140201050000000419020106000000FC
:10FEB0007C19020107000000EC1802010800000094
:10FEC000B416020109000000381902010A000000FE
:10FED000581902010B000000C01702010C000000BD
:10FEE0002C1802010D0000006C1702010E0000002A
:10FEF000581402010F0000009816020110000000C3
:10FF0000DC1702011100000080160201120000003F
:10FF100090170201130000004417020114000000B2
:10FF200014170201150000008C15020116000000D4
:10FF3000301402011700000004180201180000002C
:10FF40005C16020119000000E81602011A00000008
:10FF5000201602011B000000081602011C00000010
:10FF60005018020180000000181802011D00000056
:10FF7000501502011F00000078140201200000004B
:10FF8000F0130201210000002415020122000000EC
:10FF90006C15020123000000C818020124000000B3
:10FFA000A4180201250000007C18020126000000B0
:10FFB000E014020127000000B01502012800000033
:10FFC000D813020129000000A01402012A00000039
:10FFD000681802012B000000C41302012C0000006D
:10FFE0003C1602012D000000D0160201FFFF1BD7B6
:10FFF00090ECE8B975800A4644D30102EDA60028CA
:020000040102F7
:1000000000000000000000000000000000000002EE
:1000100000000000032800000000000000000000B5
:10002000000000000002000000001BD790ECE8B9BF
:1000300075800A4644D30202EDA6001000C0F70006
:100040000229000000000000000000000000000085
:10005000000A00000000032800000000000000006B
:100060000000000000000002000000001BD790EC20
:10007000E8B975800A4644D30302EDA6000C00C01F
:10008000F70003280000000000000000000000004E
:1000900000000002000000001BD790ECE8B975805A
:1000A0000A4644D30402EDA6001800C0F700022956
:1000B0000000000000000000000000000000000A36
:1000C000000000000102CF3ECBEA0000FFFF00006D
:1000D00001020000FFFF000001020000FFFF00001E
:1000E000010200006170705F75617274315F657646
:1000F000745F68616E646C6572006170705F7065DA
:10010000726970685F696E6974006D61696E00671D
:1001100075735F636C69656E745F70726F6365732E
:10012000735F6576656E7400626C655F6576745F9B
:1001300068616E646C657200626C655F6170705FAF
:10014000696E69740075617274315F73656E645FA6
:100150006A736F6E5F746F5F346700636865636BAB
:100160005F7468726573686F6C645F616E645F74FE
:100170007269676765725F75706C6F616400757036
:10018000646174655F73656E736F725F64617461DF
:100190005F66726F6D5F7061727365720073656E1A
:1001A000736F725F646174615F746573745F6368B9
:1001B00065636B73756D0070617273655F61745F09
:1001C000636F6D6D616E645F726573706F6E736582
:1001D00000626C655F70726F746F636F6C5F6765F0
:1001E000745F6465766963655F696400626C655F0E
:1001F00070726F746F636F6C5F696E69745F70614A
:1002000072616D5F73657474696E677300626C65AB
:100210005F70726F746F636F6C5F6372656174653A
:100220005F6A736F6E5F7265706F727400626C6587
:100230005F70726F746F636F6C5F6372656174651A
:100240005F71756572795F726573706F6E7365004B
:10025000626C655F70726F746F636F6C5F63726501
:100260006174655F706172616D5F7365745F726503
:1002700073706F6E736500626C655F70726F746F20
:10028000636F6C5F70617273655F6A736F6E5F63DB
:100290006F6D6D616E6400626C655F70726F746F1C
:1002A000636F6C5F696E697400626C655F70726F1A
:1002B000746F636F6C5F646174615F70726F6365AC
:1002C000737300616E616C797A655F616E645F73F0
:1002D000656E645F73757065725F636F6D6D616E7F
:1002E0006400626C655F70726F746F636F6C5F68DF
:1002F000616E646C655F717565727900626C655FD3
:1003000070726F746F636F6C5F73656E645F64614E
:1003100074615F7265706F727400626C655F707299
:100320006F746F636F6C5F68616E646C655F706142
:1003300072616D5F73657400626C655F70726F747B
:100340006F636F6C5F73656E645F6A736F6E5F720D
:100350006573706F6E736500626C655F646562756E
:10036000675F7072696E746600636865636B5F6176
:100370006E645F73656E645F636F6C6C65637465F8
:10038000645F726573706F6E736500626C655F7039
:10039000726F746F636F6C5F68616E646C655F34FD
:1003A000675F6461746100626C655F70726F746F27
:1003B000636F6C5F73656E645F737563636573739E
:1003C0005F726573706F6E736500626C655F7072EB
:1003D0006F746F636F6C5F73656E645F6572726F6D
:1003E000725F726573706F6E736500007274635F25
:1003F00064656275675F74657374006765745F63D5
:100400006F6C6C656374696F6E5F74696D6573742E
:10041000616D705F666F725F34670073656E645FF5
:100420006A736F6E5F776974685F64656C61790089
:10043000626C655F34675F70726F746F636F6C5F5F
:10044000666F7263655F6765745F696D6569006299
:100450006C655F34675F70726F746F636F6C5F673A
:1004600065745F6465766963655F6964007570646F
:100470006174655F7374617475735F696E666F5FD5
:1004800066726F6D5F736F757263657300626C6522
:100490005F34675F70726F746F636F6C5F637265F8
:1004A0006174655F646174615F7265706F72745FBF
:1004B0006A736F6E00626C655F34675F70726F7431
:1004C0006F636F6C5F6372656174655F64657669A5
:1004D00063655F696E666F5F6A736F6E00626C65FD
:1004E0005F34675F70726F746F636F6C5F637265A8
:1004F0006174655F7374617475735F696E666F5F55
:100500006A736F6E00626C655F34675F70726F74E0
:100510006F636F6C5F6372656174655F7061726158
:100520006D5F696E666F5F6A736F6E00626C655FA8
:1005300034675F70726F746F636F6C5F6372656155
:1005400074655F73657474696E67735F71756572E6
:10055000795F6A736F6E0073656E736F725F636F3E
:100560006C6C6563745F74696D65725F68616E64FD
:100570006C65720064656C617965645F73656E6457
:100580005F74696D65725F68616E646C657200644A
:100590006174615F7265706F72745F74696D6572AA
:1005A0005F68616E646C657200626C655F34675F82
:1005B00070726F746F636F6C5F696E6974000000B6
:1005C0000000000000000000381D0201A905020122
:1005D000B00300000000000000000000381D020110
:1005E000A9050201B50300000000000000000000A2
:1005F000381D0201A9050201BA030000626C655FA3
:1006000034675F70726F746F636F6C5F6461746185
:100610005F70726F6365737300626C655F34675FF0
:1006200070726F746F636F6C5F73656E645F646527
:10063000766963655F696E666F5F7265706F72740D
:1006400000626C655F34675F70726F746F636F6CAC
:100650005F73656E645F7374617475735F696E66F2
:100660006F5F7265706F727400626C655F34675F94
:1006700070726F746F636F6C5F73656E645F7061CF
:1006800072616D5F696E666F5F7265706F72740024
:10069000626C655F34675F70726F746F636F6C5FFD
:1006A00073656E645F646174615F7265706F7274AC
:1006B00000626C655F34675F70726F746F636F6C3C
:1006C0005F73656E645F73657474696E67735F7181
:1006D0007565727900626C655F34675F70726F7404
:1006E0006F636F6C5F68616E646C655F706172618F
:1006F0006D5F73657400626C655F34675F70726F05
:10070000746F636F6C5F6765745F73656E736F7230
:100710005F6461746100626C655F34675F70726F03
:10072000746F636F6C5F6765745F73656E736F7210
:100730005F646174615F6E6F5F7468726573686F28
:100740006C645F636865636B00626C655F34675FF0
:1007500070726F746F636F6C5F73746172745F63D8
:100760006F6C6C6563745F74696D65720000000086
:100770000000000000000000381D020149070201CE
:1007800024050000626C655F34675F70726F746F80
:10079000636F6C5F73746172745F7265706F727493
:1007A0005F74696D657200000000000000000000C9
:1007B000381D02018407020135050000626C655F87
:1007C00034675F70726F746F636F6C5F73746F7098
:1007D0005F636F6C6C6563745F74696D65720062F2
:1007E0006C655F34675F70726F746F636F6C5F739B
:1007F000746F705F7265706F72745F74696D65722B
:1008000000626C655F34675F70726F746F636F6CEA
:100810005F726573746172745F636F6C6C6563742F
:100820005F74696D65720000000000000000000048
:10083000381D02010108020169050000626C655F54
:1008400034675F70726F746F636F6C5F726573741F
:100850006172745F7265706F72745F74696D6572D6
:10086000000000000000000000000000381D020130
:100870003C08020183050000626C655F34675F70AD
:10088000726F746F636F6C5F7570646174655F73B2
:10089000656E736F725F6461746100626C655F3472
:1008A000675F70726F746F636F6C5F636C656172AA
:1008B0005F636F6C6C65637465645F646174610031
:1008C000626C655F34675F70726F746F636F6C5FCB
:1008D000747269676765725F696D6D65646961747B
:1008E000655F75706C6F616400626C655F34675F33
:1008F00070726F746F636F6C5F73656E645F737437
:10090000617469635F696E666F00626C655F34670E
:100910005F70726F746F636F6C5F73656E736F720D
:100920005F706F7765725F636F6E74726F6C006279
:100930006C655F34675F70726F746F636F6C5F724A
:100940006561645F73656E736F725F776974685F0A
:10095000706F7765725F6D676D7400626C655F3490
:10096000675F70726F746F636F6C5F75706C6F61CF
:100970006400626C655F34675F70726F746F636F81
:100980006C5F75706C6F61645F776974685F706FBE
:100990007765725F6D676D74000000003C00A00514
:1009A0000000A0403200ECFFE8030000000000005F
:1009B0000000000000000000000000000000000037
:1009C0000000000000000000000000000000000027
:1009D0000000000000000000000000000000000017
:1009E0000000000000000000000000000000000007
:1009F0000000000000000000000000005B07000095
:100A000000000000000000000000000000000000E6
:100A100000000000000000000000000000000000D6
:100A200000000000000000000000000000000000C6
:100A300000000000000000000000000000000100B5
:100A400000000000000000000000000000000000A6
:100A50000000000000000000000000000000000096
:100A60000000000000000000000000000000000086
:100A70000000000000000000000000000000000076
:100A80000000000000000000000000000000000066
:100A90000000000000000000000000000000000155
:100AA000000000007368617265645F706172616D5F
:100AB000735F76616C696461746500736861726507
:100AC000645F706172616D735F696E6974007368F1
:100AD000617265645F706172616D735F7361766589
:100AE0005F746F5F666C61736800736861726564E0
:100AF0005F706172616D735F6C6F61645F66726F6E
:100B00006D5F666C617368007368617265645F70C5
:100B10006172616D735F72656769737465725F633B
:100B2000616C6C6261636B007368617265645F70B5
:100B30006172616D735F7365745F636F6C6C656325
:100B4000745F74696D65007368617265645F70617C
:100B500072616D735F7365745F7570646174655FF6
:100B600074696D65007368617265645F706172615C
:100B70006D735F7365745F6D657468616E655F74D6
:100B800068726573686F6C64007368617265645F36
:100B9000706172616D735F7365745F74656D705FB2
:100BA0007468726573686F6C6473007368617265F2
:100BB000645F706172616D735F7365745F77617498
:100BC00065725F7468726573686F6C6400736861E6
:100BD0007265645F706172616D735F7365745F6C81
:100BE0006F636174696F6E007368617265645F70D2
:100BF0006172616D735F7365745F696E7374616C4C
:100C00006C5F6C6F636174696F6E000020000000A0
:100C10000201070020000000010107001000000091
:100C200002010700626D383536335F77726974658B
:100C30005F7265677300626D383536335F72656168
:100C4000645F7265677300626D383536335F696E55
:100C5000697400626D383536335F726561645F7444
:100C6000696D6500626D383536335F7365745F7426
:100C7000696D6500626D383536335F737461727407
:100C800000626D383536335F73746F7000626D3893
:100C90003536335F7365745F74696D655F66726F57
:100CA0006D5F6E6574776F726B006C3263635F703B
:100CB00064755F726563765F696E645F68616E64B8
:100CC0006C65725F7061746368006E7664735F69EF
:100CD0006E6974006E7664735F64656C00696E693A
:100CE000745F756E757365645F6E766473007265AC
:100CF000706C6163655F6974656D007772697465B6
:100D00005F6974656D0077726974655F636F6D709C
:100D100061637465645F6974656D7300636F6D70A2
:100D20006163745F6E766473006761705F636D709A
:100D30005F6576745F68616E646C65725F70617424
:100D4000636800000A000000809200308C9200303E
:100D50000A000000A0920030AC9200300020000099
:100D600000200000002000000020000000800000A3
:100D70000080000000800000008000000080000073
:100D80000080000000800000617474735F72656110
:100D9000645F6D756C745F7265715F7061746368B8
:100DA00000617474735F726561645F62795F67721A
:100DB000705F747970655F7265715F70617463688C
:100DC00000617474735F66696E645F696E666F5FFD
:100DD0007265715F706174636800617474735F66DB
:100DE000696E645F62795F747970655F7265715F67
:100DF000706174636800617474735F726561645FCD
:100E000062795F747970655F7265715F7061746338
:100E100068006174746D64625F69735F68616E64B9
:100E20006C655F686964655F696E5F636F6E0061C2
:100E300074746D64625F7376635F7365745F646915
:100E400073636F76657261626C655F62795F636F11
:100E50006E6964780000000000000000963007779B
:100E60002C610EEEBA51099919C46D078FF46A709E
:100E700035A563E9A395649E3288DB0EA4B8DC79BE
:100E80001EE9D5E088D9D2972B4CB609BD7CB17E3E
:100E9000072DB8E7911DBF906410B71DF220B06A0E
:100EA0004871B9F3DE41BE847DD4DA1AEBE4DD6D1E
:100EB00051B5D4F4C785D38356986C13C0A86B641E
:100EC0007AF962FDECC9658A4F5C0114D96C06633E
:100ED000633D0FFAF50D088DC8206E3B5E10694C1E
:100EE000E44160D5727167A2D1E4033C47D4044B5E
:100EF000FD850DD26BB50AA5FAA8B5356C98B2423E
:100F0000D6C9BBDB40F9BCACE36CD832755CDF45BD
:100F1000CF0DD6DC593DD1ABAC30D9263A00DE51ED
:100F20008051D7C81661D0BFB5F4B42123C4B356DD
:100F30009995BACF0FA5BDB89EB802280888055F5D
:100F4000B2D90CC624E90BB1877C6F2F114C6858BD
:100F5000AB1D61C13D2D66B69041DC760671DB01AB
:100F6000BC20D2982A10D5EF8985B1711FB5B6067D
:100F7000A5E4BF9F33D4B8E8A2C9077834F9000FBD
:100F80008EA8099618980EE1BB0D6A7F2D3D6D085D
:100F9000976C6491015C63E6F4516B6B62616C1C4D
:100FA000D83065854E0062F2ED95066C7BA5011B7D
:100FB000C1F4088257C40FF5C6D9B06550E9B7121D
:100FC000EAB8BE8B7C88B9FCDF1DDD62492DDA15DD
:100FD000F37CD38C654CD4FB5861B24DCE51B53AFD
:100FE0007400BCA3E230BBD441A5DF4AD795D83DFD
:100FF0006DC4D1A4FBF4D6D36AE96943FCD96E343D
:10100000468867ADD0B860DA732D0444E51D03331C
:101010005F4C0AAAC97C0DDD3C710550AA4102272C
:1010200010100BBE86200CC925B56857B3856F20FC
:1010300009D466B99FE461CE0EF9DE5E98C9D9295C
:101040002298D0B0B4A8D7C7173DB359810DB42E9C
:101050003B5CBDB7AD6CBAC02083B8EDB6B3BF9AE8
:101060000CE2B6039AD2B1743947D5EAAF77D29D74
:101070001526DB048316DC73120B63E3843B649454
:101080003E6A6D0DA85A6A7A0BCF0EE49DFF099354
:1010900027AE000AB19E077D44930FF0D2A30887C4
:1010A00068F2011EFEC206695D5762F7CB67658074
:1010B00071366C19E7066B6E761BD4FEE02BD38974
:1010C0005A7ADA10CC4ADD676FDFB9F9F9EFBE8ED4
:1010D00043BEB717D58EB060E8A3D6D67E93D1A114
:1010E000C4C2D83852F2DF4FF167BBD16757BCA6F4
:1010F000DD06B53F4B36B248DA2B0DD84C1B0AAF94
:10110000F64A0336607A0441C3EF60DF55DF67A813
:10111000EF8E6E3179BE69468CB361CB1A8366BCA3
:10112000A0D26F2536E2685295770CCC03470BBBF3
:10113000B91602222F260555BE3BBAC5280BBDB2F3
:10114000925AB42B046AB35CA7FFD7C231CFD0B593
:101150008B9ED92C1DAEDE5BB0C2649B26F263EC85
:101160009CA36A750A936D02A906099C3F360EEB93
:101170008567077213570005824ABF95147AB8E253
:10118000AE2BB17B381BB60C9B8ED2920DBED5E533
:10119000B7EFDC7C21DFDB0BD4D2D38642E2D4F183
:1011A000F8B3DD686E83DA1FCD16BE815B26B9F613
:1011B000E177B06F7747B718E65A0888706A0FFF73
:1011C000CA3B06665C0B0111FF9E658F69AE62F833
:1011D000D3FF6B6145CF6C1678E20AA0EED20DD733
:1011E0005483044EC2B30339612667A7F71660D053
:1011F0004D476949DB776E3E4A6AD1AEDC5AD6D993
:10120000660BDF40F03BD83753AEBCA9C59EBBDEB2
:101210007FCFB247E9FFB5301CF2BDBD8AC2BACA62
:101220003093B353A6A3B4240536D0BA9306D7CDD2
:101230002957DE54BF67D9232E7A66B3B84A61C4F2
:10124000021B685D942B6F2A37BE0BB4A18E0CC3B2
:101250001BDF055A8DEF022D0106080081300000CA
:1012600022FF0000AEFF0100C9FF0200D6FF03000D
:10127000E1FF0400EDFF0700F7FF0800FDFF090094
:1012800000000C0004000D0005000E000800100016
:101290000C0013000D0014000E0015000F001600C6
:1012A000100017001100180012001A0013001C0093
:1012B00014001D001500210016002400170027004F
:1012C0001800290019002C001A0032001B003700FA
:1012D0001C003F0034127856AB90EFCD68144523C4
:1012E000295311240100FFFF676174745F6F6E5F03
:1012F000646973636F6E6E656374696F6E5F667544
:101300006E635F706174636800676174745F636CBF
:101310006561725F636363645F70617463680067D3
:101320006174745F6F6E5F636F6E6E656374696F17
:101330006E5F66756E635F70617463680000404045
:101340004040404040404041414141414040404098
:101350004040404040404040404040404040050206
:101360000202020202020202020202020202202021
:1013700020202020202020200202020202020290CF
:1013800090909090901010101010101010101010DD
:101390001010101010101010100202020202028829
:1013A000888888888808080808080808080808083D
:1013B000080808080808080808020202024000009D
:1013C0003E130201496E76616C6964207265706536
:1013D0006174204349442E00496E76616C69642033
:1013E00043494420737570706C6965642E00000079
:1013F000496E76616C696420646973636F766572A7
:1014000079206D6F646520737570706C6965642EEA
:1014100000000000496E76616C69642068616E644A
:101420006C6520737570706C6965642E0000000037
:10143000496E76616C696420616476657274697363
:10144000696E6720646174612074797065207375BA
:1014500070706C6965642E00496E76616C696420F9
:1014600064617461206C656E677468207375707058
:101470006C6965642E000000496E76616C696420B9
:101480006164766572746973696E6720696E7465EC
:101490007276616C20737570706C6965642E0000E3
:1014A000496E76616C6964206368616E6E656C205C
:1014B0006E756D62657220737570706C6965642EEF
:1014C00000000000496E76616C6964207061726191
:1014D0006D6574657220737570706C6965642E003B
:1014E000496E76616C6964206475726174696F6EAF
:1014F00020706172616D6574657220737570706CB7
:101500006965642E00000000496E76616C69642094
:10151000706F696E74657220737570706C69656444
:101520002E000000496E76616C6964206164766506
:1015300072746973696E6720706172616D6574653C
:10154000727320737570706C6965642E0000000002
:10155000496E76616C69642061646472657373209E
:10156000737570706C6965642E000000496E766159
:101570006C69642070656572206164647265737360
:1015800020737570706C6965642E0000496E766119
:101590006C6964206164766572746973696E672032
:1015A000696E64657820737570706C6965642E006F
:1015B000496E76616C696420706572696F646963F5
:1015C0002073796E6368726F6E697A6174696F6E89
:1015D00020696E64657820737570706C6965642E1F
:1015E00000000000496E76616C696420636F6E6E66
:1015F000656374696F6E20696E64657820737570B9
:10160000706C6965642E0000496E64696361746979
:101610006F6E206E6F7420656E61626C65642E0063
:101620004E6F74696669636174696F6E206E6F7462
:1016300020656E61626C65642E0000004361636822
:10164000652066656174757265206973206E6F74BC
:1016500020656E61626C65642E0000005468652030
:1016600050534D206E756D62657220686173206203
:1016700065656E20726567697374657265642E00B6
:1016800052657175657374206E6F74207375707018
:101690006F727465642E00004F7065726174696FBB
:1016A0006E20697320646973616C6C6F7765642E5A
:1016B000000000004E564453206973206E6F742062
:1016C000696E697469616C697A65642E0000000056
:1016D0004361636865206461746120697320696E89
:1016E00076616C69642E00005468652076616C75C3
:1016F00065206973206265796F6E64207468652067
:1017000050534D206E756D6265722072616E676513
:101710002E000000496E76616C6964207065726D00
:10172000697373696F6E2073657420696E207365C9
:1017300072766963652F6174747269627574652E5F
:1017400000000000496E76616C6964206C656E670C
:101750007468206F662074686520617474726962B1
:101760007574652076616C75652E0000546865207F
:10177000627566666572206C656E67746820697351
:10178000206E6F7420656E6F7567682E0000000014
:101790004F6666736574206578636565647320635E
:1017A000757272656E7420617474726962757465A5
:1017B0002076616C7565206C656E6774682E00001C
:1017C0004C6973742069732066756C6C2E00000080
:1017D0005375636365737366756C2E004E6F206579
:1017E0006E6F75676820424C45207265736F757225
:1017F00063657320666F72206F7065726174696FC4
:101800006E2E0000496E76616C69642050534D2045
:101810006E756D6265722E004170706C69636174E3
:10182000696F6E206572726F722E0000416E2069C2
:101830006E7465726E616C206572726F72206F6675
:101840002053444B206F63637572732E00000000B9
:10185000446973636F6E6E656374696F6E206F6346
:10186000637572732E0000004E6F7420656E6F7585
:10187000676820637265646974732E0045787465C7
:101880006E646564207363616E20726573706F6E41
:1018900073652064617461206E6F74207365742EAB
:1018A00000000000506572696F64696320616476AE
:1018B0006572746973696E672064617461206E6F0C
:1018C00074207365742E00004C6567616379206134
:1018D00064766572746973696E67206461746120EF
:1018E0006E6F74207365742E0000000054696D657E
:1018F0007220697320696E73756666696369656EC7
:10190000742E00005468652076616C7565206578DA
:10191000636565647320746865206D6178696D75B1
:101920006D2053444B2070726F66696C6520636F45
:10193000756E742E000000004974656D2069732077
:101940006E6F7420666F756E6420696E20746865B2
:10195000206C6973742E00004974656D20616C728F
:10196000656164792065786973747320696E207489
:101970006865206C6973742E0000000053444B208E
:101980006973206275737920696E7465726E616C1B
:101990006C792E004150505F443A20004150505F16
:1019A000453A20004150505F493A20004150505F75
:1019B000573A2000436F6E63656E74726174696F8D
:1019C0006E3A20252E3266202525766F6C0D0A543E
:1019D000656D70657261747572653A20252E316689
:1019E00020430D0A52657365727665643A20256C52
:1019F000750D0A5374617475733A20253032580D91
:101A00000A436865636B73756D3A20253032580D53
:101A10000A00000054696D652073796E6368726F07
:101A20006E697A6174696F6E206661696C656420A5
:101A30006166746572203320617474656D707473AF
:101A40002C20636F6E74696E75696E672077697498
:101A5000682064656661756C742074696D6500004A
:101A600061646D696E41542B000000005253505F59
:101A7000444154413D0000004144565F44415441BB
:101A80003D000000415454525F524541443D000026
:101A9000434F4E4E5F5550443D0000004241554477
:101AA0003D0000004741505F524F4C453D00000053
:101AB0004741505F4E414D453D0000004154545256
:101AC0005F57524954453D005343414E5F50415288
:101AD000414D3D00434F4E4E5F504152414D3D0000
:101AE0004144565F504152414D3D0000434F4E4EE0
:101AF0005F494E49543D000049434349443F00007B
:101B00004255494C443F00004741505F524F4C45BD
:101B10003F0000004741505F4E414D453F000000EF
:101B2000435245473F000000494D45493F000000F2
:101B300043434C4B3F00000056455253494F4E3FE4
:101B4000000000004353513F000000004144445254
:101B50003F00000053454E534F523F004750533F04
:101B6000000000005354415455533F0052554E530A
:101B7000543F000053454E534F525F52583F0000B0
:101B8000535256435F444953430000004D54555F40
:101B900045584300434F4E4E5F43414E43454C0032
:101BA000454E544D00000000444953434F4E4E00F3
:101BB0005343414E5F53544F500000004144565F21
:101BC00053544F500000000053454E534F525F5244
:101BD000585F434C520000005245534554000000EA
:101BE0005343414E5F535441525400004144565FA9
:101BF0005354415254000000424C455F5245504FEF
:101C000052540000544553540000000053454E53B5
:101C10004F525F444154413A434F4E433D252E328B
:101C2000662C54454D503D252E31662C524553456A
:101C3000525645443D256C752C5354415455533DE3
:101C4000253032582C434845434B53554D3D2530A4
:101C500032580000424C455F515545525900000032
:101C6000000000002573203447206D6F64756C659B
:101C70002074696D656F757420666F722064657677
:101C800069636520696E666F2071756572792C20B5
:101C900073656E64696E6720636F6C6C65637465F1
:101CA0006420726573706F6E736500002573203455
:101CB00047206D6F64756C652074696D656F757410
:101CC00020666F722073746174757320696E666F1D
:101CD0002071756572792C2073656E64696E67205A
:101CE00064656661756C7420726573706F6E736580
:101CF000000000002573204461746120636F6C6CE8
:101D0000656374656420776974682074696D6573B0
:101D100074616D702C2061727261792066756C6CD3
:101D20002C206F76657277726974696E67206F6CAC
:101D300064206461746100002E2E5C5372635C75D4
:101D40007365725C626C655F34675F70726F746F2D
:101D5000636F6C2E63000000257320446174612062
:101D6000636F6C6C65637465642077697468207058
:101D70006F776572206D616E6167656D656E742049
:101D8000616E642074696D657374616D702C20637D
:101D90006F756E743A20256400000000257320538F
:101DA000746174757320696E666F207570646174F8
:101DB00065643A2077617465723D25642C207365F3
:101DC0006E736F723D25642C206D6F76653D2564C2
:101DD0002C207369676E616C3D25642C20677073DD
:101DE0003D256400257320456E737572696E67200A
:101DF0003447206D6F64756C6520697320696E6966
:101E00007469616C6C7920706F7765726564206F9E
:101E1000666620666F7220656E65726779207361F1
:101E200076696E670000000025732052657573693E
:101E30006E67207363686564756C65642075706C8B
:101E40006F61642066756E6374696F6E2077697464
:101E50006820706F776572206D616E6167656D6572
:101E60006E7420666F7220616C61726D00000000FC
:101E700025732044617461207265706F72742074E0
:101E8000696D657220747269676765726564202D7B
:101E90002075706C6F6164696E6720776974682063
:101EA00044545520706F776572206D616E6167656F
:101EB0006D656E740000000025732053656E736FAE
:101EC0007220636F6C6C6563742074696D65722039
:101ED000747269676765726564202D20636F6C6C2E
:101EE000656374696E6720646174612077697468E2
:101EF00020706F776572206D616E6167656D656ECC
:101F000074000000636F5F6D6174682E68000000EC
:101F10006469760028282875696E7431365F7429E3
:101F200072786E657874707472203C3C2030292081
:101F300026207E282875696E7431365F74293078C2
:101F400030303030374646462929203D3D2030008C
:101F50007265675F656D5F626C655F72785F64650F
:101F600073632E680000000028282875696E74319C
:101F7000365F74296368696478203C3C20302920EE
:101F800026207E282875696E7431365F7429307872
:101F900030303030303033462929203D3D2030006C
:101FA000286C6F63616C56616C2026207E28287532
:101FB000696E7431365F7429307830303030304695
:101FC00046462929203D3D20300000007265675FAC
:101FD000656D5F626C655F63732E680028282875E5
:101FE000696E7431365F742974786D64203C3C20CE
:101FF00034292026207E282875696E7431365F7456
:1020000029307830303030303031302929203D3D92
:102010002030000028282875696E7431365F7429D5
:1020200074786C6C6964203C3C2030292026207E2A
:10203000282875696E7431365F74293078303030F5
:1020400030303030332929203D3D20300000000061
:1020500028282875696E7431365F74297478726126
:102060007465203C3C2030292026207E2828756974
:102070006E7431365F742930783030303030303023
:10208000332929203D3D20300000000028282875F4
:10209000696E7431365F7429727872617465203CA0
:1020A0003C2032292026207E282875696E7431361E
:1020B0005F74293078303030303030304329292077
:1020C0003D3D20300000000028282875696E7431DD
:1020D000365F74296C6C63686D617032203C3C2003
:1020E00030292026207E282875696E7431365F7469
:1020F00029307830303030303031462929203D3D8C
:102100002030000028282875696E7431365F7429E4
:10211000727877696E737A203C3C20302920262023
:102120007E282875696E7431365F742930783030B6
:102130003030374646462929203D3D2030000000FA
:102140007265675F656D5F626C655F74785F64651B
:1021500073632E680000000028282875696E7431AA
:10216000365F74296C696E6B6C626C203C3C20316C
:1021700031292026207E282875696E7431365F74D7
:1021800029307830303030463830302929203D3DF4
:102190002030000028282875696E7431365F742954
:1021A0007478636873656C32203C3C2035292026A6
:1021B000207E282875696E7431365F742930783036
:1021C000303030303032302929203D3D2030000081
:1021D00028282875696E7431365F7429747872788E
:1021E000616464203C3C2037292026207E28287505
:1021F000696E7431365F7429307830303030303069
:1022000038302929203D3D2030000000282828753D
:10221000696E7431365F7429707269766E7075629A
:10222000203C3C2030292026207E282875696E74A9
:1022300031365F74293078303030303030303129E9
:1022400029203D3D2030000028282875696E743112
:10225000365F742972616C656E203C3C2030292009
:1022600026207E282875696E7431365F742930788F
:1022700030303030303030312929203D3D203000A1
:1022800028282875696E7431365F742972616C6D07
:102290006F6465203C3C2031292026207E2828754B
:1022A000696E7431365F74293078303030303030B8
:1022B00030322929203D3D20300000002828287593
:1022C000696E7431365F74296C6F63616C72706112
:1022D00073656C203C3C2032292026207E282875FE
:1022E000696E7431365F7429307830303030303078
:1022F00030342929203D3D20300000002828287551
:10230000696E7431365F7429666F726D6174203C3A
:102310003C2030292026207E282875696E743136AD
:102320005F74293078303030303030314629292000
:102330003D3D20300000000028282875696E74316A
:10234000365F74297065657272616C707472203CBE
:102350003C2030292026207E282875696E7431366D
:102360005F7429307830303030374646462929208E
:102370003D3D2030000000007265675F6964782091
:102380003C3D20320000000021656D5F626C655F9E
:1023900072616C5F696E666F5F706565725F6972AE
:1023A0006B5F76616C69645F676574662872616CE7
:1023B0005F69647829207C7C20656D5F626C655F55
:1023C00072616C5F696E666F5F7065665F6765748A
:1023D000662872616C5F696478290000286C6F63FD
:1023E000616C56616C2026207E282875696E7431D8
:1023F000365F7429307830303030374646462929E8
:10240000203D3D2030000000523A313A5B455252A7
:102410005F494E56414C49445F504152414D5D3AEF
:10242000204C6567616379204144563A20416E6FC4
:102430006E796D6F757320616E6420457874656E7A
:1024400064656420545820506F7765722062697407
:1024500073206D7573742062652073657420746FCA
:102460002030210A00000000523A313A5B455252B6
:102470005F494E56414C49445F504152414D5D3A8F
:1024800020506572696F646963204144563A204365
:102490006F6E6E65637461626C652C20616E6F6E29
:1024A000796D6F75732C207363616E6E61626C65FC
:1024B00020626974206D7573742062652073657481
:1024C00020746F2030210A00523A313A5B45525253
:1024D0005F494E56414C49445F504152414D5D3A2F
:1024E000206C696D697465642F67656E6572616CD7
:1024F00020646973636F76657261626C65206D6FCD
:102500006465206E6565642066696C746572207010
:102510006F6C6963793A204144565F414C4C4F5788
:102520005F5343414E5F414E595F434F4E5F414EB3
:1025300059210A00523A313A5B4552525F434F4D9E
:102540004D414E445F444953414C4C4F5745445DC7
:102550003A204E6F206D6F726520636F6E6E6563FB
:1025600074696F6E2063616E2062652065737461AB
:10257000626C6973686564210A000000523A313A5E
:102580005B4552525F494E56414C49445F5041525F
:10259000414D5D3A20457874204144563A204869BF
:1025A00067682064757479206379636C6520646959
:1025B00072656374656420616476657274697369B9
:1025C0006E672063616E6E6F74206265207573653F
:1025D00064210A00523A313A5B4552525F494E56E5
:1025E000414C49445F504152414D5D3A204465762B
:1025F000696365206D757374206265206E6F6E204F
:10260000646973636F76657261626C6520696620C8
:102610006469726563746564206164766572746967
:1026200073696E672069732075736564210A000001
:10263000523A313A5B4552525F494E56414C4944F9
:102640005F504152414D5D3A2045787420414456D7
:102650003A20546865206164766572746973656DAB
:10266000656E74207368616C6C206E6F7420626597
:1026700020626F746820636F6E6E65637461626C54
:102680006520616E64207363616E6E61626C6521AA
:102690000A000000523A313A5B4552525F494E56A9
:1026A000414C49445F504152414D5D3A204C656771
:1026B000616379204144563A2044697265637465C8
:1026C0006420636F6E6E65637461626C6520616423
:1026D000766572746973696E67206D757374206EA8
:1026E0006F74206265207363616E6E61626C652138
:1026F0000A000000523A313A5B4552525F494E5649
:10270000414C49445F504152414D5D3A204C656710
:10271000616379204144563A20556E64697265635D
:1027200074656420636F6E6E65637461626C6520AE
:102730006164766572746973696E67206D75737410
:10274000206265207363616E6E61626C65210A00B0
:10275000523A313A5B4552525F494E56414C4944D8
:102760005F504152414D5D3A204C6567616379206D
:102770004144563A20446972656374206164766509
:1027800072746973696E67206D7573742062652059
:10279000636F6E6E65637461626C65210A00000090
:1027A000F42702010041800068470000783D0001E5
:1027B0005C6F020168880030BC0D00005C350001D0
:1027C00078750201005B013040000000783D000197
:1027D000B8750201CC35003040060000783D00019C
:1027E0007875020124960030C8C40000883D0001BD
:1027F000FDB3FFFF0348A0E8F00F684600F008F8BB
:10280000FFF7FEFF2496003000480047A5438000F4
:1028100070B504461AA0FFF353F320A0FFF350F362
:10282000D4E9001226A0FFF34BF3D4E902122BA047
:10283000FFF346F3304D31A0D5E90012FFF340F32A
:10284000D5E9021234A0FFF33BF3D5E9041239A015
:10285000FFF336F3D5E906123DA0FFF331F3D4E9D7
:10286000041242A0FFF32CF3D4E9061246A0FFF3B2
:1028700027F30AA0FFF324F301F068D9FEE77047BD
:10288000484152444641554C542043414C4C5354CA
:1028900041434B20494E464F3A0D0A003D3D3D3DD8
:1028A0003D3D3D3D3D3D3D3D3D3D3D3D3D3D3D3D58
:1028B0003D3D3D3D3D3D3D3D3D3D3D3D0D0A000025
:1028C000202072303A2025303878202020202072B5
:1028D000313A20253038780D0A000000202072326D
:1028E0003A2025303878202020202072333A2025C5
:1028F0003038780D0A000000249600302020723411
:102900003A2025303878202020202072353A2025A2
:102910003038780D0A000000202072363A20253029
:102920003878202020202072373A20253038780D42
:102930000A000000202072383A2025303878202004
:1029400020202072393A20253038780D0A00000006
:1029500020207231303A2530387820202020207213
:1029600031313A253038780D0A00000020207231CC
:10297000323A2530387820202020206C723A2025E9
:102980003038780D0A000000202070633A2025308E
:1029900038782020202020787073723A2025303833
:1029A000780D0A0070B50024124D04EB440005EBCD
:1029B00040100178012902D1001D14F413F1641CA8
:1029C000082CF2D370BD70B500240A4D04EB44000E
:1029D00005EB40100178012908D1001D14F444F2E0
:1029E000032017F493F7032017F4AEF7641C082CA8
:1029F000ECD370BD449600300EF0529E044815F49E
:102A0000C1B3044815F4BEB3002015F4BBB30000F5
:102A1000001001A0000001A070B50FF0A7D8032599
:102A2000094E002456F8240038B1406828B1311905
:102A300091F84010A94200D18047641C102CF1D3BA
:102A40006D1E002DEDD170BD249B003070B50024AB
:102A50000F4E56F82400B8B190F86C10012913D12C
:102A6000EFF3108581F31088001D1DF4D1F285F37A
:102A70001088084800EBC40595F9010017F446F7E3
:102A800095F9010017F460F7641C022CE1D370BDC6
:102A9000CC8A00304CFE01011EF0040F14BFEFF38E
:102AA000098CEC467FB5604600F004F8BDE87F4035
:102AB0007047000070B50446A66936F8025C002035
:102AC0006BF458F7B5F5604F06DAB5F55F4F03DBE9
:102AD000E8B219F047D903E030460DF0F1DFA0610C
:102AE0006BF47EF770BD000010B50446204600F080
:102AF0005DF8EFF31081012080F31088324A1068EE
:102B0000A043106081F3108810BD70B504460D46D7
:102B1000204600F04BF8E9054FEA042001D50146B4
:102B200000E000210B46E90301D5210400E000216B
:102B3000EFF31082012585F3108840EA044622480D
:102B400005680B43B5431D43056082F31088EFF31E
:102B50001081012282F3108802682243026081F30F
:102B6000108870BD70B500220123002911D0EFF349
:102B70001084012585F31088134D2D1D2E6826F035
:102B8000404606432E6084F3108810480E4C3C34B7
:102B900005E0012070BD38B1401E226823689A42CA
:102BA000F9D10A60002070BD032070BDEFF31081E1
:102BB000012282F31088044A6FEA0040143A106040
:102BC00081F310887047000058C500A018FC7F3EB4
:102BD0002DE9F04F2DED048B83B09C4801680291E4
:102BE000029941F080710160994F38680190002589
:102BF000DFF86092B9F802000A3086B2DFF8588236
:102C0000D8F8000020F00100C8F80000002011F002
:102C100019DA11F005DA48B100208F4978310860DF
:102C2000D8F8000040F00200C8F8000011F0F8D910
:102C30000028FBD111F0E6D9D8F8000020F480502C
:102C4000C8F800002120FFF3E6F12120FFF3AFF1E7
:102C5000D8F8000040F00100C8F8000011F0E0D9F9
:102C60000028FBD0EFF310800090012080F3108843
:102C70000022794C77497848443442F2107B7C300A
:102C80006FF4807A91F8008083E059463B6823F026
:102C900001033B6000237B60DFF8BC91D9F800E0C2
:102CA0002EF0010EC9F800E0D4F800E02EF0404EFE
:102CB000C4F800E0D0F800E0BEF1000F0BD0DFF860
:102CC00098E10EF1780ECEF80030D9F8003043F0DC
:102CD0000203C9F80030236823F0404323600368EF
:102CE000002BFCD1DFF870E1BCF802300EF1780E59
:102CF000CEF80030D9F800E04EF0040EC9F800E03C
:102D0000D4F800E04EF0404EC4F800E0E646D0F8BB
:102D100000C09C45FBD1DFF840C10CF12C0CCCF875
:102D200000A0D9F8003043F48053C9F80030D9F836
:102D3000003043F00103C9F800303B6843F0010361
:102D40003B60236823F0404323600368002BFCD0E2
:102D5000D7F804900AE0491E4B1C07D15946236856
:102D600023F0404323600368B34203D2DCF8003011
:102D7000DB05F0D57968CCF800A09EF8013013434C
:102D800006D0A1EB09010D444FF47A71491EFDD123
:102D9000521CDFF8C0C04245FFF477AF009880F3C3
:102DA00010886446607818B9A8F1010884F800809A
:102DB0006088FEF3BCF241EC180B2078FEF3B7F20A
:102DC00041EC190B2846FEF3B2F253EC192BFEF33B
:102DD0002EF241EC190B21480068FEF3A8F253ECE7
:102DE000192BFEF324F253EC182BFEF3AEF1FEF395
:102DF00049F36060184C206820F00100206000203A
:102E000011F020D9206820F480502060206820F440
:102E10000050206011F0F6D8EFF31080012181F30B
:102E200010880D496FF400722C310A6080F310880D
:102E30002120FFF3BCF00198386004490298086033
:102E400003B0BDEC048BBDE8F08F0000FCED00E0AA
:102E5000001000E06091003018C500A00889003023
:102E60000D49C0B20860081F016841F0010101600E
:102E70007047EFF31081012282F31088064A6FEA4F
:102E80000040403A106081F3108870470248001FEC
:102E90000068C0F34000704784C500A02DE9FC5FC6
:102EA000044600250026002C0AD0207A01280AD0EA
:102EB0004FF0010884F80880607A002728B10BE001
:102EC0000120BDE8FC9F0220FBE7E7602761277235
:102ED0005C49204614F424F720680168D1F8101CDE
:102EE00001F0010111B12169F1B36CE0DFF858A1E3
:102EF000DAF8000040F02000CAF800002068C0F8AE
:102F00000480206803F06EFBC5B2002D5CD1DFF8B1
:102F10003CB1DFF83C91204609F4B2F74D484068D7
:102F20004DA106C9CDE90012DAF8001001F0070240
:102F30001DF802504543B0B1DBF8000040F080714D
:102F4000CBF80010D9F8001041F00102C9F80020B8
:102F5000D9F80420D9F804309B1AAB42FAD3C9F847
:102F60000010CBF8000000E013E0204602F053FD13
:102F7000C5B2761CB6B215B1B6F5FA7FCBD3606890
:102F800028B920684760206803F02CFBC5B2A76110
:102F90001AE0E168B9B9EFF31086012181F31088D6
:102FA000C0F80480206803F01DFB204609F4A0F55A
:102FB000C5B20DB10320A06120684760206803F00E
:102FC00011FB86F31088676084F809802772284611
:102FD00077E72DE9F0411C4874300068850AAD029E
:102FE0001F4C204800682049884202D11F482AF41B
:102FF00099F7184E01203070C70575B177F430F39A
:1030000058B1D4E90201884212D1A0F18070B842CF
:103010000ED21748FFF742FF0AE0D4E902018842C6
:1030200006D1A0F18070B84202D21148FFF736FFF6
:103030000020307003F030F8E068BDE8F0412AF479
:1030400071B70000801A060004C500A0FCED00E086
:10305000001000E08891003040301018102000006F
:10306000101F800080218000444F4F47002C060035
:10307000641F800008B50E48006800900098800723
:1030800004D00098C00301D4012008BD002008BD71
:103090000849C0B20860081F016841F001010160E1
:1030A00070470448001F0068C0F3400070470000EC
:1030B00038E200A084C500A0FEB5054600200190BE
:1030C00000903A2002904FF47A763346012202A90A
:1030D00028681DF4ABF30446E4BB6946284602F0B9
:1030E00034FEBDF800004FF00407400620D406204F
:1030F00002903346012202A928681DF497F3044682
:10310000FCB901208DF80400BDF8000040F040003B
:103110008DF805003346022201A928681DF486F3C4
:10312000044674B98449284609F46EF6044644B945
:1031300002973346012202A928681DF477F304465A
:1031400044B102973346012202A928681DF46EF3A8
:103150002046FEBDFFE72046FBE738B505460C4696
:10316000284609F443F5002816D101208DF8000007
:103170008DF80140022040EA14208DF802004FF43F
:103180007A730322694628681DF450F3002803D19E
:103190006949284609F438F638BD38B50446002098
:1031A000009031208DF80000022040EA11208DF8B7
:1031B0000100204609F41AF500280CD14FF47A7367
:1031C0000222694620681DF431F3002803D15A49D0
:1031D000204609F419F638BD38B50446002100919F
:1031E0006946204602F0B1FDBDF8001041F40071BF
:1031F0000091204609F452F638BDF8B50646002481
:1032000000250095F0684D4988420DD1009569462A
:10321000304602F09AFDBDF80010880525D43046EE
:10322000FFF79BFF044620E03046FFF7D5FF04463A
:1032300020001AD16946304602F087FDBDF8001023
:10324000880512D43046FFF7A8FF044620000CD1B1
:1032500000956946304602F078FDBDF800108805FB
:1032600003D43046FFF779FF04462046F8BD10B579
:10327000C168C9B2C268C2F30742202A04D1162924
:1032800002D9FFF719FF10BDFFF7B7FF10BD2DE9F9
:10329000F0410446EFF3118620680168D1F8101C54
:1032A00001F0010101254FF00208002919D024493D
:1032B0000A7824490968C1F30221491C05FA01F181
:1032C0001144C9B281F31188EFF3108785F3108898
:1032D0004560206803F086F984F8098087F3108838
:1032E0000BE0204609F4CCF5204609F401F410B1B6
:1032F0000320A06101E084F809802046FFF7B7FFB2
:103300008046606830B1204609F430F4657240466A
:10331000BDE8F081EFF31087012080F31088216869
:1033200000204860206803F05DF9657287F310881B
:10333000F0B280F31188EAE7801A06001760850072
:1033400002E400E00CED00E02DE9F04705460E46F2
:10335000E44F3868C0F38824DFF88C83DFF88C935F
:1033600010E0281BB04201DA2C4601E0A01984B21B
:10337000386800EA080040EA8420386099F80200C2
:1033800076F4B7F7AC42ECD310E0601BB04201DA40
:103390002C4601E0A01B84B2386800EA080040EA2D
:1033A0008420386099F8020076F4A3F7AC42ECD898
:1033B000BDE8F08770B5CD4D698AE889FFF7C4FF95
:1033C000C84E361F306800F01F040FE0E978021B7A
:1033D0008A4201DA044601E06018C4B2306820F085
:1033E0001F0020433060A87876F483F76878844221
:1033F000ECD370BD70B5BD4D698A288AFFF7A4FF74
:10340000B84E361F306800F01F040FE0E978221A2A
:103410008A4201DA044601E0601AC4B2306820F042
:103420001F0020433060A87876F463F72878844240
:10343000ECD870BD0020AE498A8BA2F58E43443B88
:1034400002D1887800F01F00082803D0092801D095
:10345000002070470120704770B5FFF7EBFF002890
:1034600054D0A349888BA0F58E42443A4ED191F8AE
:103470002900020605D5C0F34112801A00F01F038F
:1034800004E0C0F34112104400F01F0391F82B0038
:1034900000F01F02934D143D2868944CC0F3044083
:1034A0002064904E283E3068C0F3C4406064206BB6
:1034B000FF2804D03C2805DD0C21082009E00A2162
:1034C000062006E0202802DD0B21072001E00A216A
:1034D000062019441F2900D31F21824201D9101A46
:1034E00000E000202A6822F4F81242EA0141296033
:1034F000316821F4780141EAC04030602868C0F3A7
:103500000440A0643068C0F3C440E06470BD10B5EE
:10351000FFF790FF002819D07548808BA0F58E41E9
:10352000443913D16F481438016821F4F8126F49F7
:1035300040310B8842EA034202606A482838026838
:10354000898822F4780242EAC141016010BD7047C7
:1035500010B51A20FEF381F50120FEF37EF51B2045
:10356000FEF3A9F540B35F4834380068C0F300109B
:1035700010B1202000F0A9F800F09DF85D49087016
:10358000087810F0FFDC28B11220FEF3FFF51220BE
:10359000FEF363F5534C0C342068C0F3001010B1F7
:1035A0001B20FEF35AF5FF2000F08FF86FF00400A7
:1035B00020601B20FEF308F54F48007810B11B2057
:1035C000FEF34BF51220FEF348F51C20FEF345F503
:1035D000BDE810402120FEF340B510B503F03BF8E4
:1035E0001820FEF3F1F41920FEF337F50220FEF364
:1035F00034F50EF0CDD9FFF7AAFF73F405F5BDE859
:1036000010405DF443B710B503F025F81820FEF321
:10361000DBF41920FEF321F50220FEF31EF50EF077
:10362000B7D973F4F1F40120FEF317F5FFF78FFF1C
:103630001B20FEF340F540B32A4834380068C0F33D
:10364000001010B1202000F040F800F034F82949B3
:103650000870087810F096DC28B11220FEF396F579
:103660001220FEF3FAF41F4C0C342068C0F3001053
:1036700010B11B20FEF3F1F4FF2000F026F86FF0EC
:10368000040020601B20FEF39FF41B48007810B15B
:103690001B20FEF3E2F41220FEF3DFF41C20FEF305
:1036A000DCF41A20FEF3D9F42120FEF3D6F4BDE8B1
:1036B00010405DF4EBB60B480C3000680949C0F3CC
:1036C00007402031096808407047EFF3108101225C
:1036D00082F31088034A6FEA00400C32106081F3D5
:1036E0001088704738C500A0FF03F8FF189300301A
:1036F000123280005C910030F494003008B56846C6
:1037000018F0ECDB28B99DF80000022803D001284E
:1037100003D0002008BD022008BD012008BD70B5FF
:1037200004460D46FFF7EAFF02280AD0012807D118
:10373000206820F47F102060286820F47F10286023
:1037400070BD284821680140216029680140296036
:1037500070BD1CB501900020009001A96846FFF7DC
:10376000DEFF0198204900F0AA3008601E4818309A
:103770000168C1F340010029FAD11B4A0A211C3219
:103780001160016841F0010101600168C1F340016D
:103790000029FAD11CBD1CB500210191009001A99E
:1037A0006846FFF7BCFF10490098091F08601CBD60
:1037B00070B50D4805680024FFF7A0FF022802D06D
:1037C000012803D004E0074CE44301E04FF47F14E8
:1037D000254206D02846FFF7BCFF2846BDE87040CA
:1037E000D9E770BDFF03C0FF68C500A070471FB5D3
:1037F0000446AF49AF4807F45BF0002813D1684690
:103800004FF412F100980290204420F07041A84833
:103810004160A94981604FF425F304B0A448BDE894
:1038200010404FF497B31FBD017E6C2211FB02F2D2
:10383000A2491144B1F8482102F01F02022A05D022
:10384000B1F8481101F01F01032905D14FF03041B3
:103850000A6842F080720A6050F43AB610B598498E
:103860000022984B0C6824040FD538B10C68C4F3BF
:103870000E040C605C88641C5C8006E00C68C4F379
:103880000E040C609C88641C9C801431521CD2B2C3
:10389000062AE7D310BD8C4991F80221012A1CD9D0
:1038A00091F80011814218D0844A02EB0010008880
:1038B000C0F3C200022810D302EB01100188C1F34B
:1038C000C201022909D3018821F0380141F0180111
:1038D00001807C490889401C088170472DE9F84324
:1038E0000446C4F30365A846270F774E96F80001F7
:1038F000A84204D0754A1188491C1180054620074A
:1039000002D5284651F4E0F1E00602D5284651F4EC
:1039100075F0600602D5284651F436F0A00602D5AF
:10392000284651F497F160074FF000090BD5634822
:1039300000EB0710018821F0380141F030010180CF
:10394000384651F4C5F0A0075BD55E4F0120787072
:103950004FF4A070F8605E484FF484F24046FFF7E1
:103960009AFF284650F4A2F45A480078012801D161
:1039700000F0CCF80020FFF771FFDFF85C81D8F889
:10398000000090B1CDF800906946284605F4A0F3F8
:10399000C4B2FF2C09D09DF80010204650F47EF4EC
:1039A0000146D8F80020204690474C48006800B1F6
:1039B00080474B48007801280FD196F8020160B982
:1039C00048480078C11D1F2901D91F2000E0C01DF3
:1039D00045490A6860F3D7420A60444906EB05147A
:1039E0006068096888420CD1207A11F0B1DF0028A4
:1039F00007D13969002904D0A06801B0BDE8F043BF
:103A00000847BDE8F88370471FB53949394A086847
:103A10001268904200D8104608602A4CE168814242
:103A200000D90846E0604FF4A071884200D80846EB
:103A3000E06068464EF4F8F700980290E1680844A8
:103A4000234920F07040486008464FF40BF204B060
:103A50001F48BDE810404FF47DB2006826498842F7
:103A600005D02649884202D02549884201D100204C
:103A700070470120704710B504462046FFF7EDFF60
:103A800008B1FFF7C1FF1C49206888420CD11D48CE
:103A9000002182690B4890F9000090471A490A8872
:103AA00022F0FF0202430A802046BDE81040AAE748
:103AB0004C570130341C8000F9508000008000B069
:103AC0006C8800B05C940030C01A8000E60680006C
:103AD000B41A8000E4940030F8068000FC068000F0
:103AE000229300302393003010C500A024068000EC
:103AF000F006800054068000B1F10400A1F103003B
:103B0000E5210400BC0B8000688100B02DE9F04F76
:103B100087B08E4850F804BC016806914117C16710
:103B2000C0F88010BFF34F8FBFF36F8F884E34689B
:103B300001254FF03040D0F8E000C0F3094085493E
:103B40000988084487B204A84EF46EF782480078CA
:103B5000012800D1F027DFF8F8A16FF07849DFF8ED
:103B6000FC810AF1180AC7E060680499411A21F043
:103B7000704140F271225143A368059A1944891A91
:103B800072692AB15268121A22F070424A457CD3F7
:103B9000049A121A22F070424A4505D2049A8242CF
:103BA00073D10598834270D9B9427FD96C4840F2ED
:103BB00071220078401C10FB02F06A4A12881044FF
:103BC000814272D27461624806F4D1F70446E0691A
:103BD000002869D0DDE90401CDE9020162480068EE
:103BE00000B18047E169204688476048006800B11D
:103BF000804768464EF418F702990098401A40F240
:103C000071214843019908440399401A80B2584AE7
:103C10001188814200D801461180564A118881429C
:103C200000D20846108000996068091A21F070419E
:103C3000494506D20099814219D1A168019A914261
:103C400015D90099401A40F271214843218908444E
:103C50000199401A80B2484A1188884200D9014629
:103C60001180464A1188884200D308461080D8F84F
:103C7000000070B1207E4FF407F250B1617E207ECB
:103C800050F40CF30146207E00E00FE0D8F800204D
:103C900090473B480078012824D13A4802783A48B6
:103CA000016862F3D74101601CE028E037480078E2
:103CB000A84204D2C72236A139A001F49BF42448BB
:103CC00006F455F70446207E012807D1607E01F0F6
:103CD000DDFB18B1607E01F0E4FB03E021465046B5
:103CE00006F46AF734686D1CEDB202A84EF49CF637
:103CF000DDE90201CDE90401002C7FF435AF4FF47A
:103D0000AFF5DAF8000010B1002010B103E0012097
:103D1000FBE74EF47BF60D48001FC0F800B0069993
:103D2000416007B0BDE8F08F817D7F227F2900D9F7
:103D30001146817508490978012905D140F27121A0
:103D40000161224A002111804FF4F4B304E100E044
:103D5000B4198000B4068000E4940030CC068000E2
:103D6000D2038000B0068000C0068000C406800038
:103D7000B6068000B8068000BA068000BC06800047
:103D8000229300302393003010C500A0AC068000C1
:103D90007363685F6172625F70617463682E630051
:103DA000675F7363685F6172625F7069636B5F6CAA
:103DB000696D6974203E3D207363685F6172625F64
:103DC0007069636B5F636E7400000000AE06800074
:103DD00070B54FF03045EC69600603D5402028628D
:103DE0004EF4D4F6A00603D5202028624EF49CF6AB
:103DF000E00707D0012028624DF4AEF1C00701D0E2
:103E00004EF4D0F7200406D5686A4FF400412962C9
:103E1000384909688847A00707D5022028624DF471
:103E20009BF1C00701D04EF441F7E00603D5102006
:103E300028624EF429F6600703D5042028624EF468
:103E400047F1200705D508202862BDE870404EF4F0
:103E5000D5B570BD2DE9F041274F4FF030461BE03E
:103E6000200603D58020706144F4CEF00DB1FFF739
:103E7000AFFFE00310D5306E7968084204D0306E91
:103E8000CE231EA201F4CCF34FF48030706116F003
:103E900069D93888401C38803469F56954EA0500CE
:103EA000DED1BDE8F08110B5184801F07BFE18485E
:103EB000006800B180474FF03040C069400604D52B
:103EC0001448016841F00C0101606AF489F5044668
:103ED000FFF7C0FF20466AF44DF50F48006800B1B7
:103EE00080470E4902200860BDE81040074801F0F5
:103EF00082BE00000C078000709400307277626C04
:103F0000655F70617463682E63000000641F800049
:103F100064238000842001B06823800000E200E078
:103F2000FB4AFA49116046F423B42DE9F04F8BB0F7
:103F3000F849497FFF2908D04FF030435A6ECC0032
:103F40008021A1408A430A435A66F349096851F81F
:103F50002050487BC0EBC000C0B20990F7E3EF48A7
:103F600090F8E8000790079800EB80008100EC488B
:103F700001EB0008B8F87E986A8F40F272618A42BD
:103F800002D946F439F2E2E3B8F86E180891DFF886
:103F900094B3BBF86A11491CABF86A11089911F087
:103FA0003D0F0CD0089901F03D01102907D0BBF856
:103FB0006C01401CABF86C0146F41EF2C7E305F13E
:103FC00058040A94FF210691002105910491039160
:103FD00000270026012185F84610B8F8700800F087
:103FE0000F0002900298092817D20298052814D0D1
:103FF0000298032811D0029808280ED002980728AA
:1040000057D268461FFA89F10622C54B1944FCF3C2
:10401000F1F30298042808D010E0BBF86E01401CB0
:10402000ABF86E0146F4E8F191E30622211D6846E3
:10403000FCF331F410B1FF20A07575E02621204675
:10404000FCF3F1F30298012810D00620049003AB92
:1040500000220799029846F4B7F570B1FF20A075C9
:10406000BBF87001401CABF870015DE0B8F8700857
:10407000C0F3C010207606200590AB490298085C7A
:1040800060750298042805D195F84300062801D1EF
:104090001A2060750020A07560760421A176A074B6
:1040A0007F20E076B8F87008C0F380100690E075C5
:1040B0003AE0B8F87C0800F03F0AB8F87008000A47
:1040C000504502D8FF20A0752EE0BAF1000F02D0B3
:1040D000AAF1010000E00020C0B2049003AB5246F8
:1040E0000799029846F470F538B1FF20A075BBF827
:1040F0007001401CABF8700116E0002085F842000A
:10410000BAF1000F01D0B8F87C7895F84100E0B121
:1041100001286ED002286DD003286CD040F2A7424F
:1041200082A187A001F466F2A07DFF280CD0089838
:10413000C0067DD5607D400704D577480068407D86
:10414000012875D8FF20A075EAE326212046FCF35C
:104150006AF3002169870120A07595F83F00607619
:10416000B8F87C08C0F3811BBBF1010F03D0BBF191
:10417000020F05D008E0607D40F00100607503E0AB
:10418000607D40F0020060750020A074BAF1000F5D
:1041900073D0DFF8B0A1DAF8000008B10021417057
:1041A000F90510D5BBF1000F0AD195F83F1009B100
:1041B000F90405D4B8F87018C1F38011069101E034
:1041C00027F480770626B90519D5BBF1000F13D166
:1041D00095F83F1009B1F9040ED4617D41F0040156
:1041E0006175B8F87018C1F3C0112176F1B205916C
:1041F00004E0C0E028E294E227F40077B61D7905D8
:1042000000D5761C390510D509EB060189B2444A60
:1042100011440A78497842EA012129872182012143
:10422000A17450F0010120D0B61C70B1F80500E077
:1042300007E30AD5DDE906101FFA89F247F4F4F71F
:1042400018B1DAF8001001204870F8044BD509EBDA
:10425000060101A889B20322314B1944FCF3CAF2CA
:104260000198C0F3425018B108E0FF20A0755BE749
:104270003549096B11B188470DE075E0012804D17B
:104280003149496B09B1884705E0022803D12E481E
:10429000806B00B18047B8F86E08C0F3402048B189
:1042A00001982863022085F84200012085F841002A
:1042B000F61C1FE0019AC2F3425078B101280DD0DC
:1042C00002280BD0002058B105F1480007993BF4B3
:1042D00065F528B1012085F84200E6E70120F2E704
:1042E000FF20A07520E70698FF282FD00020A0759A
:1042F0000420A076B80400D51236780431D595F89C
:104300003F0038B3BBF1000F22D02FE0580005006A
:104310000C0201B008088000600680007412800062
:10432000008000B0400C8000A8EB05006C6C645F5E
:104330007363616E5F70617463682E6300000000D8
:104340003000000064068000841F8000FF20CEE75C
:10435000F8040BD409EB060080B2FD49405CE0761E
:1043600004E07F20E07601E0FF20A0750698E0756C
:1043700000200390D8E69DF80C006887B8F8720812
:10438000800BA076BAF1000F71D0B80405D5F148C2
:10439000006810B14FF0010A01E04FF0000AF80583
:1043A0001ED5E07DFF2803D027F48077062629E07C
:1043B000B8F87008C0F380100690E075E648006811
:1043C000407D012803D00328F0D1B805EED4B8F819
:1043D0006E08C0F3C0200028E8D1FF20A075E5E7F3
:1043E000DD480068407D012801D003280AD1E07D26
:1043F000FF2807D14FF030400068C0F3802008B19B
:10440000FF20A075B80510D5607D04280AD040F0C3
:1044100004006075B8F87008C0F3C0102076F0B2E0
:10442000059001E027F40077B61D780500D5761CCD
:1044300038051DD509EB060080B2C549084401784E
:10444000407841EA0020298F814203D0FF20A075E7
:104450004FF0000AB61CBAF1000F17D0F80515D5B9
:10446000DFF8F0B2DBF80000407820B10EE0E5E0C4
:10447000FF20A07558E6DDE906101FFA89F247F41F
:10448000D3F618B1DBF8001001204870A07DFF289A
:1044900039D0F80425D509EB060101A889B2032219
:1044A000AB4B1944FCF3A6F1B8F86E08C0F34020FA
:1044B00048B101982863022085F84200032085F85E
:1044C0004100F61C22E005F14800019A07993BF4EF
:1044D00065F418B1012085F84200EFE70220A075CD
:1044E000ECE7607D800703D595F83D00012804D0F6
:1044F0000020A07585F8410008E00020A07502208A
:1045000085F8410002E0F80400D5F61CB8046FD528
:10451000208A000B0190BAF1000F79D0DFF834B295
:10452000DBF800004178012972D1A17CE9B38188D0
:10453000019A0120904001426AD03023FF220021DD
:1045400040F203202AF4A6F1824609EB060081B26C
:104550000AF1020047F4F2F640B3584600680078CA
:104560008AF80000B8F874B8B8F876080090009897
:10457000000B05D040F61B027849794801F43AF067
:1045800000984BEA0040CAF81800B8F87808C0F361
:104590000900C0F51C70AAF81C00B8F87208800B5E
:1045A0008AF81E00B8F87A0801E031E021E0AAF8A4
:1045B000200001988AF81F00DFF898B1DBF80000AE
:1045C00081798AF82210D0F80710CAF82310B0F8C1
:1045D0000B00AAF8270050462AF4A8F1FF20A07586
:1045E000DBF8000029F46AF60020CBF800001AE09E
:1045F0001AE0BAF8020010B9BAF80600E083504693
:104600000C382AF489F1DBF80010002048700AE029
:1046100009EB0600801C80B24D49084401784078BF
:1046200041EA0020E083123678047FF506AD09EBFD
:10463000060080B24649405CE07675E5FF20A07533
:10464000002085F841006FE59DF80C0068874FF069
:10465000010B84F816B0607D40F008006075BAF177
:10466000000F59D0F80514D5B8F87008C0F38010C1
:104670000690E07538480068407D012803D0032883
:1046800006D1B80504D4B8F86E08C0F3C02018B33A
:104690000626B80500D5B61D780500D5761C380568
:1046A00000D5B61CF80427D509EB060101A889B28C
:1046B0000322274B1944FCF39DF0B8F86E08C0F3B1
:1046C000402060B101982863022085F84200032051
:1046D00085F84100F61C13E0FF20A07524E505F1E4
:1046E0004800019A07993BF459F310B185F842B09C
:1046F000EDE70220A075EAE70020A07585F84100EB
:10470000B80400D51236780497D509EB060080B2BC
:104710000F49405CE07607E50020A07585F8410070
:1047200002E5698F9DF80C00014489B2698740F267
:104730007262914216D90221A17595F83A10401A79
:1047400000F272600390002085F84100ECE4FAE08A
:10475000008000B06406800060068000501F0201E7
:10476000A01F0201BAF1000F61D0F80500D506269E
:10477000B80500D5B61D780500D5761C380514D5CA
:1047800009EB060080B2F84908440178407841EA14
:104790000020298F814206D00220A07500200390BE
:1047A00085F84100C0E4B61C09E0607D000706D42E
:1047B0000220A0750020039085F84100B4E4F804BD
:1047C00025D509EB060101A889B20322E64B19445D
:1047D000FCF310F0B8F86E08C0F3402048B101981F
:1047E0002863022085F84200032085F84100F61C6A
:1047F00011E005F14800019A07993BF4CFF218B196
:10480000012085F84200EFE70220A075ECE70020C8
:10481000A07585F84100B80400D51236780495D506
:1048200009EB060080B2D049405CE0767CE4607D14
:104830006FEA0070C00F4000A075002085F84100AD
:1048400072E4607D152801D0B8051FD5059904F1E3
:104850000A00494489B20622C34B1944FBF3CAF744
:10486000B8F86E08C0F3801000B101206070B8F88D
:104870006E08C0F3801048B9207E20B1E17B032090
:10488000B0EB911F02D1FF20A07549E00698FF28E8
:1048900012D0201D1FFA89F10622B34B1944FBF3F5
:1048A000A9F70898C0F3C0102070B8F87A086080A3
:1048B0000898C0F30010E07495F8410001282FD04B
:1048C0002623FF22002140F2012029F4E3F70646C7
:1048D000A54FB8F87208C0B2A449C96988472077C3
:1048E000262230460A99FBF385F79DF80C0086F8DE
:1048F000200070B1A6F82290049886F824009C4805
:10490000002190F8E80000EB800007EB8000A0F8A1
:104910007E1898480068407B307530462AF406F0CF
:10492000A07DFF280AD1002085F841004FF03041DA
:104930000A6842F080720A6085F84200029885F8A1
:10494000430045F459F595F83C0045F43BF5002843
:104950007FF405AB0998C0EBC000410082480844D1
:10496000B0F8E418C90B29B1B0F8E41821F40041FB
:10497000A0F8E4188048407FFF2807D04FF030426D
:10498000516EC30080209840814351660BB0BDE852
:10499000F08F2DE9F041784F10264FF03045797FA8
:1049A000FF2906D06A6EC90006FA01F4A243224329
:1049B0006A667049096829B151F8201011B1FFF7F2
:1049C000B4FA07E040F28252AFF2A061AFF2906019
:1049D00000F410F6787FFF2804D0696EC00086408E
:1049E000B1436966BDE8F0812DE9F74F82468B46F9
:1049F000DFF8849120274FF0304899F81D00FF28F8
:104A000008D0D8F86410C20007FA02F081430143CD
:104A1000C8F864105A495948086056480168002986
:104A20005FD051F82A00E8B3044694F83C6094F84B
:104A300040102046022905D00021002584F840506E
:104A400021B90BE00121F8E745F4D6F4304645F4EE
:104A5000B9F40028F8D145F43BF549E001214EF4C2
:104A60007DF76C20464340483044B0F86811C1F3EC
:104A7000802181B1B0F8681121F48061A0F868113B
:104A800094F84100032802D1504647F49DF484F87D
:104A9000425084F841505046FFF747FA94F84200DC
:104AA000022800E01DE004D094F8461061B9012806
:104AB0000AD194F84100032802D1504647F484F407
:104AC00084F8425084F8415094F84100022801D102
:104AD00084F841502B4B594650461B68029A984720
:104AE00006E040F26C53AFF2BC72504600F498F509
:104AF00099F81D00FF2806D0D8F86410C000874040
:104B0000B943C8F86410BDE8FE8F70B506460D467F
:104B10001446022D07D340F28F53AFF2F0722146B4
:104B2000284600F47DF5184900207CB1012C14D0F2
:104B3000022C2BD0042C32D04FF4B663AFF6140203
:104B400021462846BDE8704000F46AB50860E8B226
:104B50003146BDE87040002246E70860E8B23146C1
:104B6000BDE8704001223FE7008000B0BC0B800030
:104B70007412800060068000080880000F000500A5
:104B80000C0201B05C0680005406800007490868EA
:104B90006FF308000860E8B2BDE87040F9E608600D
:104BA0002846BDE8704045F477B70000240100B006
:104BB0002DE9F74F82B0FE48029950F821400020BD
:104BC000019080461C2660680090A56DB4F89400A2
:104BD0006FF0784C81076AD5C00768D04FF00009A4
:104BE00084F8AD90002A62D0A26FE16E8818401B55
:104BF00020F0704060455AD2B4F8860038B3B4F85B
:104C000094104B0553D54B0751D409074FD494F852
:104C1000561081B1B4F88CA0B4F88E30B4F85410AA
:104C20000AEB03078F4203D007F1010B8B450FD12D
:104C300084F8AD903BE000FB025121F07045B4F8E0
:104C40008E100844A4F88E00012084F8AD002EE0F8
:104C500007447F1A1FFA87F947F6FF77B94512D242
:104C6000A1EB0A01C91A491E89B201B388421ED3B9
:104C700001FB025020F070455818A4F88E00012066
:104C800084F8AD0013E000FB025121F070451918C3
:104C9000A4F88E10012084F8AD0008E0A06F28442D
:104CA00020F07045B4F88E00401CA4F88E000398E4
:104CB000401B20F070416FF078408142EED3E76EE8
:104CC00094F8560001284DD194F85300E8BBB4F88D
:104CD0008C10B4F88E000144B4F85400081A81B264
:104CE00047F6FF7081423DD294F8520030BBB4F8D1
:104CF0004C00284420F0704594F89400C007002828
:104D000005D0B4F8500005EB500020F07045616C00
:104D1000A167B4F84E10A4F88610A16CE1674FF0BB
:104D2000010784F8527003D094F8A50010F03ADE21
:104D300094F89400C00701D184F853702F46B4F85A
:104D40008C10B4F88E00014400E00BE0B4F854007D
:104D5000081A80B203E0A16F791A21F07047401E53
:104D600080B2F8D294F89400800702D5D4F87CB0D1
:104D70000AE1A06F00EB40004FEA400B04E1A946B6
:104D800094F89400C00762D04FF0000AB4F9828012
:104D9000206EA9EB000020F070464DF427F108B119
:104DA000142002E08348B0F8E400B4F88A10084404
:104DB00070434FF4C861B0FBF1F0402101EB4006B5
:104DC00094F89400800707D44FF0010AB4F88400E7
:104DD00040F2712100FB016694F8560001280DD1C4
:104DE00094F8520050B194F8530038B94FF0010ACA
:104DF000B4F8500040F2712100FB0166BAF1000FD7
:104E000005D1A06F40F271214843B0426ED97108BC
:104E100040F27120B1FBF0F0A9EB000222F07049E2
:104E20006FF41C7200FB0210A8EB0008B8F1000F31
:104E300005DAA9F1010929F0704908F27128C4F8CE
:104E40000880206F304420615B4988424ED8B4F816
:104E50009400400409D594F8A5003EF453F1B4F849
:104E6000940020F48041A4F89410B4F89400000455
:104E700009D594F8A5003EF437F1B4F8940020F475
:104E80000041A4F89410C4F8049094F8A5004B498C
:104E900000EB400011F82000012801D10020A0758E
:104EA00094F8A50000EB400001EB80004078012859
:104EB00001D1FF21A175424920460968884798B170
:104EC0004049A07D497A0844A075A06F284420F08D
:104ED0007045B4F88E00401C80B2A4F88E0094F89F
:104EE0005610012950D102E00120019052E094F8BF
:104EF0005310E1BBB4F88C100144B4F85400081A04
:104F000081B247F6FF7081423ED294F8520038BB1E
:104F1000B4F84C00284420F0704594F89400C00781
:104F2000002805D0B4F8500005EB500020F0704583
:104F3000616CA167B4F84E10A4F88610A16CE1670B
:104F400003D094F8A50010F02DDD012084F8520064
:104F5000D4F87CB094F89410C90701D184F85300B8
:104F60002F46B4F88C10B4F88E00014400E00BE03A
:104F7000B4F85400081A80B203E0A16F791A21F046
:104F80007047401E80B2F8D2E81B20F070405845B0
:104F9000FFF4F5AE019838B3002084F8A600A565AB
:104FA00094F89400C00710D0A4F8808038360BE045
:104FB000B413800074128000801A06003458013047
:104FC000D406800083DB0500E66560680099401A1E
:104FD00020F07040B4F88610A26F491C51438842FB
:104FE00026D94DF413F523E007EB0B0020F07041B8
:104FF000B4F89400820712D5039A521A22F0704333
:105000006FF0784293420AD3FC48029A50F822008B
:10501000CC304160FA4981604DF49CF708E080078C
:1050200001D5082200E03E22012102983DF4C0F79C
:105030000298F44B00EB400103EB81004278022A16
:1050400006D100224270826812B113F82100904705
:10505000ED4890F82100FF2807D04FF03042516E04
:10506000C300402098408143516605B0BDE8F08FF1
:1050700030B4E64C0023636130BC3EF44BB32DE901
:10508000F04F89B00446E0484FF030494FF0040B30
:1050900090F82100FF2808D0D9F86410C2000BFA5C
:1050A00002F081430143C9F86410002C7ED094F8CB
:1050B000A5704FF00008D34B07EB470003EB8000CF
:1050C0000221427821250B26012A1BD1B0F806C007
:1050D000B4F88C20944515D1417094F8A50000EBEC
:1050E000400003EB80008288A26794F8A50000EBE3
:1050F000400013F82020012A0DD003EB80008278B5
:1051000084F8A32094F8A50000EB400013F82020B9
:10511000012A13D023E003EB800094F8A3208270CF
:1051200094F8AB00012803D194F8AA00012802D01A
:1051300084F8A360E6E784F8A350E3E794F8A3209B
:10514000142A0CD903EB8000827094F8AB0001287C
:1051500003D194F8AA00012875D084F8A360B4F8AC
:105160008C20B4F88E001044A4F88C006C2207FB4D
:1051700002F3A74A9D18A5F8A401B4F8940020F4FE
:105180008072A4F8942094F8A5009C4A52F820005C
:1051900090F8D800B5F8682122F0FF020243A5F884
:1051A00068219A484161B4F8940000E00FE180055D
:1051B00026D5B4F89010B4F88E2094F8A40002FB21
:1051C00000102521B0FBF1F201FB120006B2002E07
:1051D00001DA253636B206F0FF0A5FEA9A1005D0EA
:1051E00040F204428B498C4800F404F2B5F86001A7
:1051F00020F03F0040EA0A00A5F86001A4F89060A2
:105200004FF0000AA4F88EA094F89400C00728D0AC
:10521000E06D401C40084FF4AE62B0F5804F15D3EE
:1052200000F51C7040F27121B0FBF1F086B2F00B7A
:1052300003D07849794800F4DDF146F40040A5F840
:105240006A010EE0FFE784F8A35088E7401CC0F332
:105250004F06F00B03D06F49704800F4CBF1A5F86E
:105260006A6194F85600002869D0B4F88C20B4F82C
:105270005410511A89B247F6FF7291425FD2022848
:105280002AD194F84800400905D040F2394264A17F
:1052900067A000F4AFF194F8441094F8450041EA97
:1052A0000020A5F8760194F8461094F8470041EAEA
:1052B0000020A5F8780194F84860700905D040F204
:1052C000A2725449694800F495F1B5F87A0120F0CA
:1052D0001F003043A5F87A0194F85600032825D121
:1052E00094F845606FF00C0010EA860F05D040F28C
:1052F000112248495E4800F47DF1B5F84E0120F0D6
:105300000C0040EA8600A5F84E0194F84460B0080D
:1053100005D040F21D223F49564800F46BF1B5F824
:105320004E0120F003003043A5F84E0194F85600DA
:10533000012802D194F8530008B14FF001084E48FB
:105340000068019060680290A06803908DF81C705E
:10535000059720690490A07D8DF818008DF819A09C
:105360008DF81AA00F208DF81B008DF81EA08DF867
:1053700020A08DF81DA0A06F404940000860404962
:1053800001A80968884794F8A600022802D00120E5
:1053900084F8A600B8F1000F03D094F8A50042F4F9
:1053A000ABF594F8AB00374A18B9116B09B18847CF
:1053B00013E0012803D1516B09B188470DE00228A1
:1053C00001D0032809D1906B38B1804705E040F245
:1053D000515213A12CA000F40DF10B4890F82100BC
:1053E000FF2808D0D9F86410C0000BFA00FB21EAAE
:1053F0000B01C9F8641009B038E60000B41380004E
:1054000049DD04003458013008088000003001B044
:10541000008000B0CC1F0201681F020104210201BC
:105420006C6C645F636F6E5F70617463682E6300A1
:1054300028636F6E5F7061722D3E696E7374616E6A
:10544000745F70726F632E646174612E63685F6D48
:1054500061702E6D61702E6D61705B345D20262051
:105460003078453029203D3D20300000C820020121
:105470008C2002015020020124068000F0068000EA
:1054800008078000841F800030000000074951F8A1
:10549000200090F8A600022801D0002070470120CB
:1054A0007047162201213DF483B50000B41380003B
:1054B0002DE9F04F89B00446DFF810A14FF03049D4
:1054C0009AF81F00FF2808D0D9F86410C200042001
:1054D000904081430143C9F86410002C61D0DFF88B
:1054E000F0B0DBF8005094F8567094F84280E989E7
:1054F000A8894246636840F48DF66C2117FB01F2DF
:105500003449561806F5B4767081298BE88A4246EC
:10551000636840F47FF67084698C288C4246636827
:1055200040F478F6F084DBF8000090F859003188F8
:1055300021F0FF0101433180274800680190606835
:105540000290A06803908DF81C7094F855000590A7
:1055500020690490A07D8DF8180000218DF81910A5
:105560001E4880788DF81A000F208DF81B0094F8E3
:105570004100012800D000208DF81E008DF8201079
:105580008DF81D10208E164980000860154901A86D
:105590000968884701204FF401F4012084F83500A0
:1055A00005E04FF4957210A114A000F423F09AF8CE
:1055B0001F00FF2807D0D9F86410C20004209040D3
:1055C0008143C9F8641009B0BDE8F08F0808800075
:1055D00044068000008000B03C06800083DB0500AC
:1055E00054068000080780006C6C645F696E697403
:1055F0005F70617463682E6300000000300000007B
:10560000F848416821F001014160C16821F0007152
:10561000C160016821F001010160C16821F0807161
:10562000C1607047F0480068002810D1ED4841681B
:1056300041F001014160C16841F00071C160016841
:1056400041F001010160C16841F08071C1607047A3
:1056500010B5002200280CD0037A012B0BD00123B7
:105660000372447A0023012C07D0022203721046F1
:1056700010BD012010BD022010BD8361DB4C2160F4
:10568000F4E72DE9F04FADF5077D044690461D4641
:105690000027A1F18076EFF311800690EFF31080E0
:1056A0000590B1F1807F0ED320694A1900F1807016
:1056B000824208D8B8F1000F05D025B1A07A0128A0
:1056C00008D1880706D00820A06101200DF5077DCC
:1056D000BDE8F08F207A012809D001202072607A7D
:1056E000012806D00227002020723846EEE702206B
:1056F000ECE70020A06120680068D0F8100C00F0F2
:10570000010068B9204607F4BBF3204607F4F0F126
:105710000746380002D00320A061B2E00220607288
:1057200006EB050AAAE0F0B2C0F580757019824553
:1057300001D2AAEB060500200DF58E7904E018F8D9
:10574000001009F80010401CA842F8D347AF2168A8
:105750000868D0F8100C00F00100C0B1A348006840
:10576000C8B1A34A1268C2F30222521C9040C0B2D0
:1057700080F31188EFF3108B012080F310884860CC
:10578000206800F02FFF022060728BF31088A07A4F
:10579000012804D03AE0012080F31088EAE774F48D
:1057A0005FF798B305F0F007FFF72AFF0F2D06D932
:1057B00025F00F0207AB47A9304674F449F72807D4
:1057C00021D00020019002900390049049460DF1F1
:1057D000040B05F00F0904E03A188A5C0BF800206E
:1057E000401C8145F8D8F01901AB102201A974F4CE
:1057F0002FF7002007A904E03B181BF80020CA542B
:10580000401C8145F8D807AFFFF70CFF4FF47A70C2
:1058100000902B463A463146204607F457F2074699
:105820006068D8B920680168D1F8101C01F0010146
:10583000A1B9EFF31089012181F3108800214160A3
:10584000206800F0CFFE0120607289F3108867485D
:10585000006838B10698C0B280F3118867B10120A2
:10586000A0610EE0059818B1012080F31088F5E7DB
:10587000002080F31088F1E72E44A844B2453FF69B
:1058800052AF606801287FF42EAF204607F46EF116
:105890000120607227E72DE9F05F04460E469B4623
:1058A0000025A2F1807AEFF31188EFF31089002E22
:1058B0000CD1B2F1807F17D3206902EB0B0100F10C
:1058C0008070814210D8BBF1000F0DD0207A0128E2
:1058D0000ED001272772607A01280BD00225002004
:1058E00020722846BDE8F09F0820A0610120F9E75A
:1058F0000220F7E70020A06120680068D0F8100CB3
:1059000000F0010068B9204607F4BAF2204607F417
:10591000EFF00546280002D00320A06172E00220CB
:105920006072012E05D04FEA1A364FEA0636DA4485
:1059300066E0204607F468F10546280062D0A761BA
:1059400060E021680868D0F8100C00F00100C0B1D8
:1059500026480068E8B1264A1268C2F30222521CA7
:105960009040C0B280F31188EFF31085012080F3DE
:1059700010884F60206800F035FE0220607285F3C9
:1059800010883146204607F46DF10546606820B165
:105990001EE0012080F31088E6E720680168D1F856
:1059A000101C01F0010199B9EFF3108B012181F373
:1059B000108800214160206800F014FE67728BF3AC
:1059C00010880A48006830B108F0FF0080F31188A1
:1059D000A5B1A76116E0B9F1000F0BD0012080F34B
:1059E0001088F5E7A0E200A0589400300095003040
:1059F0000CED00E0002080F31088E9E706F5805602
:105A0000B2459ED8606801287FF469AF204607F44C
:105A1000ADF0677263E710B58AB004469F2002902C
:105A200000200390012104910590069007900890B2
:105A3000032009904FF47A7301AA02A920681AF48E
:105A4000BBF4002811D1E06808B9206978B19DF84D
:105A500005009DF80410000200EB01409DF80610BF
:105A60000844E16881421CD100200AB010BD9DF8B5
:105A70000400A0B1FF2812D09DF80510090201EB27
:105A800000409DF806100844E0609DF8060000F014
:105A90000F014FF48030884020610020E5E70120AD
:105AA000E3E70120E1E72DE9F04104460020217AF7
:105AB000012906D001252572617A0027012903D02A
:105AC00020E00220BDE8F081EFF31086012080F392
:105AD0001088A7610220607220680168D1F8101C4C
:105AE00001F0010119B14560206800F07BFD2046FE
:105AF00007F43CF0002800D0A56100D0A5616572D4
:105B000086F310882772DDE72DE9F047044600256B
:105B10000026207A012806D001272772607AA9463C
:105B2000012803D03AE00220BDE8F087EFF31088A7
:105B3000012080F31088C4F8189002206072206859
:105B40000168D1F8101C01F0010119B1476020680B
:105B500000F048FD4FF4FA7A204607F491F1204610
:105B6000FFF759FF0546761CB6B20DB15645F3D383
:105B700005B1A761606860B920680168D1F8101CA0
:105B800001F0010129B9C0F80490206800F02AFD55
:105B9000677205B1A761677288F3108884F808906E
:105BA0002846C1E710B504466068002801D00120EE
:105BB00010BD607A022807D0607A222804D0607A6B
:105BC000422801D0012010BD607A022809D0204669
:105BD00007F4F0F00028F6D1607A222809D041209D
:105BE0006072216800204860206800F0FBFC002003
:105BF00010BD2120F4E710B504466068002801D0EC
:105C0000012010BD607A022807D0607A212804D0D4
:105C1000607A412801D0012010BD21680120486030
:105C2000206800F0DFFC607A022809D0204607F4E3
:105C3000B3F00028F0D1607A212803D042206072AE
:105C4000002010BD2220FAE72DE9F05F04460D4642
:105C5000EFF31187EFF31089002D0ED0207A012881
:105C60000DD001262672607A4FF0000A012808D074
:105C7000022584F808A0284634E6012032E60220F6
:105C800030E6C4F818A021680868D0F8100C00F0BD
:105C900001004FF0020BD0B195480068F8B1954A69
:105CA0001268C2F30222521C9040C0B280F31188E5
:105CB000EFF31088012080F310884E60206800F018
:105CC00091FC2046A8470546280010D10BE020464D
:105CD000A8470546280028D184F809B007E001202C
:105CE00080F31088E4E784F809B088F310886068CE
:105CF000C8B920680168D1F8101C01F0010191B900
:105D0000EFF31088012181F31088C0F804A0206807
:105D100000F068FC667288F310887548006848B126
:105D2000F8B280F3118805B1A66160680128A0D19E
:105D300066729EE7B9F1000F03D0012080F310884E
:105D4000F1E7002080F31088EDE7F0B589B0064652
:105D50000C46002500950520019002950120039036
:105D60000495059506950795089025804FF47A7758
:105D70003B466A4601A930681AF41EF320889DF854
:105D80000010084320803520019000953B466A466C
:105D900001A930681AF410F320889DF8001040EA39
:105DA00001202080002009B0F0BD2DE9F041074618
:105DB0000126514C607A01281ED1EFF3108580F343
:105DC000108820680268D2F8101C01F0010121B18E
:105DD00001214160206800F005FC39464648FFF784
:105DE000B4FF0646606828B9216800204860206832
:105DF00000F0F8FB85F31088304663E62DE9F041AA
:105E0000074601263C4C607A012821D1EFF310852A
:105E100080F3108820680268D2F8101C01F001019C
:105E2000B04621B1C0F80480206800F0DBFB3946A1
:105E3000314807F433F0064684F80980606828B9D1
:105E4000216800204860206800F0CCFB85F31088B2
:105E5000304637E6F0B589B005460F46FF244B20A3
:105E600001900020029001210391049020210591CE
:105E700006900790102008904FF47A7607E033469A
:105E80003A4601A928681AF497F200288BD1641EBB
:105E9000E4B2F4D20CB1002085E7012083E72DE9BC
:105EA000F04107460126144C607A01281ED1EFF319
:105EB000108580F3108820680268D2F8101C01F069
:105EC000010121B101214160206800F08BFB3946BE
:105ED0000948FFF7BFFF0646606828B9216800201F
:105EE0004860206800F07EFB85F310883046E9E5C5
:105EF000009500300CED00E0641F80007E480168D2
:105F0000C1F3C01100290BD0016821F48051016058
:105F1000016841F480710160016821F04001016075
:105F2000704775480168C1F3C01100290BD00168A2
:105F300041F040010160016821F480710160016855
:105F400041F480510160704740F080406B49086027
:105F5000086840F0804041F8F409D1F8F400C0F33B
:105F600080700028F9D170471CB568464CF45CF588
:105F70006348DDE90012C0E902121CBD7CB5684629
:105F80004CF452F55E4CDDE90001C4E9040104F172
:105F9000100004F1080500682968401A20F07040DC
:105FA0006FF07841884220D3002001905548006866
:105FB00001A972F401F300EE100A2060F8EE400A25
:105FC0009FED511A80EE810AF6EE000A30EE200AAB
:105FD000BCEEC00A10EE100A2968084420F0704098
:105FE000FFF7B2FF6068401C60607CBD4FF030413D
:105FF000086BC0F3C0300028FAD08A6B886B9042DF
:10600000FCD070473C483C300168C1F3C0310029E6
:10601000FAD14FF03041086BC0F3C0300028FAD1FC
:10602000704710B534480068C0F3C01000280ED087
:106030003648007848B130483C300068C0F3C03082
:1060400018B11920FCF34BF018B1002010BD01204D
:1060500010BD012010BD10B52D48FFF7A3FDFBF3C7
:1060600023F6BDE810402A48FFF7C5BD10B5284803
:10607000FFF798FDFBF39BF6BDE810402448FFF7BF
:10608000BABD10B52248FFF78DFDFBF37FF6BDE8E2
:1060900010401F48FFF7AFBD10B5FDF7ABF9FFF794
:1060A00040FF1920FCF31BF0002804D019480068B9
:1060B000BDE81040004710BD1748006880F308880D
:1060C000BFF36F8FFCF785BF08B50B483C30006805
:1060D000C0F3C03000280CD00020009006486C307F
:1060E000006808490968401A694672F465F2400878
:1060F00008BD002008BD000004C500A0F40000B0E9
:106100000495003000E200A000401C441C950030C3
:10611000641F8000682480000C89003008B5FCF7FB
:10612000A9FF00280ED0E3480068C0F30B1000213F
:106130000091694672F440F240F27121B0FBF1F037
:10614000FDF755FB08BD10B5DA48883000688007B8
:1061500005D440F27112D8A1DCA0FFF74BDA4FF062
:106160003044206840F480702060FFF74BFFE01758
:1061700060612062FFF702FFBDE8104064F4ECB4F8
:1061800010B5E148FFF70EFDE048006800B1804718
:10619000DF4900200870AFF251004BF4FBF5DD49F8
:1061A0006FF0010008601920FBF328F7DA4CD4F8EF
:1061B000C002800705D440F29712BFA1C3A0FFF729
:1061C00019DAD6480168D4F8C40261F31D3040F0F2
:1061D0000100C4F8C402012074F41CF272F435F218
:1061E0004FF03044CE48C4F8400166F413F364F431
:1061F000F3F50020A061FFF7A6FF74F450F110B989
:106200000120FBF3D0F7FFF789FFC648006800B113
:106210008047BDE81040BC48FFF7EDBC38B50446E8
:1062200074F424F2BB482C300460BA49012480176E
:1062300008601920FBF3E2F61920FBF31BF700209E
:10624000009068466EF43AF00098806A804772F4D5
:1062500009F2FFF7CBFE4FF03040016821F4807166
:106260000160AB48047038BD10B50446FFF77CFEF2
:106270002046FFF7D3FFA748001F016821F4E02163
:10628000016010BD0FB500990298401A20F07040CF
:10629000B0F1006F05D902990098401A20F07040C3
:1062A0004042002806DC019A0399914202D84FF03F
:1062B000FF300AE09C49884200D9084640F271212B
:1062C0004843039908440199401A9849096811F014
:1062D000040F01D0012100E00021002900D000209E
:1062E00004B000BD2DE9F04188B000205EF4CDF18E
:1062F000064601205EF4C9F1054602205EF4C5F1B0
:1063000080460027079707A874F4B2F105A84CF45B
:106310008BF3059820F07040059085480468B8F12B
:10632000FF3F0ED039460497CDF80C8002910598B6
:1063300001900B46039A0198FFF7A4FF844200D313
:106340000446701C0DD039460497039602910598B7
:1063500001900B46039A0198FFF794FF844200D303
:1063600004466D1C11D0734908684968C1F51C7159
:1063700003900491DDE90501CDE9010101A80FC8F1
:10638000FFF780FF844200D3044608B02046BDE8F2
:10639000F08138B55E480078002801D0002038BD73
:1063A00000200090684674F463F100994868401C2E
:1063B00072F402F1604A00991288098900EB4200E8
:1063C0000C18FFF78FFFA04201D2002038BD0099C2
:1063D0000989441A600872F415F12146FFF744FF59
:1063E000012038BD10B5002400F0B2FD18B1012421
:1063F000FFF794FE07E0474840380068C0F3C0103C
:1064000008B1FAF397F2204610BD10B572F4F0F01F
:1064100008B1012010BD3E48806800B18047FCF7FC
:1064200029FE18B1FFF7DEFF012010BD002010BDCE
:1064300010B574F434F008B1002010BD0120FBF356
:10644000B2F60120FBF316F6012010BD70B5002452
:10645000EFF31086012080F31088FFF7E2FD374D3F
:1064600028B10224296801B3022088471DE0FFF704
:10647000DFFF20B12968C1B10020884715E0FFF790
:10648000C4FF28B10124296879B1012088470CE0B4
:10649000FFF77FFF28B10224296831B10220884725
:1064A00003E0296809B10020884786F31088204658
:1064B00070BD000038E200A0727769705F736C6590
:1064C00065705F70617463682E6300004D43555FB3
:1064D0005355422D3E424C455F44534C4545505F19
:1064E000434F52525F454E2026204D43555F535532
:1064F000425F424C455F44534C4545505F434F52C9
:10650000525F48575F454E00641F80006024800042
:106510001C95003044C500A000E000A05424800079
:1065200098031400642480008ADB680000E200E025
:106530006C248000EC0000B0462480005C248000C5
:106540001B48016841F4803101601B4819494160D2
:106550001A4981621A4801681A4A11401A4A1143BD
:106560000160416841F4F8114160816821F0FF0148
:106570008160416A21F47F4141F49051416213F0FE
:106580005B99134811490160124981601249016108
:106590000B4812497C38016011494160704710B5C1
:1065A00071F4A2F7FFF7EDFFBDE81040C8E7000067
:1065B000801001B002202002002001B0020022025F
:1065C000880201B0FFFF00FC0000020250025000F0
:1065D000800000B050076000011111000F0005009D
:1065E0000300010000F0DAB811F49EB210B5FCF718
:1065F000E1FEFCF731FF00201D4A1E4952F8203011
:106600001B6841F82030401C3128F7D31A48006835
:106610001A4A80B21043C1F8C4001948016821F435
:106620007F01016016481038016821F0F8610160AF
:1066300010BD10B500200F4A0D4952F8203051F816
:1066400020402360401C2528F7D306F4A9F4BDE8B8
:106650001040FCF75CBF10B52520064A044952F8EB
:10666000203051F820402360401C3228F7D310BD61
:1066700044950030245A01300CED00E00000FA058A
:1066800050C500A010B50268136843F00103136001
:1066900000BF00BF00BF00BF00BF00BF00BF00BF02
:1066A00000BFD2F80C3C23F00103C2F80C3CD2F836
:1066B000103C03F00103002BF9D1012906D0002181
:1066C000C2F870148068012804D05AE00121C2F891
:1066D0007014F7E7FB490868C0F34053086820F4DA
:1066E00000100860106800F4F064106820F4F06096
:1066F0001060106840F008001060106840F0020060
:10670000106000BF00BF00BF00BF00BF00BF00BFE0
:1067100000BF00BF00BF00BF00BF00BF00BF00BF81
:1067200000BF00BF00BF00BF00BF00BF00BF00BF71
:1067300000BF00BF00BF00BF00BF106900F0010034
:106740000028FAD1106820F008001060106820F0CE
:1067500002001060106820F00100106000BF00BF50
:1067600000BF00BF00BF00BF00BF00BF00BF106878
:1067700020F4F060204310601BB1086840F4001062
:106780000860D2F80C0C40F00100C2F80C0CD2F8F2
:10679000100C00F001000028F9D010BDF0B589B050
:1067A00004460025002C0BD094F8300001280AD0B4
:1067B000012784F8307094F83100002628B10EE0EB
:1067C000012009B0F0BD0220FBE784F830602046CC
:1067D00019F41CF74FF47A71204619F46FF720680A
:1067E000D0F8100C00F0010030B900220121204641
:1067F000A36B54F47FF30546D5B960680190A06897
:106800000290E068039020690890207DC0F340006A
:106810000690207D00F001000790102004900420D5
:10682000059001A9206800F079F9012804D001251C
:1068300084F830602846C4E76068012806D12068E3
:10684000D0F83C1441F00101C0F83C14666384F8B0
:106850003170EDE72DE9F74F044600680D4600F270
:10686000044800F5806700F21446D0F870B4301F79
:10687000016821F00801016020680121C0F870144E
:10688000A06A4FF0FF3A102847D9A06A702100F0A3
:106890000309206800F0EDF8A06A800821E0E06AB2
:1068A000102801D9102200E0E26A5146104600E0AB
:1068B0003960401EFCD211460FE030688006FCD4DF
:1068C000D8F80000030E05F8013B030C05F8013B66
:1068D000030A05F8023B05F8010C491EEDD2E06AF7
:1068E000801AE062E06A0028D9D1B9F1000F0FD018
:1068F000C7F800A030688006FCD4D8F8001000204B
:1069000004E00A0E2A540902401CC0B24845F8D3DC
:106910001021206800F0ADF812E0E06A514600E076
:106920003960401EFCD2E06A06E031688906FCD47A
:1069300098F8001005F8011B401EF6D20020E06216
:106940002168C1F870B4029B03B02046BDE8F04F47
:106950000022012154F4CEB22DE9F04704460D4641
:106960009046994694F8300001280CD0012684F80E
:10697000306094F831000027012806D0022084F806
:106980003070BDE8F0870220FBE76763022084F8DF
:1069900031004B4600220121204654F4ABF2F8B9F5
:1069A000222084F83100C4F82480E869A062E869F4
:1069B000E0622068D0F8181441F00101C0F8181402
:1069C0002946204654F4E1F14A4641462046FFF765
:1069D00041FF2168D1F8182422F00102C1F81824DF
:1069E00084F83160CBE72DE9F04704460D46904628
:1069F000994694F8300001280BD0012684F83060C5
:106A000094F831000027012805D0022084F8307066
:106A1000B7E70220B5E76763022084F831004B46F0
:106A200000220121204654F465F2F8B9222084F8AE
:106A30003100C4F82480E869A062E869E062206857
:106A4000D0F8181441F00101C0F818142946204666
:106A500054F49BF14A464146204600F012F8216862
:106A6000D1F8182422F00102C1F8182484F831600A
:106A7000CCE7D0F8102422F070020A43C0F81024AA
:106A800070472DE9F04704460068924600F204483A
:106A900000F5806700F21446D0F870940D46301F60
:106AA000016821F00801016021680120C1F870042B
:106AB00070212068FFF7DDFFA06A8008E0624FF0D8
:106AC000FF3319E004C500A0E06A102801D91022A4
:106AD00000E0E26A104600E03B60401EFCD2114636
:106AE00005E030688006FCD4D8F8000001C5491ED6
:106AF000F7D2E06A801AE062E06A0028E4D110214F
:106B00002068FFF7B6FF2168C1F87094534620460D
:106B1000BDE8F0470022012154F4ECB170B5044601
:106B20000D46A84E2868012852D004F58264E06A18
:106B300020F00100E062A868D4F8F01721F0FF010E
:106B40000143C4F8F017D4F8F40720F00100C4F8AA
:106B5000F407D4F8F40720F01E0040F00200C4F857
:106B6000F407A869D4F8F41721F0200141EA401095
:106B7000C4F8F4076869D4F8F41721F0400141EA39
:106B80008010C4F8F407D4F8F40740F48070C4F817
:106B9000F407D4F8F80720F0FF0040F03300C4F801
:106BA000F807206840F0700020600020E064206852
:106BB00040F008002060A4F58264A8686B2864D0C7
:106BC00057DC03285AD00B285FD03B286ED15CE0FD
:106BD000D4F8100C00F0010070B1204600F0E4F889
:106BE000D4F80C0C20F00100C4F80C0CD4F8100CF4
:106BF00000F001000028F9D104F20C44206820F4D0
:106C0000404040F480402060206820F440502060E4
:106C10006869216821F0100141EA00102060A8692C
:106C2000216821F0080141EAC0002060286921683C
:106C300021F0040101432160206840F00100206040
:106C4000606840F080006060E868616821F0700171
:106C50000143616001202065606840F008006060C9
:106C6000606840F003006060606920F0FF006061D0
:106C700094E0BB2802D0EB2818D10FE0D4F8080C20
:106C800020F47060C4F8080C10E0D4F8080C20F46C
:106C9000706040F48070C4F8080C07E0D4F8080C69
:106CA00020F4706040F40070C4F8080C204600F036
:106CB0007BF86868012865D13068C0F340523068BD
:106CC00020F400103060206800F4F063206820F4A5
:106CD000F0602060206840F008002060206840F0EC
:106CE00010002060606820F00F006060606840F075
:106CF000100060603448017819B9206840F0020043
:106D0000206000BF00BF00BF00BF00BF00BF00BFCA
:106D100000BF00BF00BF00BF00BF00BF00BF00BF7B
:106D200000BF00BF00BF00BF00BF00BF00BF00BF6B
:106D300000BF00BF00BF00BF00BF206900F001001E
:106D40000028FAD1206820F00800206019B92068D6
:106D500020F002002060206820F00100206000BFC9
:106D600000BF00BF00BF00BF00BF00BF00BF00BF2B
:106D7000206820F4F060184320601AB1306840F4B5
:106D800000103060D4F80C0C40F00100C4F80C0C7A
:106D9000D4F8100C00F001000028F9D0306840F061
:106DA00020003060012070BD016841F001010160E8
:106DB00000BF00BF00BF00BF00BF00BF00BF00BFDB
:106DC00000BF704704C500A088910030FEF7129CF8
:106DD00015F4FCB418F4BAB704F45AB313F496B526
:106DE00013F4B2B511F4EDB10FF4BEB111F4FCB16E
:106DF00013F499B519F498B119F4DCB119F459B137
:106E0000FFF79C9E00F46CB200F454B703F4D4B6C0
:106E100001F4D4B003F4B4B70CF47AB400F468B657
:106E200000F4E2B600F4B0B201F49DB501F43EB551
:106E30000FF48EB610F4E6B00AF480B708F430B45C
:106E400008F4BAB409F462B10BF432B10AF450B6E2
:106E500009F434B609F42AB607F45EB40AF463B14F
:106E60000AF426B20AF44CB208F402B409F49AB750
:106E700008F41EB40AF47CB00AF44CB103F477B6FB
:106E800009F4A0B5FFF74A9E0AF456B0FFF7499AF5
:106E9000FFF7EC990DF446B60AF464B20CF4B8B4FA
:106EA0000CF4EEB403F42CB70DF41AB10FF468B17E
:106EB0000FF4DEB010F4CCB511F48CB111F452B172
:106EC00011F47DB117F4A6B013F44CB413F4D8B494
:106ED00013F4EEB415F4CEB315F48CB319F492B0E8
:106EE00018F444B618F430B710F420B006F47CB5AA
:106EF00007F456B307F467B309F4B4B408F4E4B480
:106F000003F444B3FEF78C9B06F448B506F4BAB616
:106F100002F474B1FEF79C9B08F448B5FEF74C9D53
:106F200002F4F2B204F4E2B103F4C2B403F484B3A1
:106F300002F494B103F442B7FCF7B89907F43CB6F5
:106F400007F4FCB207F446B010F4D4B219F492B0CE
:106F500043F2CD5CC3F2000C6047000001A104F8CD
:106F600090D003135D2014014F2215010141801AB6
:106F70004D0813FF211401C9370210011A15201AF8
:106F80004B20411A51085A530C0198131D4D1401FE
:106F9000814E1B01E1041E9C190201AC041AA404D9
:106FA0001A940441143542071008390A0101E10915
:106FB000071301F615016D1F0713CFFC1501091DFD
:106FC000051008618401013132021008616001017D
:106FD000A961071008114A01017D2E031008E95428
:106FE00001013D49011008A5180101B591031008E0
:106FF0003961010195A70310086D6801016D9A04BC
:107000001BF17F10139C041008D5800101D9AE0339
:107010002ABD18135E041008E9730101C918041B86
:10702000F971481BB60499160101A15D041A99185B
:10703000149D67031F815F0101016830190814A1C5
:1070400098031A555814A17C041008657701019F14
:10705000190510086582010181B20227314801013A
:1070600051F71B31061013170713B9FA150129221E
:10707000071331FF150189AC071008A5C1010119DB
:107080001507135DF8150115AB0710080DBF0101B9
:10709000553607100821050101D5D00613D5C915AD
:1070A0000175DB061349CA150141CD061A8D10146E
:1070B0002D0D011AC5501451270110087D0B010137
:1070C000E93F011008591101011147021008253D3F
:1070D0000101F581021B3D4490134F021ADD10148B
:1070E000B583021AA9101A75101AC9101481460224
:1070F0001BD53CC813A9021A09A0147D67021BFD09
:107100003F1813A00210081D4701015D9E021AF9E5
:107110003081142151021008393E01012952021A0E
:107120007B083210138C8CA812301BD790ECE8B976
:1071300075800A4644D30102EDA610DA0310DA0284
:10714000101A0410011C13B13C1401F53A14010D7E
:107150003D79888113C0E6143080FA1430A0FE1205
:1071600030100E1F0130C0130C0448209C0280DB3D
:1071700024309C031320DF3330241A60083348077F
:10718000128D933004EB1107B81E05FFF704023887
:107190002100111E0F09476F6F6469785F554152D6
:1071A000545F4154BC601C029C290D1A0414296CC4
:1071B0003CF1F2011C320236381B0201084B1DF370
:1071C00014296B1AD81432054B59E61429344B9CF8
:1071D0001A145A5D14290C5A4C285ACD1432061A26
:1071E000081432094B25EB1429E31AA43C29145A3C
:1071F000ED1429705A14284B7DEA14290C5AB02832
:107200005AB114320A1AE01429084BA9E414320BBB
:107210005A782881320CDA6C14320D5AEC644BAD7A
:10722000E53C320E5ABCF05A15B4320F1AC83C294C
:10723000584B85EF142A1078192829784B2DF01413
:107240002A11A069B4591432125AD43C4B75E8146F
:107250002A137859B45A311432141A943C29285AF2
:10726000091432151AA81432074BE9E91432165AD8
:107270008C144B7DEE1432175A8078813218DA90D4
:10728000F032195A8478812A1AF059A081321B5A97
:1072900074DC4B01F264321C1AC814320D4BD1F16C
:1072A00014321DCB541C64321E5AF83C81321F1A12
:1072B00028142A055059B42A2028197832064BB5CB
:1072C000ED1432211A442832045A99F032225A5CC1
:1072D000144B95EC142A234059505A492832245A09
:1072E00030144B99E7143A25CD49645A4514322697
:1072F0005A6C144B4DEF142A27C8191432074BCD82
:10730000F01432285A64144B81F21432291A60B4F2
:1073100032084B15E314322A5AA0A04B49EA140252
:107320005317144808FB2AFF01011F12042AF48492
:107330001247022C8029BE32105A0C0812081390F2
:10734000E61010B0630201011F040101EB0301010B
:1073500077FD1401D5F7140101F81B0193141A7974
:107360000C1ACB081AF1041A9F0C1ECD050101A1BD
:1073700004170506010147FA1401FDFE1B0121084F
:107380001A35301AB1401361FC1B0199041A7F149D
:107390001A75101A2D5C1A5B3C18167D150101A593
:1073A000170101C51B0101991A01016D1801013571
:1073B000041A0B101AFD041AD1141A4308811EE195
:1073C000530101A7041A75041E495401017B041AD4
:1073D000B7041A1704136DA31401AC911430109262
:1073E0001B3018041A70041ED1BE010195041E73CF
:1073F000C10101410413E1CC794C1B011E6C19043D
:107400001ECD1D01019B041A1D048B09992009261C
:1074100094811E5F3501015D04180E7D2E0101DD92
:10742000330101AF3A0101AD041F253C0101F53BD9
:1074300080190C1E99390101F1041AC504219264C6
:107440001B101F102008030F03030501151A409D90
:107450001208321A29045AFF04C1091214C12F68F4
:1074600001A4012003A3125A23401F4BA00F143C78
:10747000DE03021E095A14097278412A07770114A3
:107480002240230127293223D1963204237D9132D1
:107490000623F98E320823F59C321023C59A320A4E
:1074A00023B1A0320C239199320E13C96C330152CF
:1074B0002369A32A1238190832D223D9A4321623F9
:1074C0006D97321843E98C1AFF710136199F912983
:1074D000D829E033803E3AFA56511304C513A0046C
:1074E0001C01A010041A28041A30041A20041B04DA
:1074F000101419041A28041A30042A200C1A200C1B
:1075000019041A20041340E21BA044041A48041A68
:107510004C041A90041A94041A80041AA0041AA4A1
:10752000041AA8041AAC041AB0041112D01BA0103B
:10753000081A08041A18041A50781A3C041A40044D
:107540001AC0101A20041A24042AC42012ED1BE0C9
:107550001C041A20041112E41BE004041A08041A83
:107560000C041A10041A14041A18041A1C042A20F1
:10757000182928011700000000000000000000008A
:1075800000000000000000000000000000000000FB
:1075900000000000000000000000000000000000EB
:1075A00000000000000000000000000000000000DB
:1075B000000000000000000010480068C0F3C03068
:1075C000002802D10E48007808B100207047012041
:1075D000704710B5012000F06FFAFFF7EDFF48B1DA
:1075E00000F06FFA044600F071FA2046BDE8104042
:1075F00000F071BABDE8104000F004B840C500A02A
:107600001C95003010B5EFF31081012080F3108835
:10761000F6480268C2F3C032002A17D0F34A343267
:107620001268C2F38A22F14B30331B68F04C246895
:107630002244521C9A4209D2EC4A3C3A1368C3F3E2
:1076400080531BB9136843F48003136081F31088DF
:107650000168C1F3C0310029FAD1192000F040FAC5
:1076600008B100F042FA012010BDE049E14A1431AE
:10767000904204D9086820F48010086070470868B8
:1076800040F48010086070472DE9FF474FF0020971
:1076900000200390D84806684768D0F808A04FF04B
:1076A000FF34029401940094DFF85083D44DD8F84D
:1076B0000400000126D501A9002000F01BFA69464C
:1076C000A00700F017FADDE90010884202D8081A76
:1076D000019001E0C043019003A9019800F00FFA66
:1076E0000190A04200D20446504507D2296809B152
:1076F00004208847012004B0BDE8F087296809B15B
:1077000005208847D8F80400C0011BD5BD48007883
:10771000C0B902A94FF0004000F0ECF903A90298AB
:1077200000F0EDF90290A04200D20446B04205D22A
:10773000296809B1042088470120DCE7296809B1DC
:1077400005208847D8F8040040010ED500F0DCF988
:107750004100A14200D321460C46B84205D2296817
:1077600009B1062088470120C5E71A2000F0B8F9C2
:1077700038B9212000F0B4F918B9192000F0B0F997
:1077800008B10120B7E72046FFF76FFF4846B2E790
:1077900070B59D480068804702281CD1012000F088
:1077A000B8F900F0BBF999480068804798484068EC
:1077B00000B18047FFF768FF964E02280CD0306872
:1077C000804700F0B0F900F0B3F900F0B6F90020FE
:1077D00000F09FF9012070BD4FF48A24606841F6E3
:1077E000A865A84202D08C4800F0ACF900F0AFF9CF
:1077F0006068A84202D0884800F0AEF9306880473F
:1078000000F091F900F094F900F097F9002000F0F1
:1078100080F91B2000F064F930B374483C380068EC
:10782000C0F3001010B1202000F09BF96F4C241D14
:10783000206840F25F11084040070DD520686B4971
:107840001831096801EA104074490870FF2000F0FF
:1078500088F96FF0040020602068C0F3001018B1B0
:107860006F494FF000600860002070BD2DED048B63
:10787000044600F07BF96548006880475B48203883
:10788000016841F080010160016821F478410160E4
:10789000564D3C3D286820F074502860002C4AD09A
:1078A000286840F08070286000F065F90128FBD05E
:1078B000132000F065F900F068F900F06BF90F464D
:1078C00006469FED589B53EC192B00F068F941ECEC
:1078D000100B53EC102B9FED550B51EC100B00F0DF
:1078E0005EF900F061F9844200D90446204600F0B8
:1078F00051F947EC106B41EC180B53EC192B51EC80
:10790000100B00F04CF953EC182B00F052F900F07A
:107910004BF936495031086000F02DF90128FBD0B1
:10792000022000F02DF900F026F90128FBD01020EC
:1079300000F026F906E000F01EF90128FBD0132024
:1079400000F01EF929481C38016821F4000101608B
:10795000286820F4DE5040F4DE51296040F4407085
:10796000286034494878C0F3C000898B1F4DA1F5C9
:107970008E421435443A05D120B1286840F4800085
:10798000286003E0286820F480002860174800245D
:1079900024300460154928482831086013483830DD
:1079A00004601248203001686FF30F010160016824
:1079B0004FF2751211430160174800F0C3F82868B0
:1079C00020F080702860286840F000702860074D23
:1079D0002D1D2C6000F0CFF80128FBD0032000F013
:1079E000CFF800F0C8F80128FBD0F2E740C500A0AE
:1079F00000E200A000093D00B0268000BC26800007
:107A0000842680007426800080248000409300300B
:107A10008091003044930030641F80005C910030FE
:107A200000E100E00000000000408F400000E0FFA7
:107A3000FFFFEF4112328000AAAA2A2270B500F09F
:107A4000BDF81A490120087000F0BDF800F08EF86A
:107A5000054600F0BDF8164C02280AD000F0B8F830
:107A6000012801D1206880472846BDE8704000F019
:107A7000B4B800F0B7F858B10E490398086000F0A8
:107A8000B6F801280BD02846BDE8704000F0A5B834
:107A9000206880472846BDE8704000F09EB8206806
:107AA00080472846BDE8704000F097B880910030CC
:107AB000A8268000AC26800043F6BB0CC0F2001C58
:107AC000604740F2ED2CC0F2070C60474EF2A11C5B
:107AD000C0F2060C604740F2812CC0F2070C6047F0
:107AE00043F69B1CC0F2001C604743F2D17CC0F2FD
:107AF000060C604744F2714CC0F2800C60474BF6B4
:107B0000496CC0F2070C604747F6D51CC0F2800CE8
:107B1000604748F6D55CC0F2070C604747F6090C91
:107B2000C0F2800C604744F61B6CC0F2800C6047CA
:107B300044F6015CC0F2800C604747F62F0CC0F29F
:107B4000800C604747F2B33CC0F2800C60474DF6B2
:107B5000057CC0F2010C604747F2154CC0F2800C66
:107B6000604744F27F7CC0F2800C604748F6414C8D
:107B7000C0F2070C604744F2997CC0F2800C604769
:107B800044F26D7CC0F2800C604743F6111CC0F2D9
:107B9000011C604742F63B4CC0F2001C604742F6B5
:107BA0003B3CC0F2001C604742F6D74CC0F2001CC0
:107BB000604742F6572CC0F2001C604742F6C95C91
:107BC000C0F2060C604745F2BD0CC0F2800C604765
:107BD00048F6594CC0F2070C604748F6ED7CC0F2FD
:107BE000070C604748F6251CC0F2070C604749F6B1
:087BF000357CC0F2070C604770
:040000050100204195
:00000001FF
